path	face_index	family	subfamily	full	postscript	typo_family	typo_subfamily	version_name	font_revision	weight	width	italic	axes	glyphs	arabic	arabic_supp_exta	persian	arabic_pf	latin_ext	greek	cyrillic	gsub_features	gpos_features	format	outlines	bytes	dataless	designer	manufacturer	vendor_id	license_url	error
/Library/Fonts/SF-Arabic-Rounded.ttf	0	SF Arabic Rounded	Regular	SF Arabic Rounded	SFArabicRounded-Regular	SF Arabic Rounded		Version 20.0d1e1	2.000	400	5	0	wght[1..400..1000];opsz[17..28..80]	1693	255	113	pe,che,zhe,keheh,gaf,farsi-yeh	329	0	0	0	dlig,calt,tnum,pnum,init,medi,fina,rlig,frac,sups,subs,case,aalt,locl,numr,dnom,ccmp,ss01,ss02,ss03,ss06,cv01,cv02,cv03	kern,mark,mkmk	ttf	glyf	879964	no	Apple Inc.	Apple Inc.	APPL	http://www.apple.com/	
/Library/Fonts/SF-Arabic.ttf	0	SF Arabic	Regular	SF Arabic	SFArabic-Regular	SF Arabic		Version 20.0d1e2	2.000	400	5	0	wght[1..400..1000];opsz[17..28..80]	1720	255	113	pe,che,zhe,keheh,gaf,farsi-yeh	329	0	0	0	dlig,calt,tnum,pnum,init,medi,fina,rlig,frac,sups,subs,case,aalt,locl,numr,dnom,ccmp,ss01,ss02,ss03,ss04,ss06,cv01,cv02,cv03	kern,mark,mkmk	ttf	glyf	856320	no	Apple Inc.	Apple Inc.	APPL	http://www.apple.com/	
/Library/Fonts/SF-Compact-Display-Black.otf	0	SF Compact Display	Black	SF Compact Display Black	SFCompactDisplay-Black	SF Compact Display	Black	Version 22.0d4e4	1.000	900	5	0		35135	0	0		0	227	73	220	liga,calt,smcp,c2sc,tnum,pnum,frac,sups,subs,case,locl,numr,dnom,ss01,ss02,ss03,ss05,ss06,ss07,ss12,ss13,ss14,ss15,ss16,ss17,cv01,cv02,cv03	kern	otf	CFF	6173856	no	Apple Inc.	Apple Inc.	APPL		
/Library/Fonts/SF-Compact-Display-Bold.otf	0	SF Compact Display	Bold	SF Compact Display Bold	SFCompactDisplay-Bold	SF Compact Display	Bold	Version 22.0d4e4	1.000	700	5	0		35135	0	0		0	227	73	220	liga,calt,smcp,c2sc,tnum,pnum,frac,sups,subs,case,locl,numr,dnom,ss01,ss02,ss03,ss05,ss06,ss07,ss12,ss13,ss14,ss15,ss16,ss17,cv01,cv02,cv03	kern	otf	CFF	6343172	no	Apple Inc.	Apple Inc.	APPL		
/Library/Fonts/SF-Compact-Display-Heavy.otf	0	SF Compact Display	Heavy	SF Compact Display Heavy	SFCompactDisplay-Heavy	SF Compact Display	Heavy	Version 22.0d4e4	1.000	900	5	0		35135	0	0		0	227	73	220	liga,calt,smcp,c2sc,tnum,pnum,frac,sups,subs,case,locl,numr,dnom,ss01,ss02,ss03,ss05,ss06,ss07,ss12,ss13,ss14,ss15,ss16,ss17,cv01,cv02,cv03	kern	otf	CFF	6290376	no	Apple Inc.	Apple Inc.	APPL		
/Library/Fonts/SF-Compact-Display-Light.otf	0	SF Compact Display	Light	SF Compact Display Light	SFCompactDisplay-Light	SF Compact Display	Light	Version 22.0d4e4	1.000	300	5	0		35135	0	0		0	227	73	220	liga,calt,smcp,c2sc,tnum,pnum,frac,sups,subs,case,locl,numr,dnom,ss01,ss02,ss03,ss05,ss06,ss07,ss12,ss13,ss14,ss15,ss16,ss17,cv01,cv02,cv03	kern	otf	CFF	6311216	no	Apple Inc.	Apple Inc.	APPL		
/Library/Fonts/SF-Compact-Display-Medium.otf	0	SF Compact Display	Medium	SF Compact Display Medium	SFCompactDisplay-Medium	SF Compact Display	Medium	Version 22.0d4e4	1.000	500	5	0		35135	0	0		0	227	73	220	liga,calt,smcp,c2sc,tnum,pnum,frac,sups,subs,case,locl,numr,dnom,ss01,ss02,ss03,ss05,ss06,ss07,ss12,ss13,ss14,ss15,ss16,ss17,cv01,cv02,cv03	kern	otf	CFF	6337696	no	Apple Inc.	Apple Inc.	APPL		
/Library/Fonts/SF-Compact-Display-Regular.otf	0	SF Compact Display	Regular	SF Compact Display Regular	SFCompactDisplay-Regular	SF Compact Display	Regular	Version 22.0d4e4	1.000	400	5	0		35135	0	0		0	227	73	220	liga,calt,smcp,c2sc,tnum,pnum,frac,sups,subs,case,locl,numr,dnom,ss01,ss02,ss03,ss05,ss06,ss07,ss12,ss13,ss14,ss15,ss16,ss17,cv01,cv02,cv03	kern	otf	CFF	6283576	no	Apple Inc.	Apple Inc.	APPL		
/Library/Fonts/SF-Compact-Display-Semibold.otf	0	SF Compact Display	Semibold	SF Compact Display Semibold	SFCompactDisplay-Semibold	SF Compact Display	Semibold	Version 22.0d4e4	1.000	600	5	0		35135	0	0		0	227	73	220	liga,calt,smcp,c2sc,tnum,pnum,frac,sups,subs,case,locl,numr,dnom,ss01,ss02,ss03,ss05,ss06,ss07,ss12,ss13,ss14,ss15,ss16,ss17,cv01,cv02,cv03	kern	otf	CFF	6347868	no	Apple Inc.	Apple Inc.	APPL		
/Library/Fonts/SF-Compact-Display-Thin.otf	0	SF Compact Display	Thin	SF Compact Display Thin	SFCompactDisplay-Thin	SF Compact Display	Thin	Version 22.0d4e4	1.000	300	5	0		35135	0	0		0	227	73	220	liga,calt,smcp,c2sc,tnum,pnum,frac,sups,subs,case,locl,numr,dnom,ss01,ss02,ss03,ss05,ss06,ss07,ss12,ss13,ss14,ss15,ss16,ss17,cv01,cv02,cv03	kern	otf	CFF	6274072	no	Apple Inc.	Apple Inc.	APPL		
/Library/Fonts/SF-Compact-Display-Ultralight.otf	0	SF Compact Display	Ultralight	SF Compact Display Ultralight	SFCompactDisplay-Ultralight	SF Compact Display	Ultralight	Version 22.0d4e4	1.000	100	5	0		35135	0	0		0	227	73	220	liga,calt,smcp,c2sc,tnum,pnum,frac,sups,subs,case,locl,numr,dnom,ss01,ss02,ss03,ss05,ss06,ss07,ss12,ss13,ss14,ss15,ss16,ss17,cv01,cv02,cv03	kern	otf	CFF	6196152	no	Apple Inc.	Apple Inc.	APPL		
/Library/Fonts/SF-Compact-Italic.ttf	0	SF Compact	Black Italic	SF Compact	SFCompact-BlackItalic		Black Italic	Version 22.0d4e4	1.000	1000	5	1	opsz[19..19..19];wght[1..1000..1000]	34462	0	0		0	227	73	220	liga,calt,tnum,pnum,frac,sups,subs,case,locl,ss01,ss02,ss03,ss06,ss07,ss12,ss13,ss14,ss15,ss16,ss17,cv01,cv02,cv03	kern	ttf	glyf	18905496	no	Apple Inc.	Apple Inc.	APPL	http://www.apple.com/	
/Library/Fonts/SF-Compact-Rounded-Black.otf	0	SF Compact Rounded	Black	SF Compact Rounded Black	SFCompactRounded-Black	SF Compact Rounded	Black	Version 22.0d4e4	1.000	900	5	0		35130	0	0		0	225	73	220	liga,calt,smcp,c2sc,tnum,pnum,frac,sups,subs,case,locl,numr,dnom,ss01,ss02,ss03,ss05,ss06,ss07,ss12,ss13,ss14,ss15,ss16,ss17,cv01,cv02,cv03	kern	otf	CFF	6197876	no	Apple Inc.	Apple Inc.	APPL		
/Library/Fonts/SF-Compact-Rounded-Bold.otf	0	SF Compact Rounded	Bold	SF Compact Rounded Bold	SFCompactRounded-Bold	SF Compact Rounded	Bold	Version 22.0d4e4	1.000	700	5	0		35130	0	0		0	225	73	220	liga,calt,smcp,c2sc,tnum,pnum,frac,sups,subs,case,locl,numr,dnom,ss01,ss02,ss03,ss05,ss06,ss07,ss12,ss13,ss14,ss15,ss16,ss17,cv01,cv02,cv03	kern	otf	CFF	6380812	no	Apple Inc.	Apple Inc.	APPL		
/Library/Fonts/SF-Compact-Rounded-Heavy.otf	0	SF Compact Rounded	Heavy	SF Compact Rounded Heavy	SFCompactRounded-Heavy	SF Compact Rounded	Heavy	Version 22.0d4e4	1.000	800	5	0		35130	0	0		0	225	73	220	liga,calt,smcp,c2sc,tnum,pnum,frac,sups,subs,case,locl,numr,dnom,ss01,ss02,ss03,ss05,ss06,ss07,ss12,ss13,ss14,ss15,ss16,ss17,cv01,cv02,cv03	kern	otf	CFF	6332852	no	Apple Inc.	Apple Inc.	APPL		
/Library/Fonts/SF-Compact-Rounded-Light.otf	0	SF Compact Rounded	Light	SF Compact Rounded Light	SFCompactRounded-Light	SF Compact Rounded	Light	Version 22.0d4e4	1.000	300	5	0		35130	0	0		0	225	73	220	liga,calt,smcp,c2sc,tnum,pnum,frac,sups,subs,case,locl,numr,dnom,ss01,ss02,ss03,ss05,ss06,ss07,ss12,ss13,ss14,ss15,ss16,ss17,cv01,cv02,cv03	kern	otf	CFF	6353752	no	Apple Inc.	Apple Inc.	APPL		
/Library/Fonts/SF-Compact-Rounded-Medium.otf	0	SF Compact Rounded	Medium	SF Compact Rounded Medium	SFCompactRounded-Medium	SF Compact Rounded	Medium	Version 22.0d4e4	1.000	500	5	0		35130	0	0		0	225	73	220	liga,calt,smcp,c2sc,tnum,pnum,frac,sups,subs,case,locl,numr,dnom,ss01,ss02,ss03,ss05,ss06,ss07,ss12,ss13,ss14,ss15,ss16,ss17,cv01,cv02,cv03	kern	otf	CFF	6378868	no	Apple Inc.	Apple Inc.	APPL		
/Library/Fonts/SF-Compact-Rounded-Regular.otf	0	SF Compact Rounded	Regular	SF Compact Rounded Regular	SFCompactRounded-Regular	SF Compact Rounded	Regular	Version 22.0d4e4	1.000	400	5	0		35130	0	0		0	225	73	220	liga,calt,smcp,c2sc,tnum,pnum,frac,sups,subs,case,locl,numr,dnom,ss01,ss02,ss03,ss05,ss06,ss07,ss12,ss13,ss14,ss15,ss16,ss17,cv01,cv02,cv03	kern	otf	CFF	6331860	no	Apple Inc.	Apple Inc.	APPL		
/Library/Fonts/SF-Compact-Rounded-Semibold.otf	0	SF Compact Rounded	Semibold	SF Compact Rounded Semibold	SFCompactRounded-Semibold	SF Compact Rounded	Semibold	Version 22.0d4e4	1.000	600	5	0		35130	0	0		0	225	73	220	liga,calt,smcp,c2sc,tnum,pnum,frac,sups,subs,case,locl,numr,dnom,ss01,ss02,ss03,ss05,ss06,ss07,ss12,ss13,ss14,ss15,ss16,ss17,cv01,cv02,cv03	kern	otf	CFF	6386336	no	Apple Inc.	Apple Inc.	APPL		
/Library/Fonts/SF-Compact-Rounded-Thin.otf	0	SF Compact Rounded	Thin	SF Compact Rounded Thin	SFCompactRounded-Thin	SF Compact Rounded	Thin	Version 22.0d4e4	1.000	200	5	0		35130	0	0		0	225	73	220	liga,calt,smcp,c2sc,tnum,pnum,frac,sups,subs,case,locl,numr,dnom,ss01,ss02,ss03,ss05,ss06,ss07,ss12,ss13,ss14,ss15,ss16,ss17,cv01,cv02,cv03	kern	otf	CFF	6319660	no	Apple Inc.	Apple Inc.	APPL		
/Library/Fonts/SF-Compact-Rounded-Ultralight.otf	0	SF Compact Rounded	Ultralight	SF Compact Rounded Ultralight	SFCompactRounded-Ultralight	SF Compact Rounded	Ultralight	Version 22.0d4e4	1.000	100	5	0		35130	0	0		0	225	73	220	liga,calt,smcp,c2sc,tnum,pnum,frac,sups,subs,case,locl,numr,dnom,ss01,ss02,ss03,ss05,ss06,ss07,ss12,ss13,ss14,ss15,ss16,ss17,cv01,cv02,cv03	kern	otf	CFF	6243492	no	Apple Inc.	Apple Inc.	APPL		
/Library/Fonts/SF-Compact-Text-Black.otf	0	SF Compact Text	Black	SF Compact Text Black	SFCompactText-Black	SF Compact Text	Black	Version 22.0d4e4	1.000	900	5	0		35135	0	0		0	227	73	220	liga,calt,smcp,c2sc,tnum,pnum,frac,sups,subs,case,locl,numr,dnom,ss01,ss02,ss03,ss05,ss06,ss07,ss12,ss13,ss14,ss15,ss16,ss17,cv01,cv02,cv03	kern	otf	CFF	6174240	no	Apple Inc.	Apple Inc.	APPL		
/Library/Fonts/SF-Compact-Text-BlackItalic.otf	0	SF Compact Text	Black Italic	SF Compact Text Black Italic	SFCompactText-BlackItalic	SF Compact Text	Black Italic	Version 22.0d4e4	1.000	900	5	1		34438	0	0		0	227	73	220	liga,calt,tnum,pnum,frac,sups,subs,case,locl,ss01,ss02,ss03,ss06,ss07,ss12,ss13,ss14,ss15,ss16,ss17,cv01,cv02,cv03	kern	otf	CFF	6049948	no	Apple Inc.	Apple Inc.	APPL		
/Library/Fonts/SF-Compact-Text-Bold.otf	0	SF Compact Text	Bold	SF Compact Text Bold	SFCompactText-Bold	SF Compact Text	Bold	Version 22.0d4e4	1.000	700	5	0		35135	0	0		0	227	73	220	liga,calt,smcp,c2sc,tnum,pnum,frac,sups,subs,case,locl,numr,dnom,ss01,ss02,ss03,ss05,ss06,ss07,ss12,ss13,ss14,ss15,ss16,ss17,cv01,cv02,cv03	kern	otf	CFF	6332184	no	Apple Inc.	Apple Inc.	APPL		
/Library/Fonts/SF-Compact-Text-BoldItalic.otf	0	SF Compact Text	Bold Italic	SF Compact Text Bold Italic	SFCompactText-BoldItalic	SF Compact Text	Bold Italic	Version 22.0d4e4	1.000	700	5	1		34438	0	0		0	227	73	220	liga,calt,tnum,pnum,frac,sups,subs,case,locl,ss01,ss02,ss03,ss06,ss07,ss12,ss13,ss14,ss15,ss16,ss17,cv01,cv02,cv03	kern	otf	CFF	6233404	no	Apple Inc.	Apple Inc.	APPL		
/Library/Fonts/SF-Compact-Text-Heavy.otf	0	SF Compact Text	Heavy	SF Compact Text Heavy	SFCompactText-Heavy	SF Compact Text	Heavy	Version 22.0d4e4	1.000	900	5	0		35135	0	0		0	227	73	220	liga,calt,smcp,c2sc,tnum,pnum,frac,sups,subs,case,locl,numr,dnom,ss01,ss02,ss03,ss05,ss06,ss07,ss12,ss13,ss14,ss15,ss16,ss17,cv01,cv02,cv03	kern	otf	CFF	6290288	no	Apple Inc.	Apple Inc.	APPL		
/Library/Fonts/SF-Compact-Text-HeavyItalic.otf	0	SF Compact Text	Heavy Italic	SF Compact Text Heavy Italic	SFCompactText-HeavyItalic	SF Compact Text	Heavy Italic	Version 22.0d4e4	1.000	900	5	1		34438	0	0		0	227	73	220	liga,calt,tnum,pnum,frac,sups,subs,case,locl,ss01,ss02,ss03,ss06,ss07,ss12,ss13,ss14,ss15,ss16,ss17,cv01,cv02,cv03	kern	otf	CFF	6192912	no	Apple Inc.	Apple Inc.	APPL		
/Library/Fonts/SF-Compact-Text-Light.otf	0	SF Compact Text	Light	SF Compact Text Light	SFCompactText-Light	SF Compact Text	Light	Version 22.0d4e4	1.000	400	5	0		35135	0	0		0	227	73	220	liga,calt,smcp,c2sc,tnum,pnum,frac,sups,subs,case,locl,numr,dnom,ss01,ss02,ss03,ss05,ss06,ss07,ss12,ss13,ss14,ss15,ss16,ss17,cv01,cv02,cv03	kern	otf	CFF	6255596	no	Apple Inc.	Apple Inc.	APPL		
/Library/Fonts/SF-Compact-Text-LightItalic.otf	0	SF Compact Text	Light Italic	SF Compact Text Light Italic	SFCompactText-LightItalic	SF Compact Text	Light Italic	Version 22.0d4e4	1.000	400	5	1		34438	0	0		0	227	73	220	liga,calt,tnum,pnum,frac,sups,subs,case,locl,ss01,ss02,ss03,ss06,ss07,ss12,ss13,ss14,ss15,ss16,ss17,cv01,cv02,cv03	kern	otf	CFF	6163872	no	Apple Inc.	Apple Inc.	APPL		
/Library/Fonts/SF-Compact-Text-Medium.otf	0	SF Compact Text	Medium	SF Compact Text Medium	SFCompactText-Medium	SF Compact Text	Medium	Version 22.0d4e4	1.000	500	5	0		35135	0	0		0	227	73	220	liga,calt,smcp,c2sc,tnum,pnum,frac,sups,subs,case,locl,numr,dnom,ss01,ss02,ss03,ss05,ss06,ss07,ss12,ss13,ss14,ss15,ss16,ss17,cv01,cv02,cv03	kern	otf	CFF	6336972	no	Apple Inc.	Apple Inc.	APPL		
/Library/Fonts/SF-Compact-Text-MediumItalic.otf	0	SF Compact Text	Medium Italic	SF Compact Text Medium Italic	SFCompactText-MediumItalic	SF Compact Text	Medium Italic	Version 22.0d4e4	1.000	500	5	1		34438	0	0		0	227	73	220	liga,calt,tnum,pnum,frac,sups,subs,case,locl,ss01,ss02,ss03,ss06,ss07,ss12,ss13,ss14,ss15,ss16,ss17,cv01,cv02,cv03	kern	otf	CFF	6233184	no	Apple Inc.	Apple Inc.	APPL		
/Library/Fonts/SF-Compact-Text-Regular.otf	0	SF Compact Text	Regular	SF Compact Text Regular	SFCompactText-Regular	SF Compact Text	Regular	Version 22.0d4e4	1.000	400	5	0		35135	0	0		0	227	73	220	liga,calt,smcp,c2sc,tnum,pnum,frac,sups,subs,case,locl,numr,dnom,ss01,ss02,ss03,ss05,ss06,ss07,ss12,ss13,ss14,ss15,ss16,ss17,cv01,cv02,cv03	kern	otf	CFF	6319380	no	Apple Inc.	Apple Inc.	APPL		
/Library/Fonts/SF-Compact-Text-RegularItalic.otf	0	SF Compact Text	Italic	SF Compact Text Italic	SFCompactText-Italic	SF Compact Text	Italic	Version 22.0d4e4	1.000	400	5	1		34438	0	0		0	227	73	220	liga,calt,tnum,pnum,frac,sups,subs,case,locl,ss01,ss02,ss03,ss06,ss07,ss12,ss13,ss14,ss15,ss16,ss17,cv01,cv02,cv03	kern	otf	CFF	6226996	no	Apple Inc.	Apple Inc.	APPL		
/Library/Fonts/SF-Compact-Text-Semibold.otf	0	SF Compact Text	Semibold	SF Compact Text Semibold	SFCompactText-Semibold	SF Compact Text	Semibold	Version 22.0d4e4	1.000	600	5	0		35135	0	0		0	227	73	220	liga,calt,smcp,c2sc,tnum,pnum,frac,sups,subs,case,locl,numr,dnom,ss01,ss02,ss03,ss05,ss06,ss07,ss12,ss13,ss14,ss15,ss16,ss17,cv01,cv02,cv03	kern	otf	CFF	6339176	no	Apple Inc.	Apple Inc.	APPL		
/Library/Fonts/SF-Compact-Text-SemiboldItalic.otf	0	SF Compact Text	Semibold Italic	SF Compact Text Semibold Italic	SFCompactText-SemiboldItalic	SF Compact Text	Semibold Italic	Version 22.0d4e4	1.000	600	5	1		34438	0	0		0	227	73	220	liga,calt,tnum,pnum,frac,sups,subs,case,locl,ss01,ss02,ss03,ss06,ss07,ss12,ss13,ss14,ss15,ss16,ss17,cv01,cv02,cv03	kern	otf	CFF	6248488	no	Apple Inc.	Apple Inc.	APPL		
/Library/Fonts/SF-Compact-Text-Thin.otf	0	SF Compact Text	Thin	SF Compact Text Thin	SFCompactText-Thin	SF Compact Text	Thin	Version 22.0d4e4	1.000	300	5	0		35135	0	0		0	227	73	220	liga,calt,smcp,c2sc,tnum,pnum,frac,sups,subs,case,locl,numr,dnom,ss01,ss02,ss03,ss05,ss06,ss07,ss12,ss13,ss14,ss15,ss16,ss17,cv01,cv02,cv03	kern	otf	CFF	6245316	no	Apple Inc.	Apple Inc.	APPL		
/Library/Fonts/SF-Compact-Text-ThinItalic.otf	0	SF Compact Text	Thin Italic	SF Compact Text Thin Italic	SFCompactText-ThinItalic	SF Compact Text	Thin Italic	Version 22.0d4e4	1.000	300	5	1		34438	0	0		0	227	73	220	liga,calt,tnum,pnum,frac,sups,subs,case,locl,ss01,ss02,ss03,ss06,ss07,ss12,ss13,ss14,ss15,ss16,ss17,cv01,cv02,cv03	kern	otf	CFF	6153160	no	Apple Inc.	Apple Inc.	APPL		
/Library/Fonts/SF-Compact-Text-Ultralight.otf	0	SF Compact Text	Ultralight	SF Compact Text Ultralight	SFCompactText-Ultralight	SF Compact Text	Ultralight	Version 22.0d4e4	1.000	100	5	0		35135	0	0		0	227	73	220	liga,calt,smcp,c2sc,tnum,pnum,frac,sups,subs,case,locl,numr,dnom,ss01,ss02,ss03,ss05,ss06,ss07,ss12,ss13,ss14,ss15,ss16,ss17,cv01,cv02,cv03	kern	otf	CFF	6181160	no	Apple Inc.	Apple Inc.	APPL		
/Library/Fonts/SF-Compact-Text-UltralightItalic.otf	0	SF Compact Text	Ultralight Italic	SF Compact Text Ultralight Italic	SFCompactText-UltralightItalic	SF Compact Text	Ultralight Italic	Version 22.0d4e4	1.000	200	5	1		34438	0	0		0	227	73	220	liga,calt,tnum,pnum,frac,sups,subs,case,locl,ss01,ss02,ss03,ss06,ss07,ss12,ss13,ss14,ss15,ss16,ss17,cv01,cv02,cv03	kern	otf	CFF	6093528	no	Apple Inc.	Apple Inc.	APPL		
/Library/Fonts/SF-Compact.ttf	0	SF Compact	Black	SF Compact	SFCompact-Black		Black	Version 22.0d4e4	1.000	1000	5	0	opsz[19..19..20];wght[1..1000..1000]	35159	0	0		0	227	73	220	liga,calt,smcp,c2sc,tnum,pnum,frac,sups,subs,case,locl,numr,dnom,ss01,ss02,ss03,ss05,ss06,ss07,ss12,ss13,ss14,ss15,ss16,ss17,cv01,cv02,cv03	kern	ttf	glyf	19575612	no	Apple Inc.	Apple Inc.	APPL	http://www.apple.com/	
/Library/Fonts/SF-Pro-Display-Black.otf	0	SF Pro Display	Black	SF Pro Display Black	SFProDisplay-Black	SF Pro Display	Black	Version 22.0d4e4	1.000	900	5	0		35547	0	0		0	257	75	222	liga,calt,smcp,c2sc,tnum,pnum,frac,sups,subs,case,ordn,locl,numr,dnom,ccmp,ss01,ss02,ss03,ss04,ss06,ss07,ss09,ss12,ss13,ss14,ss15,ss16,ss17,cv01,cv02,cv03	kern,ss09	otf	CFF	5921232	no	Apple Inc.	Apple Inc.	APPL		
/Library/Fonts/SF-Pro-Display-BlackItalic.otf	0	SF Pro Display	Black Italic	SF Pro Display Black Italic	SFProDisplay-BlackItalic	SF Pro Display	Black Italic	Version 22.0d4e4	1.000	900	5	1		34713	0	0		0	233	73	220	liga,calt,tnum,pnum,frac,sups,subs,case,locl,numr,dnom,ccmp,ss01,ss02,ss03,ss05,ss06,ss07,ss12,ss13,ss14,ss15,ss16,ss17,cv01,cv02,cv03	kern	otf	CFF	5810048	no	Apple Inc.	Apple Inc.	APPL		
/Library/Fonts/SF-Pro-Display-Bold.otf	0	SF Pro Display	Bold	SF Pro Display Bold	SFProDisplay-Bold	SF Pro Display	Bold	Version 22.0d4e4	1.000	700	5	0		35547	0	0		0	257	75	222	liga,calt,smcp,c2sc,tnum,pnum,frac,sups,subs,case,ordn,locl,numr,dnom,ccmp,ss01,ss02,ss03,ss04,ss06,ss07,ss09,ss12,ss13,ss14,ss15,ss16,ss17,cv01,cv02,cv03	kern,ss09	otf	CFF	6378092	no	Apple Inc.	Apple Inc.	APPL		
/Library/Fonts/SF-Pro-Display-BoldItalic.otf	0	SF Pro Display	Bold Italic	SF Pro Display Bold Italic	SFProDisplay-BoldItalic	SF Pro Display	Bold Italic	Version 22.0d4e4	1.000	700	5	1		34713	0	0		0	233	73	220	liga,calt,tnum,pnum,frac,sups,subs,case,locl,numr,dnom,ccmp,ss01,ss02,ss03,ss05,ss06,ss07,ss12,ss13,ss14,ss15,ss16,ss17,cv01,cv02,cv03	kern	otf	CFF	6266516	no	Apple Inc.	Apple Inc.	APPL		
/Library/Fonts/SF-Pro-Display-Heavy.otf	0	SF Pro Display	Heavy	SF Pro Display Heavy	SFProDisplay-Heavy	SF Pro Display	Heavy	Version 22.0d4e4	1.000	800	5	0		35547	0	0		0	257	75	222	liga,calt,smcp,c2sc,tnum,pnum,frac,sups,subs,case,ordn,locl,numr,dnom,ccmp,ss01,ss02,ss03,ss04,ss06,ss07,ss09,ss12,ss13,ss14,ss15,ss16,ss17,cv01,cv02,cv03	kern,ss09	otf	CFF	6360268	no	Apple Inc.	Apple Inc.	APPL		
/Library/Fonts/SF-Pro-Display-HeavyItalic.otf	0	SF Pro Display	Heavy Italic	SF Pro Display Heavy Italic	SFProDisplay-HeavyItalic	SF Pro Display	Heavy Italic	Version 22.0d4e4	1.000	800	5	1		34713	0	0		0	233	73	220	liga,calt,tnum,pnum,frac,sups,subs,case,locl,numr,dnom,ccmp,ss01,ss02,ss03,ss05,ss06,ss07,ss12,ss13,ss14,ss15,ss16,ss17,cv01,cv02,cv03	kern	otf	CFF	6243348	no	Apple Inc.	Apple Inc.	APPL		
/Library/Fonts/SF-Pro-Display-Light.otf	0	SF Pro Display	Light	SF Pro Display Light	SFProDisplay-Light	SF Pro Display	Light	Version 22.0d4e4	1.000	300	5	0		35547	0	0		0	257	75	222	liga,calt,smcp,c2sc,tnum,pnum,frac,sups,subs,case,ordn,locl,numr,dnom,ccmp,ss01,ss02,ss03,ss04,ss06,ss07,ss09,ss12,ss13,ss14,ss15,ss16,ss17,cv01,cv02,cv03	kern,ss09	otf	CFF	6314984	no	Apple Inc.	Apple Inc.	APPL		
/Library/Fonts/SF-Pro-Display-LightItalic.otf	0	SF Pro Display	Light Italic	SF Pro Display Light Italic	SFProDisplay-LightItalic	SF Pro Display	Light Italic	Version 22.0d4e4	1.000	300	5	1		34713	0	0		0	233	73	220	liga,calt,tnum,pnum,frac,sups,subs,case,locl,numr,dnom,ccmp,ss01,ss02,ss03,ss05,ss06,ss07,ss12,ss13,ss14,ss15,ss16,ss17,cv01,cv02,cv03	kern	otf	CFF	6220864	no	Apple Inc.	Apple Inc.	APPL		
/Library/Fonts/SF-Pro-Display-Medium.otf	0	SF Pro Display	Medium	SF Pro Display Medium	SFProDisplay-Medium	SF Pro Display	Medium	Version 22.0d4e4	1.000	500	5	0		35547	0	0		0	257	75	222	liga,calt,smcp,c2sc,tnum,pnum,frac,sups,subs,case,ordn,locl,numr,dnom,ccmp,ss01,ss02,ss03,ss04,ss06,ss07,ss09,ss12,ss13,ss14,ss15,ss16,ss17,cv01,cv02,cv03	kern,ss09	otf	CFF	6344680	no	Apple Inc.	Apple Inc.	APPL		
/Library/Fonts/SF-Pro-Display-MediumItalic.otf	0	SF Pro Display	Medium Italic	SF Pro Display Medium Italic	SFProDisplay-MediumItalic	SF Pro Display	Medium Italic	Version 22.0d4e4	1.000	500	5	1		34713	0	0		0	233	73	220	liga,calt,tnum,pnum,frac,sups,subs,case,locl,numr,dnom,ccmp,ss01,ss02,ss03,ss05,ss06,ss07,ss12,ss13,ss14,ss15,ss16,ss17,cv01,cv02,cv03	kern	otf	CFF	6211856	no	Apple Inc.	Apple Inc.	APPL		
/Library/Fonts/SF-Pro-Display-Regular.otf	0	SF Pro Display	Regular	SF Pro Display Regular	SFProDisplay-Regular	SF Pro Display	Regular	Version 22.0d4e4	1.000	400	5	0		35547	0	0		0	257	75	222	liga,calt,smcp,c2sc,tnum,pnum,frac,sups,subs,case,ordn,locl,numr,dnom,ccmp,ss01,ss02,ss03,ss04,ss06,ss07,ss09,ss12,ss13,ss14,ss15,ss16,ss17,cv01,cv02,cv03	kern,ss09	otf	CFF	6182812	no	Apple Inc.	Apple Inc.	APPL		
/Library/Fonts/SF-Pro-Display-RegularItalic.otf	0	SF Pro Display	Regular Italic	SF Pro Display Regular Italic	SFProDisplay-RegularItalic	SF Pro Display	Regular Italic	Version 22.0d4e4	1.000	400	5	1		34713	0	0		0	233	73	220	liga,calt,tnum,pnum,frac,sups,subs,case,locl,numr,dnom,ccmp,ss01,ss02,ss03,ss05,ss06,ss07,ss12,ss13,ss14,ss15,ss16,ss17,cv01,cv02,cv03	kern	otf	CFF	6080056	no	Apple Inc.	Apple Inc.	APPL		
/Library/Fonts/SF-Pro-Display-Semibold.otf	0	SF Pro Display	Semibold	SF Pro Display Semibold	SFProDisplay-Semibold	SF Pro Display	Semibold	Version 22.0d4e4	1.000	600	5	0		35547	0	0		0	257	75	222	liga,calt,smcp,c2sc,tnum,pnum,frac,sups,subs,case,ordn,locl,numr,dnom,ccmp,ss01,ss02,ss03,ss04,ss06,ss07,ss09,ss12,ss13,ss14,ss15,ss16,ss17,cv01,cv02,cv03	kern,ss09	otf	CFF	6406052	no	Apple Inc.	Apple Inc.	APPL		
/Library/Fonts/SF-Pro-Display-SemiboldItalic.otf	0	SF Pro Display	Semibold Italic	SF Pro Display Semibold Italic	SFProDisplay-SemiboldItalic	SF Pro Display	Semibold Italic	Version 22.0d4e4	1.000	600	5	1		34713	0	0		0	233	73	220	liga,calt,tnum,pnum,frac,sups,subs,case,locl,numr,dnom,ccmp,ss01,ss02,ss03,ss05,ss06,ss07,ss12,ss13,ss14,ss15,ss16,ss17,cv01,cv02,cv03	kern	otf	CFF	6294840	no	Apple Inc.	Apple Inc.	APPL		
/Library/Fonts/SF-Pro-Display-Thin.otf	0	SF Pro Display	Thin	SF Pro Display Thin	SFProDisplay-Thin	SF Pro Display	Thin	Version 22.0d4e4	1.000	200	5	0		35547	0	0		0	257	75	222	liga,calt,smcp,c2sc,tnum,pnum,frac,sups,subs,case,ordn,locl,numr,dnom,ccmp,ss01,ss02,ss03,ss04,ss06,ss07,ss09,ss12,ss13,ss14,ss15,ss16,ss17,cv01,cv02,cv03	kern,ss09	otf	CFF	6244072	no	Apple Inc.	Apple Inc.	APPL		
/Library/Fonts/SF-Pro-Display-ThinItalic.otf	0	SF Pro Display	Thin Italic	SF Pro Display Thin Italic	SFProDisplay-ThinItalic	SF Pro Display	Thin Italic	Version 22.0d4e4	1.000	200	5	1		34713	0	0		0	233	73	220	liga,calt,tnum,pnum,frac,sups,subs,case,locl,numr,dnom,ccmp,ss01,ss02,ss03,ss05,ss06,ss07,ss12,ss13,ss14,ss15,ss16,ss17,cv01,cv02,cv03	kern	otf	CFF	6143448	no	Apple Inc.	Apple Inc.	APPL		
/Library/Fonts/SF-Pro-Display-Ultralight.otf	0	SF Pro Display	Ultralight	SF Pro Display Ultralight	SFProDisplay-Ultralight	SF Pro Display	Ultralight	Version 22.0d4e4	1.000	100	5	0		35547	0	0		0	257	75	222	liga,calt,smcp,c2sc,tnum,pnum,frac,sups,subs,case,ordn,locl,numr,dnom,ccmp,ss01,ss02,ss03,ss04,ss06,ss07,ss09,ss12,ss13,ss14,ss15,ss16,ss17,cv01,cv02,cv03	kern,ss09	otf	CFF	6217312	no	Apple Inc.	Apple Inc.	APPL		
/Library/Fonts/SF-Pro-Display-UltralightItalic.otf	0	SF Pro Display	Ultralight Italic	SF Pro Display Ultralight Italic	SFProDisplay-UltralightItalic	SF Pro Display	Ultralight Italic	Version 22.0d4e4	1.000	100	5	1		34713	0	0		0	233	73	220	liga,calt,tnum,pnum,frac,sups,subs,case,locl,numr,dnom,ccmp,ss01,ss02,ss03,ss05,ss06,ss07,ss12,ss13,ss14,ss15,ss16,ss17,cv01,cv02,cv03	kern	otf	CFF	6117448	no	Apple Inc.	Apple Inc.	APPL		
/Library/Fonts/SF-Pro-Italic.ttf	0	SF Pro	Regular Italic	SF Pro Italic	SFPro-RegularItalic		Regular Italic	Version 22.0d4e4	1.000	400	5	1	opsz[17..28..28];YAXS[400..400..1000];wght[1..400..1000]	34737	0	0		0	233	73	220	liga,calt,tnum,pnum,frac,sups,subs,case,locl,numr,dnom,ccmp,ss01,ss02,ss03,ss05,ss06,ss07,ss12,ss13,ss14,ss15,ss16,ss17,cv01,cv02,cv03	kern	ttf	glyf	19998192	no	Apple Inc.	Apple Inc.	APPL		
/Library/Fonts/SF-Pro-Rounded-Black.otf	0	SF Pro Rounded	Black	SF Pro Rounded Black	SFProRounded-Black	SF Pro Rounded	Black	Version 22.0d4e4	1.000	900	5	0		35396	0	0		0	237	75	220	liga,calt,smcp,c2sc,tnum,pnum,frac,sups,subs,case,locl,numr,dnom,ccmp,ss01,ss02,ss03,ss06,ss07,ss12,ss13,ss14,ss15,ss16,ss17,cv01,cv02,cv03	kern	otf	CFF	6022184	no	Apple Inc.	Apple Inc.	APPL		
/Library/Fonts/SF-Pro-Rounded-Bold.otf	0	SF Pro Rounded	Bold	SF Pro Rounded Bold	SFProRounded-Bold	SF Pro Rounded	Bold	Version 22.0d4e4	1.000	700	5	0		35396	0	0		0	237	75	220	liga,calt,smcp,c2sc,tnum,pnum,frac,sups,subs,case,locl,numr,dnom,ccmp,ss01,ss02,ss03,ss06,ss07,ss12,ss13,ss14,ss15,ss16,ss17,cv01,cv02,cv03	kern	otf	CFF	6497544	no	Apple Inc.	Apple Inc.	APPL		
/Library/Fonts/SF-Pro-Rounded-Heavy.otf	0	SF Pro Rounded	Heavy	SF Pro Rounded Heavy	SFProRounded-Heavy	SF Pro Rounded	Heavy	Version 22.0d4e4	1.000	800	5	0		35396	0	0		0	237	75	220	liga,calt,smcp,c2sc,tnum,pnum,frac,sups,subs,case,locl,numr,dnom,ccmp,ss01,ss02,ss03,ss06,ss07,ss12,ss13,ss14,ss15,ss16,ss17,cv01,cv02,cv03	kern	otf	CFF	6486168	no	Apple Inc.	Apple Inc.	APPL		
/Library/Fonts/SF-Pro-Rounded-Light.otf	0	SF Pro Rounded	Light	SF Pro Rounded Light	SFProRounded-Light	SF Pro Rounded	Light	Version 22.0d4e4	1.000	300	5	0		35396	0	0		0	237	75	220	liga,calt,smcp,c2sc,tnum,pnum,frac,sups,subs,case,locl,numr,dnom,ccmp,ss01,ss02,ss03,ss06,ss07,ss12,ss13,ss14,ss15,ss16,ss17,cv01,cv02,cv03	kern	otf	CFF	6445116	no	Apple Inc.	Apple Inc.	APPL		
/Library/Fonts/SF-Pro-Rounded-Medium.otf	0	SF Pro Rounded	Medium	SF Pro Rounded Medium	SFProRounded-Medium	SF Pro Rounded	Medium	Version 22.0d4e4	1.000	500	5	0		35396	0	0		0	237	75	220	liga,calt,smcp,c2sc,tnum,pnum,frac,sups,subs,case,locl,numr,dnom,ccmp,ss01,ss02,ss03,ss06,ss07,ss12,ss13,ss14,ss15,ss16,ss17,cv01,cv02,cv03	kern	otf	CFF	6461368	no	Apple Inc.	Apple Inc.	APPL		
/Library/Fonts/SF-Pro-Rounded-Regular.otf	0	SF Pro Rounded	Regular	SF Pro Rounded Regular	SFProRounded-Regular	SF Pro Rounded	Regular	Version 22.0d4e4	1.000	400	5	0		35396	0	0		0	237	75	220	liga,calt,smcp,c2sc,tnum,pnum,frac,sups,subs,case,locl,numr,dnom,ccmp,ss01,ss02,ss03,ss06,ss07,ss12,ss13,ss14,ss15,ss16,ss17,cv01,cv02,cv03	kern	otf	CFF	6261272	no	Apple Inc.	Apple Inc.	APPL		
/Library/Fonts/SF-Pro-Rounded-Semibold.otf	0	SF Pro Rounded	Semibold	SF Pro Rounded Semibold	SFProRounded-Semibold	SF Pro Rounded	Semibold	Version 22.0d4e4	1.000	600	5	0		35396	0	0		0	237	75	220	liga,calt,smcp,c2sc,tnum,pnum,frac,sups,subs,case,locl,numr,dnom,ccmp,ss01,ss02,ss03,ss06,ss07,ss12,ss13,ss14,ss15,ss16,ss17,cv01,cv02,cv03	kern	otf	CFF	6523240	no	Apple Inc.	Apple Inc.	APPL		
/Library/Fonts/SF-Pro-Rounded-Thin.otf	0	SF Pro Rounded	Thin	SF Pro Rounded Thin	SFProRounded-Thin	SF Pro Rounded	Thin	Version 22.0d4e4	1.000	200	5	0		35396	0	0		0	237	75	220	liga,calt,smcp,c2sc,tnum,pnum,frac,sups,subs,case,locl,numr,dnom,ccmp,ss01,ss02,ss03,ss06,ss07,ss12,ss13,ss14,ss15,ss16,ss17,cv01,cv02,cv03	kern	otf	CFF	6373008	no	Apple Inc.	Apple Inc.	APPL		
/Library/Fonts/SF-Pro-Rounded-Ultralight.otf	0	SF Pro Rounded	Ultralight	SF Pro Rounded Ultralight	SFProRounded-Ultralight	SF Pro Rounded	Ultralight	Version 22.0d4e4	1.000	100	5	0		35396	0	0		0	237	75	220	liga,calt,smcp,c2sc,tnum,pnum,frac,sups,subs,case,locl,numr,dnom,ccmp,ss01,ss02,ss03,ss06,ss07,ss12,ss13,ss14,ss15,ss16,ss17,cv01,cv02,cv03	kern	otf	CFF	6343856	no	Apple Inc.	Apple Inc.	APPL		
/Library/Fonts/SF-Pro-Text-Black.otf	0	SF Pro Text	Black	SF Pro Text Black	SFProText-Black	SF Pro Text	Black	Version 22.0d4e4	1.000	900	5	0		35547	0	0		0	257	75	222	liga,calt,smcp,c2sc,tnum,pnum,frac,sups,subs,case,ordn,locl,numr,dnom,ccmp,ss01,ss02,ss03,ss04,ss06,ss07,ss09,ss12,ss13,ss14,ss15,ss16,ss17,cv01,cv02,cv03	kern,ss09	otf	CFF	5904956	no	Apple Inc.	Apple Inc.	APPL		
/Library/Fonts/SF-Pro-Text-BlackItalic.otf	0	SF Pro Text	Black Italic	SF Pro Text Black Italic	SFProText-BlackItalic	SF Pro Text	Black Italic	Version 22.0d4e4	1.000	900	5	1		34713	0	0		0	233	73	220	liga,calt,tnum,pnum,frac,sups,subs,case,locl,numr,dnom,ccmp,ss01,ss02,ss03,ss05,ss06,ss07,ss12,ss13,ss14,ss15,ss16,ss17,cv01,cv02,cv03	kern	otf	CFF	5828684	no	Apple Inc.	Apple Inc.	APPL		
/Library/Fonts/SF-Pro-Text-Bold.otf	0	SF Pro Text	Bold	SF Pro Text Bold	SFProText-Bold	SF Pro Text	Bold	Version 22.0d4e4	1.000	700	5	0		35547	0	0		0	257	75	222	liga,calt,smcp,c2sc,tnum,pnum,frac,sups,subs,case,ordn,locl,numr,dnom,ccmp,ss01,ss02,ss03,ss04,ss06,ss07,ss09,ss12,ss13,ss14,ss15,ss16,ss17,cv01,cv02,cv03	kern,ss09	otf	CFF	6355744	no	Apple Inc.	Apple Inc.	APPL		
/Library/Fonts/SF-Pro-Text-BoldItalic.otf	0	SF Pro Text	Bold Italic	SF Pro Text Bold Italic	SFProText-BoldItalic	SF Pro Text	Bold Italic	Version 22.0d4e4	1.000	700	5	1		34713	0	0		0	233	73	220	liga,calt,tnum,pnum,frac,sups,subs,case,locl,numr,dnom,ccmp,ss01,ss02,ss03,ss05,ss06,ss07,ss12,ss13,ss14,ss15,ss16,ss17,cv01,cv02,cv03	kern	otf	CFF	6285576	no	Apple Inc.	Apple Inc.	APPL		
/Library/Fonts/SF-Pro-Text-Heavy.otf	0	SF Pro Text	Heavy	SF Pro Text Heavy	SFProText-Heavy	SF Pro Text	Heavy	Version 22.0d4e4	1.000	800	5	0		35547	0	0		0	257	75	222	liga,calt,smcp,c2sc,tnum,pnum,frac,sups,subs,case,ordn,locl,numr,dnom,ccmp,ss01,ss02,ss03,ss04,ss06,ss07,ss09,ss12,ss13,ss14,ss15,ss16,ss17,cv01,cv02,cv03	kern,ss09	otf	CFF	6337680	no	Apple Inc.	Apple Inc.	APPL		
/Library/Fonts/SF-Pro-Text-HeavyItalic.otf	0	SF Pro Text	Heavy Italic	SF Pro Text Heavy Italic	SFProText-HeavyItalic	SF Pro Text	Heavy Italic	Version 22.0d4e4	1.000	800	5	1		34713	0	0		0	233	73	220	liga,calt,tnum,pnum,frac,sups,subs,case,locl,numr,dnom,ccmp,ss01,ss02,ss03,ss05,ss06,ss07,ss12,ss13,ss14,ss15,ss16,ss17,cv01,cv02,cv03	kern	otf	CFF	6265312	no	Apple Inc.	Apple Inc.	APPL		
/Library/Fonts/SF-Pro-Text-Light.otf	0	SF Pro Text	Light	SF Pro Text Light	SFProText-Light	SF Pro Text	Light	Version 22.0d4e4	1.000	300	5	0		35547	0	0		0	257	75	222	liga,calt,smcp,c2sc,tnum,pnum,frac,sups,subs,case,ordn,locl,numr,dnom,ccmp,ss01,ss02,ss03,ss04,ss06,ss07,ss09,ss12,ss13,ss14,ss15,ss16,ss17,cv01,cv02,cv03	kern,ss09	otf	CFF	6306448	no	Apple Inc.	Apple Inc.	APPL		
/Library/Fonts/SF-Pro-Text-LightItalic.otf	0	SF Pro Text	Light Italic	SF Pro Text Light Italic	SFProText-LightItalic	SF Pro Text	Light Italic	Version 22.0d4e4	1.000	300	5	1		34713	0	0		0	233	73	220	liga,calt,tnum,pnum,frac,sups,subs,case,locl,numr,dnom,ccmp,ss01,ss02,ss03,ss05,ss06,ss07,ss12,ss13,ss14,ss15,ss16,ss17,cv01,cv02,cv03	kern	otf	CFF	6233572	no	Apple Inc.	Apple Inc.	APPL		
/Library/Fonts/SF-Pro-Text-Medium.otf	0	SF Pro Text	Medium	SF Pro Text Medium	SFProText-Medium	SF Pro Text	Medium	Version 22.0d4e4	1.000	500	5	0		35547	0	0		0	257	75	222	liga,calt,smcp,c2sc,tnum,pnum,frac,sups,subs,case,ordn,locl,numr,dnom,ccmp,ss01,ss02,ss03,ss04,ss06,ss07,ss09,ss12,ss13,ss14,ss15,ss16,ss17,cv01,cv02,cv03	kern,ss09	otf	CFF	6318300	no	Apple Inc.	Apple Inc.	APPL		
/Library/Fonts/SF-Pro-Text-MediumItalic.otf	0	SF Pro Text	Medium Italic	SF Pro Text Medium Italic	SFProText-MediumItalic	SF Pro Text	Medium Italic	Version 22.0d4e4	1.000	500	5	1		34713	0	0		0	233	73	220	liga,calt,tnum,pnum,frac,sups,subs,case,locl,numr,dnom,ccmp,ss01,ss02,ss03,ss05,ss06,ss07,ss12,ss13,ss14,ss15,ss16,ss17,cv01,cv02,cv03	kern	otf	CFF	6231796	no	Apple Inc.	Apple Inc.	APPL		
/Library/Fonts/SF-Pro-Text-Regular.otf	0	SF Pro Text	Regular	SF Pro Text Regular	SFProText-Regular	SF Pro Text	Regular	Version 22.0d4e4	1.000	400	5	0		35547	0	0		0	257	75	222	liga,calt,smcp,c2sc,tnum,pnum,frac,sups,subs,case,ordn,locl,numr,dnom,ccmp,ss01,ss02,ss03,ss04,ss06,ss07,ss09,ss12,ss13,ss14,ss15,ss16,ss17,cv01,cv02,cv03	kern,ss09	otf	CFF	6177148	no	Apple Inc.	Apple Inc.	APPL		
/Library/Fonts/SF-Pro-Text-RegularItalic.otf	0	SF Pro Text	Regular Italic	SF Pro Text Regular Italic	SFProText-RegularItalic	SF Pro Text	Regular Italic	Version 22.0d4e4	1.000	400	5	1		34713	0	0		0	233	73	220	liga,calt,tnum,pnum,frac,sups,subs,case,locl,numr,dnom,ccmp,ss01,ss02,ss03,ss05,ss06,ss07,ss12,ss13,ss14,ss15,ss16,ss17,cv01,cv02,cv03	kern	otf	CFF	6107124	no	Apple Inc.	Apple Inc.	APPL		
/Library/Fonts/SF-Pro-Text-Semibold.otf	0	SF Pro Text	Semibold	SF Pro Text Semibold	SFProText-Semibold	SF Pro Text	Semibold	Version 22.0d4e4	1.000	600	5	0		35547	0	0		0	257	75	222	liga,calt,smcp,c2sc,tnum,pnum,frac,sups,subs,case,ordn,locl,numr,dnom,ccmp,ss01,ss02,ss03,ss04,ss06,ss07,ss09,ss12,ss13,ss14,ss15,ss16,ss17,cv01,cv02,cv03	kern,ss09	otf	CFF	6381816	no	Apple Inc.	Apple Inc.	APPL		
/Library/Fonts/SF-Pro-Text-SemiboldItalic.otf	0	SF Pro Text	Semibold Italic	SF Pro Text Semibold Italic	SFProText-SemiboldItalic	SF Pro Text	Semibold Italic	Version 22.0d4e4	1.000	600	5	1		34713	0	0		0	233	73	220	liga,calt,tnum,pnum,frac,sups,subs,case,locl,numr,dnom,ccmp,ss01,ss02,ss03,ss05,ss06,ss07,ss12,ss13,ss14,ss15,ss16,ss17,cv01,cv02,cv03	kern	otf	CFF	6311856	no	Apple Inc.	Apple Inc.	APPL		
/Library/Fonts/SF-Pro-Text-Thin.otf	0	SF Pro Text	Thin	SF Pro Text Thin	SFProText-Thin	SF Pro Text	Thin	Version 22.0d4e4	1.000	200	5	0		35547	0	0		0	257	75	222	liga,calt,smcp,c2sc,tnum,pnum,frac,sups,subs,case,ordn,locl,numr,dnom,ccmp,ss01,ss02,ss03,ss04,ss06,ss07,ss09,ss12,ss13,ss14,ss15,ss16,ss17,cv01,cv02,cv03	kern,ss09	otf	CFF	6230332	no	Apple Inc.	Apple Inc.	APPL		
/Library/Fonts/SF-Pro-Text-ThinItalic.otf	0	SF Pro Text	Thin Italic	SF Pro Text Thin Italic	SFProText-ThinItalic	SF Pro Text	Thin Italic	Version 22.0d4e4	1.000	200	5	1		34713	0	0		0	233	73	220	liga,calt,tnum,pnum,frac,sups,subs,case,locl,numr,dnom,ccmp,ss01,ss02,ss03,ss05,ss06,ss07,ss12,ss13,ss14,ss15,ss16,ss17,cv01,cv02,cv03	kern	otf	CFF	6165732	no	Apple Inc.	Apple Inc.	APPL		
/Library/Fonts/SF-Pro-Text-Ultralight.otf	0	SF Pro Text	Ultralight	SF Pro Text Ultralight	SFProText-Ultralight	SF Pro Text	Ultralight	Version 22.0d4e4	1.000	100	5	0		35547	0	0		0	257	75	222	liga,calt,smcp,c2sc,tnum,pnum,frac,sups,subs,case,ordn,locl,numr,dnom,ccmp,ss01,ss02,ss03,ss04,ss06,ss07,ss09,ss12,ss13,ss14,ss15,ss16,ss17,cv01,cv02,cv03	kern,ss09	otf	CFF	6209064	no	Apple Inc.	Apple Inc.	APPL		
/Library/Fonts/SF-Pro-Text-UltralightItalic.otf	0	SF Pro Text	Ultralight Italic	SF Pro Text Ultralight Italic	SFProText-UltralightItalic	SF Pro Text	Ultralight Italic	Version 22.0d4e4	1.000	100	5	1		34713	0	0		0	233	73	220	liga,calt,tnum,pnum,frac,sups,subs,case,locl,numr,dnom,ccmp,ss01,ss02,ss03,ss05,ss06,ss07,ss12,ss13,ss14,ss15,ss16,ss17,cv01,cv02,cv03	kern	otf	CFF	6132016	no	Apple Inc.	Apple Inc.	APPL		
/Library/Fonts/SF-Pro.ttf	0	SF Pro	Regular	SF Pro	SFPro-Regular		Regular	Version 22.0d4e4	1.000	400	5	0	wdth[30..100..150];opsz[17..28..28];wght[1..400..1000]	35571	0	0		0	257	75	222	liga,calt,smcp,c2sc,tnum,pnum,frac,sups,subs,case,ordn,locl,numr,dnom,ccmp,ss01,ss02,ss03,ss04,ss06,ss07,ss09,ss12,ss13,ss14,ss15,ss16,ss17,cv01,cv02,cv03	kern,ss09	ttf	glyf	21249904	no	Apple Inc.	Apple Inc.	APPL		
/Users/bardiasamiee/Library/Application Support/Adobe/CoreSync/plugins/livetype/.r/.10879.otf	0	Futura PT Medium	Regular	Futura PT Medium	FuturaPT-Medium	Futura PT	Medium	Version 1.009	1.009	450	5	0		636	0	0		1	125	4	175	liga,tnum,pnum,frac,sups,subs,case,ordn,aalt,locl,ccmp	kern	otf	CFF	111968	no	Paul Renner,Vladimir Yefimov, Isabella Chaeva	ParaType Ltd	PARA	http://typekit.com/eulas/00000000000000000001b150	
/Users/bardiasamiee/Library/Application Support/Adobe/CoreSync/plugins/livetype/.r/.10880.otf	0	Futura PT Medium	Italic	Futura PT Medium Oblique	FuturaPT-MediumObl	Futura PT	Medium Oblique	Version 1.009	1.009	450	5	1		629	0	0		1	125	4	175	liga,tnum,pnum,frac,sups,subs,case,ordn,aalt,locl,ccmp	kern	otf	CFF	122908	no	Paul Renner,Vladimir Yefimov, Isabella Chaeva	ParaType Ltd	PARA	http://typekit.com/eulas/00000000000000000001b14f	
/Users/bardiasamiee/Library/Application Support/Adobe/CoreSync/plugins/livetype/.r/.10881.otf	0	Futura PT Heavy	Regular	Futura PT Heavy	FuturaPT-Heavy	Futura PT	Heavy	Version 1.009	1.009	600	5	0		620	0	0		1	125	4	175	liga,tnum,pnum,frac,sups,case,ordn,aalt,locl,ccmp	kern	otf	CFF	118044	no	Paul Renner,Vladimir Yefimov, Isabella Chaeva	ParaType Ltd	PARA	http://typekit.com/eulas/00000000000000007735d65e	
/Users/bardiasamiee/Library/Application Support/Adobe/CoreSync/plugins/livetype/.r/.10882.otf	0	Futura PT Heavy	Italic	Futura PT Heavy Oblique	FuturaPT-HeavyObl	Futura PT	Heavy Oblique	Version 1.009	1.009	600	5	1		620	0	0		1	125	4	175	liga,tnum,pnum,frac,sups,case,ordn,aalt,locl,ccmp	kern	otf	CFF	123628	no	Paul Renner,Vladimir Yefimov, Isabella Chaeva	ParaType Ltd	PARA	http://typekit.com/eulas/00000000000000000001b153	
/Users/bardiasamiee/Library/Application Support/Adobe/CoreSync/plugins/livetype/.r/.10883.otf	0	Futura PT Light	Italic	Futura PT Light Oblique	FuturaPT-LightObl	Futura PT	Light Oblique	Version 1.009	1.009	300	5	1		630	0	0		1	125	4	175	liga,tnum,pnum,frac,sups,subs,case,ordn,aalt,locl,ccmp	kern	otf	CFF	126660	no	Paul Renner,Vladimir Yefimov, Isabella Chaeva	ParaType Ltd	PARA	http://typekit.com/eulas/00000000000000000001b14c	
/Users/bardiasamiee/Library/Application Support/Adobe/CoreSync/plugins/livetype/.r/.10884.otf	0	Futura PT Book	Regular	Futura PT Book	FuturaPT-Book	Futura PT	Book	Version 1.009	1.009	400	5	0		629	0	0		1	125	4	175	liga,tnum,pnum,frac,sups,subs,case,ordn,aalt,locl,ccmp	kern	otf	CFF	107180	no	Paul Renner,Vladimir Yefimov, Isabella Chaeva	ParaType Ltd	PARA	http://typekit.com/eulas/00000000000000000001b14e	
/Users/bardiasamiee/Library/Application Support/Adobe/CoreSync/plugins/livetype/.r/.10885.otf	0	Futura PT Book	Italic	Futura PT Book Oblique	FuturaPT-BookObl	Futura PT	Book Oblique	Version 1.009	1.009	400	5	1		629	0	0		1	125	4	175	liga,tnum,pnum,frac,sups,subs,case,ordn,aalt,locl,ccmp	kern	otf	CFF	125600	no	Paul Renner,Vladimir Yefimov, Isabella Chaeva	ParaType Ltd	PARA	http://typekit.com/eulas/00000000000000000001b14d	
/Users/bardiasamiee/Library/Application Support/Adobe/CoreSync/plugins/livetype/.r/.10886.otf	0	Futura PT Light	Regular	Futura PT Light	FuturaPT-Light	Futura PT	Light	Version 1.009	1.009	300	5	0		630	0	0		1	125	4	175	liga,tnum,pnum,frac,sups,subs,case,ordn,aalt,locl,ccmp	kern	otf	CFF	110040	no	Paul Renner,Vladimir Yefimov, Isabella Chaeva	ParaType Ltd	PARA	http://typekit.com/eulas/00000000000000000001b14b	
/Users/bardiasamiee/Library/Application Support/Adobe/CoreSync/plugins/livetype/.r/.10887.otf	0	Futura PT Extra Bold	Regular	Futura PT Extra Bold	FuturaPT-ExtraBold	Futura PT	Extra Bold	Version 1.009	1.009	800	5	0		619	0	0		1	125	4	175	liga,tnum,pnum,frac,sups,case,ordn,aalt,locl,ccmp	kern	otf	CFF	128056	no	Paul Renner,Vladimir Yefimov, Isabella Chaeva	ParaType Ltd	PARA	http://typekit.com/eulas/00000000000000000001b156	
/Users/bardiasamiee/Library/Application Support/Adobe/CoreSync/plugins/livetype/.r/.10888.otf	0	Futura PT Extra Bold	Italic	Futura PT Extra Bold Oblique	FuturaPT-ExtraBoldObl	Futura PT	Extra Bold Oblique	Version 1.009	1.009	800	5	1		619	0	0		1	125	4	175	liga,tnum,pnum,frac,sups,case,ordn,aalt,locl,ccmp	kern	otf	CFF	118656	no	Paul Renner,Vladimir Yefimov, Isabella Chaeva	ParaType Ltd	PARA	http://typekit.com/eulas/00000000000000000001b155	
/Users/bardiasamiee/Library/Application Support/Adobe/CoreSync/plugins/livetype/.r/.13376.otf	0	OCR B Std	Regular	OCRBStd	OCRBStd			Version 2.053;PS 2.000;hotconv 1.0.68;makeotf.lib2.5.35818	2.053	400	5	0		267	0	0		0	13	1	0	dlig,salt,frac,sups,zero,ordn,aalt		otf	CFF	20776	no	Adrian Frutiger and Adobe Type staff	Adobe Systems Incorporated	ADBE	http://typekit.com/eulas/000000000000000000019638	
/Users/bardiasamiee/Library/Application Support/Adobe/CoreSync/plugins/livetype/.r/.14541.otf	0	Open Sans	Bold	Open Sans Bold	OpenSans-Bold			Version 1.10	1.100	700	5	0		938	0	0		1	145	75	255	liga,onum,lnum,tnum,pnum,salt,locl,ss01,ss02,ss03		otf	glyf	230432	no		Ascender Corporation	1ASC	http://typekit.com/eulas/00000000000000007735a061	
/Users/bardiasamiee/Library/Application Support/Adobe/CoreSync/plugins/livetype/.r/.14543.otf	0	Open Sans Extrabold	Regular	Open Sans Extrabold	OpenSans-Extrabold	Open Sans	Extrabold	Version 1.10	1.100	800	5	0		938	0	0		1	145	75	255	liga,onum,lnum,tnum,pnum,salt,locl,ss01,ss02,ss03		otf	glyf	228448	no		Ascender Corporation	1ASC	http://typekit.com/eulas/00000000000000007735a06d	
/Users/bardiasamiee/Library/Application Support/Adobe/CoreSync/plugins/livetype/.r/.14546.otf	0	Open Sans Light	Regular	Open Sans Light	OpenSans-Light	Open Sans	Light	Version 1.10	1.100	300	5	0		938	0	0		1	145	75	255	liga,onum,lnum,tnum,pnum,salt,locl,ss01,ss02,ss03		otf	glyf	228268	no		Ascender Corporation	1ASC	http://typekit.com/eulas/00000000000000007735a075	
/Users/bardiasamiee/Library/Application Support/Adobe/CoreSync/plugins/livetype/.r/.14548.otf	0	Open Sans	Regular	Open Sans	OpenSans			Version 1.10	1.100	400	5	0		938	0	0		1	145	75	255	liga,onum,lnum,tnum,pnum,salt,locl,ss01,ss02,ss03		otf	glyf	223156	no		Ascender Corporation	1ASC	http://typekit.com/eulas/00000000000000007735a07a	
/Users/bardiasamiee/Library/Application Support/Adobe/CoreSync/plugins/livetype/.r/.14549.otf	0	Open Sans Semibold	Regular	Open Sans Semibold	OpenSans-Semibold	Open Sans	Semibold	Version 1.10	1.100	600	5	0		938	0	0		1	145	75	255	liga,onum,lnum,tnum,pnum,salt,locl,ss01,ss02,ss03		otf	glyf	227184	no		Ascender Corporation	1ASC	http://typekit.com/eulas/00000000000000007735a07c	
/Users/bardiasamiee/Library/Application Support/Adobe/CoreSync/plugins/livetype/.r/.14580.otf	0	Letter Gothic Std	Regular	LetterGothicStd	LetterGothicStd		Medium	Version 2.059;PS 2.000;hotconv 1.0.68;makeotf.lib2.5.35818	2.059	400	5	0		382	0	0		0	24	12	0	dlig,frac,sups,zero,ordn,aalt		otf	CFF	28128	no	Roger Roberson	Adobe Systems Incorporated	ADBE	http://typekit.com/eulas/0000000000000000000188d4	
/Users/bardiasamiee/Library/Application Support/Adobe/CoreSync/plugins/livetype/.r/.14581.otf	0	Letter Gothic Std	Italic	LetterGothicStd-Slanted	LetterGothicStd-Slanted		Slanted	Version 2.059;PS 2.000;hotconv 1.0.68;makeotf.lib2.5.35818	2.059	400	5	1		382	0	0		0	24	12	0	dlig,frac,sups,zero,ordn,aalt		otf	CFF	29756	no	Roger Roberson	Adobe Systems Incorporated	ADBE	http://typekit.com/eulas/0000000000000000000188d3	
/Users/bardiasamiee/Library/Application Support/Adobe/CoreSync/plugins/livetype/.r/.14582.otf	0	Letter Gothic Std	Bold	LetterGothicStd-Bold	LetterGothicStd-Bold			Version 2.059;PS 2.000;hotconv 1.0.68;makeotf.lib2.5.35818	2.059	700	5	0		382	0	0		0	24	12	0	dlig,frac,sups,zero,ordn,aalt		otf	CFF	27844	no	Roger Roberson	Adobe Systems Incorporated	ADBE	http://typekit.com/eulas/0000000000000000000188d1	
/Users/bardiasamiee/Library/Application Support/Adobe/CoreSync/plugins/livetype/.r/.14583.otf	0	Letter Gothic Std	Bold Italic	LetterGothicStd-BoldSlanted	LetterGothicStd-BoldSlanted		Bold Slanted	Version 2.059;PS 2.000;hotconv 1.0.68;makeotf.lib2.5.35818	2.059	700	5	1		382	0	0		0	24	12	0	dlig,frac,sups,zero,ordn,aalt		otf	CFF	29604	no	Roger Roberson	Adobe Systems Incorporated	ADBE	http://typekit.com/eulas/0000000000000000000188d2	
/Users/bardiasamiee/Library/Application Support/Adobe/CoreSync/plugins/livetype/.r/.15496.otf	0	Roboto	Black	Roboto Black	Roboto-Black	Roboto	Black	Version 2.001047; 2015	2.000	900	5	0		3387	0	0		1	336	121	256	liga,dlig,smcp,c2sc,onum,lnum,tnum,pnum,salt,frac,locl,numr,dnom,ccmp,ss01,ss02,ss03,ss04,ss05,ss06,ss07	kern,mark,mkmk	otf	glyf	505964	no	Google		GOOG	http://typekit.com/eulas/00000000000000007735a086	
/Users/bardiasamiee/Library/Application Support/Adobe/CoreSync/plugins/livetype/.r/.15497.otf	0	Roboto	Black Italic	Roboto Black Italic	Roboto-BlackItalic	Roboto	Black Italic	Version 2.001047; 2015	2.000	900	5	1		3387	0	0		1	336	121	256	liga,dlig,smcp,c2sc,onum,lnum,tnum,pnum,salt,frac,locl,numr,dnom,ccmp,ss01,ss02,ss03,ss04,ss05,ss06,ss07	kern,mark,mkmk	otf	glyf	523512	no	Google		GOOG	http://typekit.com/eulas/00000000000000007735a088	
/Users/bardiasamiee/Library/Application Support/Adobe/CoreSync/plugins/livetype/.r/.15498.otf	0	Roboto	Bold	Roboto Bold	Roboto-Bold			Version 2.001047; 2015	2.000	700	5	0		3387	0	0		1	336	121	256	liga,dlig,smcp,c2sc,onum,lnum,tnum,pnum,salt,frac,locl,numr,dnom,ccmp,ss01,ss02,ss03,ss04,ss05,ss06,ss07	kern,mark,mkmk	otf	glyf	512004	no	Google		GOOG	http://typekit.com/eulas/00000000000000007735a09f	
/Users/bardiasamiee/Library/Application Support/Adobe/CoreSync/plugins/livetype/.r/.15501.otf	0	Roboto	Bold Italic	Roboto Bold Italic	Roboto-BoldItalic			Version 2.001047; 2015	2.000	700	5	1		3387	0	0		1	336	121	256	liga,dlig,smcp,c2sc,onum,lnum,tnum,pnum,salt,frac,locl,numr,dnom,ccmp,ss01,ss02,ss03,ss04,ss05,ss06,ss07	kern,mark,mkmk	otf	glyf	530604	no	Google		GOOG	http://typekit.com/eulas/00000000000000007735a0a3	
/Users/bardiasamiee/Library/Application Support/Adobe/CoreSync/plugins/livetype/.r/.15505.otf	0	Roboto	Italic	Roboto Italic	Roboto-Italic			Version 2.001047; 2015	2.000	400	5	1		3387	0	0		1	336	121	256	liga,dlig,smcp,c2sc,onum,lnum,tnum,pnum,salt,frac,locl,numr,dnom,ccmp,ss01,ss02,ss03,ss04,ss05,ss06,ss07	kern,mark,mkmk	otf	glyf	531132	no	Google		GOOG	http://typekit.com/eulas/00000000000000007735a0a8	
/Users/bardiasamiee/Library/Application Support/Adobe/CoreSync/plugins/livetype/.r/.15506.otf	0	Roboto	Light	Roboto Light	Roboto-Light	Roboto	Light	Version 2.001047; 2015	2.000	300	5	0		3387	0	0		1	336	121	256	liga,dlig,smcp,c2sc,onum,lnum,tnum,pnum,salt,frac,locl,numr,dnom,ccmp,ss01,ss02,ss03,ss04,ss05,ss06,ss07	kern,mark,mkmk	otf	glyf	516324	no	Google		GOOG	http://typekit.com/eulas/00000000000000007735a096	
/Users/bardiasamiee/Library/Application Support/Adobe/CoreSync/plugins/livetype/.r/.15507.otf	0	Roboto	Light Italic	Roboto Light Italic	Roboto-LightItalic	Roboto	Light Italic	Version 2.001047; 2015	2.000	300	5	1		3387	0	0		1	336	121	256	liga,dlig,smcp,c2sc,onum,lnum,tnum,pnum,salt,frac,locl,numr,dnom,ccmp,ss01,ss02,ss03,ss04,ss05,ss06,ss07	kern,mark,mkmk	otf	glyf	537304	no	Google		GOOG	http://typekit.com/eulas/00000000000000007735a0a0	
/Users/bardiasamiee/Library/Application Support/Adobe/CoreSync/plugins/livetype/.r/.15508.otf	0	Roboto	Medium	Roboto Medium	Roboto-Medium	Roboto	Medium	Version 2.001047; 2015	2.000	500	5	0		3387	0	0		1	336	121	256	liga,dlig,smcp,c2sc,onum,lnum,tnum,pnum,salt,frac,locl,numr,dnom,ccmp,ss01,ss02,ss03,ss04,ss05,ss06,ss07	kern,mark,mkmk	otf	glyf	509336	no	Google		GOOG	http://typekit.com/eulas/00000000000000007735a0a6	
/Users/bardiasamiee/Library/Application Support/Adobe/CoreSync/plugins/livetype/.r/.15509.otf	0	Roboto	Medium Italic	Roboto Medium Italic	Roboto-MediumItalic	Roboto	Medium Italic	Version 2.001047; 2015	2.000	500	5	1		3387	0	0		1	336	121	256	liga,dlig,smcp,c2sc,onum,lnum,tnum,pnum,salt,frac,locl,numr,dnom,ccmp,ss01,ss02,ss03,ss04,ss05,ss06,ss07	kern,mark,mkmk	otf	glyf	531232	no	Google		GOOG	http://typekit.com/eulas/00000000000000007735a0aa	
/Users/bardiasamiee/Library/Application Support/Adobe/CoreSync/plugins/livetype/.r/.15510.otf	0	Roboto	Regular	Roboto Regular	Roboto-Regular			Version 2.001047; 2015	2.000	400	5	0		3387	0	0		1	336	121	256	liga,dlig,smcp,c2sc,onum,lnum,tnum,pnum,salt,frac,locl,numr,dnom,ccmp,ss01,ss02,ss03,ss04,ss05,ss06,ss07	kern,mark,mkmk	otf	glyf	512844	no	Google		GOOG	http://typekit.com/eulas/00000000000000007735a0ac	
/Users/bardiasamiee/Library/Application Support/Adobe/CoreSync/plugins/livetype/.r/.15511.otf	0	Roboto	Thin	Roboto Thin	Roboto-Thin	Roboto	Thin	Version 2.001047; 2015	2.000	250	5	0		3387	0	0		1	336	121	256	liga,dlig,smcp,c2sc,onum,lnum,tnum,pnum,salt,frac,locl,numr,dnom,ccmp,ss01,ss02,ss03,ss04,ss05,ss06,ss07	kern,mark,mkmk	otf	glyf	520540	no	Google		GOOG	http://typekit.com/eulas/00000000000000007735a0ae	
/Users/bardiasamiee/Library/Application Support/Adobe/CoreSync/plugins/livetype/.r/.15512.otf	0	Roboto	Thin Italic	Roboto Thin Italic	Roboto-ThinItalic	Roboto	Thin Italic	Version 2.001047; 2015	2.000	250	5	1		3387	0	0		1	336	121	256	liga,dlig,smcp,c2sc,onum,lnum,tnum,pnum,salt,frac,locl,numr,dnom,ccmp,ss01,ss02,ss03,ss04,ss05,ss06,ss07	kern,mark,mkmk	otf	glyf	536404	no	Google		GOOG	http://typekit.com/eulas/00000000000000007735a0af	
/Users/bardiasamiee/Library/Application Support/Adobe/CoreSync/plugins/livetype/.r/.15586.otf	0	Futura PT Demi	Regular	Futura PT Demi	FuturaPT-Demi	Futura PT	Demi	Version 1.009	1.009	500	5	0		629	0	0		1	125	4	175	liga,tnum,pnum,frac,sups,subs,case,ordn,aalt,locl,ccmp	kern	otf	CFF	114636	no	Paul Renner,Vladimir Yefimov, Isabella Chaeva	ParaType Ltd	PARA	http://typekit.com/eulas/00000000000000000001b358	
/Users/bardiasamiee/Library/Application Support/Adobe/CoreSync/plugins/livetype/.r/.15587.otf	0	Futura PT Demi	Italic	Futura PT Demi Oblique	FuturaPT-DemiObl	Futura PT	Demi Oblique	Version 1.009	1.009	500	5	1		629	0	0		1	125	4	175	liga,tnum,pnum,frac,sups,subs,case,ordn,aalt,locl,ccmp	kern	otf	CFF	130756	no	Paul Renner,Vladimir Yefimov, Isabella Chaeva	ParaType Ltd	PARA	http://typekit.com/eulas/00000000000000000001b355	
/Users/bardiasamiee/Library/Application Support/Adobe/CoreSync/plugins/livetype/.r/.18109.otf	0	Courier Std	Bold	CourierStd-Bold	CourierStd-Bold			Version 2.067;PS 2.000;hotconv 1.0.67;makeotf.lib2.5.33168	2.067	700	5	0		382	0	0		0	24	12	0	dlig,frac,sups,zero,ordn,aalt		otf	CFF	30716	no	Howard Kettler	Adobe Systems Incorporated	ADBE	http://typekit.com/eulas/0000000000000000000194ee	
/Users/bardiasamiee/Library/Application Support/Adobe/CoreSync/plugins/livetype/.r/.18110.otf	0	Courier Std	Bold Italic	CourierStd-BoldOblique	CourierStd-BoldOblique		Bold Oblique	Version 2.067;PS 2.000;hotconv 1.0.67;makeotf.lib2.5.33168	2.067	700	5	1		382	0	0		0	24	12	0	dlig,frac,sups,zero,ordn,aalt		otf	CFF	32256	no	Howard Kettler	Adobe Systems Incorporated	ADBE	http://typekit.com/eulas/0000000000000000000194ef	
/Users/bardiasamiee/Library/Application Support/Adobe/CoreSync/plugins/livetype/.r/.18111.otf	0	Courier Std	Regular	CourierStd	CourierStd		Medium	Version 2.067;PS 2.000;hotconv 1.0.67;makeotf.lib2.5.33168	2.067	500	5	0		382	0	0		0	24	12	0	dlig,frac,sups,zero,ordn,aalt		otf	CFF	31052	no	Howard Kettler	Adobe Systems Incorporated	ADBE	http://typekit.com/eulas/0000000000000000000194f1	
/Users/bardiasamiee/Library/Application Support/Adobe/CoreSync/plugins/livetype/.r/.18112.otf	0	Courier Std	Italic	CourierStd-Oblique	CourierStd-Oblique		Medium Oblique	Version 2.067;PS 2.000;hotconv 1.0.67;makeotf.lib2.5.33168	2.067	500	5	1		382	0	0		0	24	12	0	dlig,frac,sups,zero,ordn,aalt		otf	CFF	32564	no	Howard Kettler	Adobe Systems Incorporated	ADBE	http://typekit.com/eulas/0000000000000000000194f0	
/Users/bardiasamiee/Library/Application Support/Adobe/CoreSync/plugins/livetype/.r/.24323.otf	0	Clarendon Text Pro	Regular	ClarendonTextPro	ClarendonTextPro			Version 1.2	1.002	400	5	0		591	0	0		0	123	0	0	liga,dlig,smcp,c2sc,onum,lnum,tnum,pnum,salt,frac,sups,aalt,numr,dnom,ss01	kern	otf	CFF	150884	no	Patrick Griffin	Canada Type	CANT	http://typekit.com/eulas/00000000000000007735a52b	
/Users/bardiasamiee/Library/Application Support/Adobe/CoreSync/plugins/livetype/.r/.24324.otf	0	Clarendon Text Pro	Italic	ClarendonTextPro-Italic	ClarendonTextPro-Italic			Version 1.2	1.002	400	5	1		593	0	0		0	123	0	0	liga,dlig,smcp,c2sc,onum,lnum,tnum,pnum,salt,frac,sups,aalt,numr,dnom,ss01	kern	otf	CFF	192844	no	Patrick Griffin	Canada Type	CANT	http://typekit.com/eulas/00000000000000007735a535	
/Users/bardiasamiee/Library/Application Support/Adobe/CoreSync/plugins/livetype/.r/.24325.otf	0	Clarendon Text Pro	Bold	ClarendonTextPro-Bold	ClarendonTextPro-Bold			Version 1.2	1.002	700	5	0		591	0	0		0	123	0	0	liga,dlig,smcp,c2sc,onum,lnum,tnum,pnum,salt,frac,sups,aalt,numr,dnom,ss01	kern	otf	CFF	149892	no	Patrick Griffin	Canada Type	CANT	http://typekit.com/eulas/00000000000000007735a538	
/Users/bardiasamiee/Library/Application Support/Adobe/CoreSync/plugins/livetype/.r/.24326.otf	0	Clarendon Text Pro	Bold Italic	ClarendonTextPro-BoldItalic	ClarendonTextPro-BoldItalic			Version 1.2	1.002	700	5	1		594	0	0		0	123	1	0	liga,dlig,smcp,c2sc,onum,lnum,tnum,pnum,salt,frac,sups,aalt,numr,dnom,ss01	kern	otf	CFF	192404	no	Patrick Griffin	Canada Type	CANT	http://typekit.com/eulas/00000000000000007735a53c	
/Users/bardiasamiee/Library/Application Support/Adobe/CoreSync/plugins/livetype/.r/.26837.otf	0	Roboto Condensed	Light Italic	Roboto Condensed Light Italic	RobotoCondensed-LightItalic	Roboto Condensed	Light Italic	Version 2.001047; 2015	2.000	300	5	1		3387	0	0		1	336	121	256	liga,dlig,smcp,c2sc,onum,lnum,tnum,pnum,salt,frac,locl,numr,dnom,ccmp,ss01,ss02,ss03,ss04,ss05,ss06,ss07	kern,mark,mkmk	otf	glyf	533696	no	Google		GOOG	http://typekit.com/eulas/00000000000000007735a087	
/Users/bardiasamiee/Library/Application Support/Adobe/CoreSync/plugins/livetype/.r/.26838.otf	0	Roboto Condensed	Light	Roboto Condensed Light	RobotoCondensed-Light	Roboto Condensed	Light	Version 2.001047; 2015	2.000	300	5	0		3387	0	0		1	336	121	256	liga,dlig,smcp,c2sc,onum,lnum,tnum,pnum,salt,frac,locl,numr,dnom,ccmp,ss01,ss02,ss03,ss04,ss05,ss06,ss07	kern,mark,mkmk	otf	glyf	509008	no	Google		GOOG	http://typekit.com/eulas/00000000000000007735a09c	
/Users/bardiasamiee/Library/Application Support/Adobe/CoreSync/plugins/livetype/.r/.26839.otf	0	Roboto Condensed	Italic	Roboto Condensed Italic	RobotoCondensed-Italic			Version 2.001047; 2015	2.000	400	5	1		3387	0	0		1	336	121	256	liga,dlig,smcp,c2sc,onum,lnum,tnum,pnum,salt,frac,locl,numr,dnom,ccmp,ss01,ss02,ss03,ss04,ss05,ss06,ss07	kern,mark,mkmk	otf	glyf	534144	no	Google		GOOG	http://typekit.com/eulas/00000000000000007735a08c	
/Users/bardiasamiee/Library/Application Support/Adobe/CoreSync/plugins/livetype/.r/.26840.otf	0	Roboto Condensed	Regular	Roboto Condensed Regular	RobotoCondensed-Regular			Version 2.001047; 2015	2.000	400	5	0		3387	0	0		1	336	121	256	liga,dlig,smcp,c2sc,onum,lnum,tnum,pnum,salt,frac,locl,numr,dnom,ccmp,ss01,ss02,ss03,ss04,ss05,ss06,ss07	kern,mark,mkmk	otf	glyf	514356	no	Google		GOOG	http://typekit.com/eulas/00000000000000007735a08d	
/Users/bardiasamiee/Library/Application Support/Adobe/CoreSync/plugins/livetype/.r/.26841.otf	0	Roboto Condensed	Bold Italic	Roboto Condensed Bold Italic	RobotoCondensed-BoldItalic			Version 2.001047; 2015	2.000	700	5	1		3387	0	0		1	336	121	256	liga,dlig,smcp,c2sc,onum,lnum,tnum,pnum,salt,frac,locl,numr,dnom,ccmp,ss01,ss02,ss03,ss04,ss05,ss06,ss07	kern,mark,mkmk	otf	glyf	523200	no	Google		GOOG	http://typekit.com/eulas/00000000000000007735a092	
/Users/bardiasamiee/Library/Application Support/Adobe/CoreSync/plugins/livetype/.r/.26842.otf	0	Roboto Condensed	Bold	Roboto Condensed Bold	RobotoCondensed-Bold			Version 2.001047; 2015	2.000	700	5	0		3387	0	0		1	336	121	256	liga,dlig,smcp,c2sc,onum,lnum,tnum,pnum,salt,frac,locl,numr,dnom,ccmp,ss01,ss02,ss03,ss04,ss05,ss06,ss07	kern,mark,mkmk	otf	glyf	500192	no	Google		GOOG	http://typekit.com/eulas/00000000000000007735a09d	
/Users/bardiasamiee/Library/Application Support/Adobe/CoreSync/plugins/livetype/.r/.28478.otf	0	Mrs Eaves Small Caps OT	Regular	Mrs Eaves Small Caps OT	MrsEavesSmallCapsOT	Mrs Eaves	Roman Small Caps	Version 2.200;PS 002.002;hotconv 1.0.38	2.200	400	5	0		250	0	0		0	11	1	0		kern	otf	CFF	28128	no	Zuzana Licko	Emigre Inc	EMGR	http://typekit.com/eulas/00000000000000007735b2f9	
/Users/bardiasamiee/Library/Application Support/Adobe/CoreSync/plugins/livetype/.r/.28479.otf	0	Mrs Eaves All Small Caps OT	Regular	Mrs Eaves All Small Caps OT	MrsEavesAllSmallCapsOT	Mrs Eaves	Roman All Small Caps	Version 2.200;PS 002.002;hotconv 1.0.38	2.200	400	5	0		246	0	0		0	11	1	0		kern	otf	CFF	26504	no	Zuzana Licko	Emigre Inc	EMGR	http://typekit.com/eulas/00000000000000007735b2fa	
/Users/bardiasamiee/Library/Application Support/Adobe/CoreSync/plugins/livetype/.r/.28480.otf	0	Mrs Eaves Lining OT	Regular	Mrs Eaves Lining OT	MrsEavesLiningOT	Mrs Eaves	Roman Lining	Version 2.200;PS 002.002;hotconv 1.0.38	2.200	400	5	0		249	0	0		0	11	1	0		kern	otf	CFF	32072	no	Zuzana Licko	Emigre Inc	EMGR	http://typekit.com/eulas/00000000000000007735b2fb	
/Users/bardiasamiee/Library/Application Support/Adobe/CoreSync/plugins/livetype/.r/.28481.otf	0	Mrs Eaves All Petite Caps OT	Regular	Mrs Eaves All Petite Caps OT	MrsEavesAllPetiteCapsOT	Mrs Eaves	Roman All Petite Caps	Version 2.200;PS 002.002;hotconv 1.0.38	2.200	400	5	0		246	0	0		0	11	1	0		kern	otf	CFF	26252	no	Zuzana Licko	Emigre Inc	EMGR	http://typekit.com/eulas/00000000000000007735b2fc	
/Users/bardiasamiee/Library/Application Support/Adobe/CoreSync/plugins/livetype/.r/.28482.otf	0	Mrs Eaves Petite Caps OT	Regular	Mrs Eaves Petite Caps OT	MrsEavesPetiteCapsOT	Mrs Eaves	Roman Petite Caps	Version 2.200;PS 002.002;hotconv 1.0.38	2.200	400	5	0		246	0	0		0	11	1	0		kern	otf	CFF	29400	no	Zuzana Licko	Emigre Inc	EMGR	http://typekit.com/eulas/00000000000000007735b2fe	
/Users/bardiasamiee/Library/Application Support/Adobe/CoreSync/plugins/livetype/.r/.28483.otf	0	Mrs Eaves OT	Bold Italic	MrsEavesOT-BoldItalic	MrsEavesOT-BoldItalic			Version 2.002;PS 002.002;hotconv 1.0.50;makeotf.lib2.0.16970	2.002	700	5	1		520	0	0		0	11	1	0	liga,dlig,onum,lnum,tnum,pnum,salt,frac,sups,case,aalt,titl	kern	otf	CFF	62760	no	Zuzana Licko	Emigre Graphics	EMGR	http://typekit.com/eulas/00000000000000007735b2fd	
/Users/bardiasamiee/Library/Application Support/Adobe/CoreSync/plugins/livetype/.r/.28484.otf	0	Mrs Eaves OT	Regular	MrsEavesOT-Roman	MrsEavesOT-Roman		Roman	Version 2.002;PS 002.002;hotconv 1.0.50;makeotf.lib2.0.16970	2.002	400	5	0		1161	0	0		0	11	1	0	liga,dlig,smcp,c2sc,onum,lnum,tnum,pnum,salt,frac,sups,subs,case,ordn,aalt,titl,numr,dnom	kern	otf	CFF	177816	no	Zuzana Licko	Emigre Graphics	EMGR	http://typekit.com/eulas/00000000000000007735b2ff	
/Users/bardiasamiee/Library/Application Support/Adobe/CoreSync/plugins/livetype/.r/.28485.otf	0	Mrs Eaves OT	Bold	MrsEavesOT-Bold	MrsEavesOT-Bold			Version 2.002;PS 002.002;hotconv 1.0.50;makeotf.lib2.0.16970	2.002	700	5	0		521	0	0		0	11	1	0	liga,dlig,onum,lnum,tnum,pnum,salt,frac,sups,case,aalt,titl	kern	otf	CFF	63156	no	Zuzana Licko	Emigre Graphics	EMGR	http://typekit.com/eulas/00000000000000007735b300	
/Users/bardiasamiee/Library/Application Support/Adobe/CoreSync/plugins/livetype/.r/.28486.otf	0	Mrs Eaves OT	Italic	MrsEavesOT-Italic	MrsEavesOT-Italic			Version 2.002;PS 002.002;hotconv 1.0.50;makeotf.lib2.0.16970	2.002	400	5	1		524	0	0		0	11	1	0	liga,dlig,onum,lnum,tnum,pnum,salt,frac,sups,case,aalt,titl	kern	otf	CFF	73636	no	Zuzana Licko	Emigre Graphics	EMGR	http://typekit.com/eulas/00000000000000007735b301	
/Users/bardiasamiee/Library/Application Support/Adobe/CoreSync/plugins/livetype/.r/.28896.otf	0	Roboto Mono Thin	Italic	Roboto Mono Thin Italic	RobotoMono-ThinItalic	Roboto Mono	Thin Italic	Version 2.000985; 2015; ttfautohint (v1.3)	2.001	250	5	1		1041	0	0		1	145	75	255	smcp		otf	glyf	121552	no	Google		pyrs	http://typekit.com/eulas/00000000000000007735a095	
/Users/bardiasamiee/Library/Application Support/Adobe/CoreSync/plugins/livetype/.r/.28897.otf	0	Roboto Mono Thin	Regular	Roboto Mono Thin	RobotoMono-Thin	Roboto Mono	Thin	Version 2.000985; 2015; ttfautohint (v1.3)	2.001	250	5	0		1041	0	0		1	145	75	255	smcp		otf	glyf	118196	no	Google		pyrs	http://typekit.com/eulas/00000000000000007735a091	
/Users/bardiasamiee/Library/Application Support/Adobe/CoreSync/plugins/livetype/.r/.28898.otf	0	Roboto Mono Light	Italic	Roboto Mono Light Italic	RobotoMono-LightItalic	Roboto Mono	Light Italic	Version 2.000985; 2015; ttfautohint (v1.3)	2.001	300	5	1		1041	0	0		1	145	75	255	smcp		otf	glyf	127664	no	Google		pyrs	http://typekit.com/eulas/00000000000000007735a093	
/Users/bardiasamiee/Library/Application Support/Adobe/CoreSync/plugins/livetype/.r/.28899.otf	0	Roboto Mono Light	Regular	Roboto Mono Light	RobotoMono-Light	Roboto Mono	Light	Version 2.000985; 2015; ttfautohint (v1.3)	2.001	300	5	0		1041	0	0		1	145	75	255	smcp		otf	glyf	119040	no	Google		pyrs	http://typekit.com/eulas/00000000000000007735a0a2	
/Users/bardiasamiee/Library/Application Support/Adobe/CoreSync/plugins/livetype/.r/.28900.otf	0	Roboto Mono	Italic	Roboto Mono Italic	RobotoMono-Italic			Version 2.000985; 2015; ttfautohint (v1.3)	2.001	400	5	1		1041	0	0		1	145	75	255	smcp		otf	glyf	120928	no	Google		pyrs	http://typekit.com/eulas/00000000000000007735a0a9	
/Users/bardiasamiee/Library/Application Support/Adobe/CoreSync/plugins/livetype/.r/.28901.otf	0	Roboto Mono	Regular	Roboto Mono	RobotoMono-Regular			Version 2.000985; 2015; ttfautohint (v1.3)	2.001	400	5	0		1041	0	0		1	145	75	255	smcp		otf	glyf	114700	no	Google		pyrs	http://typekit.com/eulas/00000000000000007735a098	
/Users/bardiasamiee/Library/Application Support/Adobe/CoreSync/plugins/livetype/.r/.28902.otf	0	Roboto Mono Medium	Regular	Roboto Mono Medium	RobotoMono-Medium	Roboto Mono	Medium	Version 2.000985; 2015; ttfautohint (v1.3)	2.001	500	5	0		1041	0	0		1	145	75	255	smcp		otf	glyf	114756	no	Google		pyrs	http://typekit.com/eulas/00000000000000007735a0a1	
/Users/bardiasamiee/Library/Application Support/Adobe/CoreSync/plugins/livetype/.r/.28903.otf	0	Roboto Mono Medium	Italic	Roboto Mono Medium Italic	RobotoMono-MediumItalic	Roboto Mono	Medium Italic	Version 2.000985; 2015; ttfautohint (v1.3)	2.001	500	5	1		1041	0	0		1	145	75	255	smcp		otf	glyf	123736	no	Google		pyrs	http://typekit.com/eulas/00000000000000007735a0a7	
/Users/bardiasamiee/Library/Application Support/Adobe/CoreSync/plugins/livetype/.r/.28904.otf	0	Roboto Mono	Bold Italic	Roboto Mono Bold Italic	RobotoMono-BoldItalic			Version 2.000985; 2015; ttfautohint (v1.3)	2.001	700	5	1		1041	0	0		1	145	75	255	smcp		otf	glyf	122904	no	Google		pyrs	http://typekit.com/eulas/00000000000000007735a0ab	
/Users/bardiasamiee/Library/Application Support/Adobe/CoreSync/plugins/livetype/.r/.28905.otf	0	Roboto Mono	Bold	Roboto Mono Bold	RobotoMono-Bold			Version 2.000985; 2015; ttfautohint (v1.3)	2.001	700	5	0		1041	0	0		1	145	75	255	smcp		otf	glyf	114848	no	Google		pyrs	http://typekit.com/eulas/00000000000000007735a0ad	
/Users/bardiasamiee/Library/Application Support/Adobe/CoreSync/plugins/livetype/.r/.28906.otf	0	Roboto Slab	Thin	Roboto Slab Thin	RobotoSlab-Thin	Roboto Slab	Thin	Version 1.100263; 2013; ttfautohint (v0.94.20-1c74) -l 8 -r 12 -G 200 -x 14 -w "" -W	1.000	250	5	0		1052	0	0		1	145	75	255	liga,smcp,lnum,ss01,ss02,ss03,ss04	kern	otf	glyf	181312	no	Google		pyrs	http://typekit.com/eulas/00000000000000007735b23e	
/Users/bardiasamiee/Library/Application Support/Adobe/CoreSync/plugins/livetype/.r/.28907.otf	0	Roboto Slab	Light	Roboto Slab Light	RobotoSlab-Light	Roboto Slab	Light	Version 1.100263; 2013; ttfautohint (v0.94.20-1c74) -l 8 -r 12 -G 200 -x 14 -w "" -W	1.000	300	5	0		1052	0	0		1	145	75	255	liga,smcp,lnum,ss01,ss02,ss03,ss04	kern	otf	glyf	179252	no	Google		pyrs	http://typekit.com/eulas/00000000000000007735b239	
/Users/bardiasamiee/Library/Application Support/Adobe/CoreSync/plugins/livetype/.r/.28908.otf	0	Roboto Slab	Regular	Roboto Slab Regular	RobotoSlab-Regular	Roboto Slab	Regular	Version 1.100263; 2013; ttfautohint (v0.94.20-1c74) -l 8 -r 12 -G 200 -x 14 -w "" -W	1.000	400	5	0		1052	0	0		1	145	75	255	liga,smcp,lnum,ss01,ss02,ss03,ss04	kern	otf	glyf	169220	no	Google		pyrs	http://typekit.com/eulas/00000000000000007735b236	
/Users/bardiasamiee/Library/Application Support/Adobe/CoreSync/plugins/livetype/.r/.28909.otf	0	Roboto Slab	Bold	Roboto Slab Bold	RobotoSlab-Bold	Roboto Slab	Bold	Version 1.100263; 2013; ttfautohint (v0.94.20-1c74) -l 8 -r 12 -G 200 -x 14 -w "" -W	1.000	700	5	0		1052	0	0		1	145	75	255	liga,smcp,lnum,ss01,ss02,ss03,ss04	kern	otf	glyf	170772	no	Google		pyrs	http://typekit.com/eulas/00000000000000007735b23b	
/Users/bardiasamiee/Library/Application Support/Adobe/CoreSync/plugins/livetype/.r/.32874.otf	0	Futura PT Bold	Regular	Futura PT Bold	FuturaPT-Bold	Futura PT	Bold	Version 1.009	1.009	700	5	0		620	0	0		1	125	4	175	liga,tnum,pnum,frac,sups,case,ordn,aalt,locl,ccmp	kern	otf	CFF	123304	no	Paul Renner,Vladimir Yefimov, Isabella Chaeva	ParaType Ltd	PARA	http://typekit.com/eulas/00000000000000000001b356	
/Users/bardiasamiee/Library/Application Support/Adobe/CoreSync/plugins/livetype/.r/.32875.otf	0	Futura PT Bold	Italic	Futura PT Bold Oblique	FuturaPT-BoldObl	Futura PT	Bold Oblique	Version 1.009	1.009	700	5	1		620	0	0		1	125	4	175	liga,tnum,pnum,frac,sups,case,ordn,aalt,locl,ccmp	kern	otf	CFF	121840	no	Paul Renner,Vladimir Yefimov, Isabella Chaeva	ParaType Ltd	PARA	http://typekit.com/eulas/00000000000000000001b357	
/Users/bardiasamiee/Library/Application Support/Adobe/CoreSync/plugins/livetype/.r/.39281.otf	0	ITCFranklinGothic LT Pro BkCm	Regular	FranklinGothicLTPro-BkCm	FranklinGothicLTPro-BkCm	ITC Franklin Gothic LT Pro	Book Compressed	Version 1.000 Build 1000	1.000	400	3	0		388	0	0		0	128	4	0	liga,dlig,frac,sups,case,ordn,aalt,locl	kern	otf	CFF	42788	no	Vic Caruso	Monotype ITC Inc.	ITC	http://typekit.com/eulas/00000000000000007735bbcb	
/Users/bardiasamiee/Library/Application Support/Adobe/CoreSync/plugins/livetype/.r/.39282.otf	0	ITCFranklinGothic LT Pro BkCm	Italic	FranklinGothicLTPro-BkCmIt	FranklinGothicLTPro-BkCmIt	ITC Franklin Gothic LT Pro	Book Compressed Italic	Version 1.000 Build 1000	1.000	400	3	1		388	0	0		0	128	4	0	liga,dlig,frac,sups,case,ordn,aalt,locl	kern	otf	CFF	49276	no	Vic Caruso	Monotype ITC Inc.	ITC	http://typekit.com/eulas/00000000000000007735bbd0	
/Users/bardiasamiee/Library/Application Support/Adobe/CoreSync/plugins/livetype/.r/.39283.otf	0	ITCFranklinGothic LT Pro BkCm	Bold	FranklinGothicLTPro-DmCm	FranklinGothicLTPro-DmCm	ITC Franklin Gothic LT Pro	Demi Compressed	Version 1.000 Build 1000	1.000	600	3	0		388	0	0		0	128	4	0	liga,dlig,frac,sups,case,ordn,aalt,locl	kern	otf	CFF	44760	no	Vic Caruso	Monotype ITC Inc.	ITC	http://typekit.com/eulas/00000000000000007735bbd4	
/Users/bardiasamiee/Library/Application Support/Adobe/CoreSync/plugins/livetype/.r/.39284.otf	0	ITCFranklinGothic LT Pro BkCm	Bold Italic	FranklinGothicLTPro-DmCmIt	FranklinGothicLTPro-DmCmIt	ITC Franklin Gothic LT Pro	Demi Compressed Italic	Version 1.000 Build 1000	1.000	600	3	1		388	0	0		0	128	4	0	liga,dlig,frac,sups,case,ordn,aalt,locl	kern	otf	CFF	49492	no	Vic Caruso	Monotype ITC Inc.	ITC	http://typekit.com/eulas/00000000000000007735bbd7	
/Users/bardiasamiee/Library/Application Support/Adobe/CoreSync/plugins/livetype/.r/.39285.otf	0	ITCFranklinGothic LT Pro CnBk	Regular	ITCFranklinGothic LT Pro CnBk	FranklinGothicLTPro-CnBk	ITCFranklinGothic LT Pro	CnBk	Version 1.10	1.100	400	3	0		527	0	0		1	128	4	0	liga,dlig,smcp,c2sc,onum,lnum,frac,sups,case,ordn,aalt,locl	kern	otf	CFF	61484	no	Victor Caruso, Morris Fuller Benton	Monotype ITC Inc.	ITC	http://typekit.com/eulas/00000000000000007735bbce	
/Users/bardiasamiee/Library/Application Support/Adobe/CoreSync/plugins/livetype/.r/.39286.otf	0	ITCFranklinGothic LT Pro CnBk	Italic	ITCFranklinGothic LT Pro CnBkIt	FranklinGothicLTPro-CnBkIt	ITCFranklinGothic LT Pro	CnBkIt	Version 1.10	1.100	400	3	1		390	0	0		1	128	4	0	liga,dlig,frac,sups,case,ordn,aalt,locl	kern	otf	CFF	44900	no	Victor Caruso, Morris Fuller Benton	Monotype ITC Inc.	ITC	http://typekit.com/eulas/00000000000000007735bbd6	
/Users/bardiasamiee/Library/Application Support/Adobe/CoreSync/plugins/livetype/.r/.39287.otf	0	ITCFranklinGothic LT Pro CnBk	Bold	ITCFranklinGothic LT Pro CnDm	FranklinGothicLTPro-CnDm	ITCFranklinGothic LT Pro	CnDm	Version 1.10	1.100	600	3	0		527	0	0		1	128	4	0	liga,dlig,smcp,c2sc,onum,lnum,frac,sups,case,ordn,aalt,locl	kern	otf	CFF	65424	no	Victor Caruso, Morris Fuller Benton	Monotype ITC Inc.	ITC	http://typekit.com/eulas/00000000000000007735bbd5	
/Users/bardiasamiee/Library/Application Support/Adobe/CoreSync/plugins/livetype/.r/.39288.otf	0	ITCFranklinGothic LT Pro CnBk	Bold Italic	ITCFranklinGothic LT Pro CnDmIt	FranklinGothicLTPro-CnDmIt	ITCFranklinGothic LT Pro	CnDmIt	Version 1.10	1.100	600	3	1		390	0	0		1	128	4	0	liga,dlig,frac,sups,case,ordn,aalt,locl	kern	otf	CFF	46772	no	Victor Caruso, Morris Fuller Benton	Monotype ITC Inc.	ITC	http://typekit.com/eulas/00000000000000007735bbd8	
/Users/bardiasamiee/Library/Application Support/Adobe/CoreSync/plugins/livetype/.r/.39289.otf	0	ITCFranklinGothic LT Pro CnMd	Regular	ITCFranklinGothic LT Pro CnMd	FranklinGothicLTPro-CnMd	ITCFranklinGothic LT Pro	CnMd	Version 1.10	1.100	500	3	0		527	0	0		1	128	4	0	liga,dlig,smcp,c2sc,onum,lnum,frac,sups,case,ordn,aalt,locl	kern	otf	CFF	60976	no	Victor Caruso, Morris Fuller Benton	Monotype ITC Inc.	ITC	http://typekit.com/eulas/00000000000000007735bbdb	
/Users/bardiasamiee/Library/Application Support/Adobe/CoreSync/plugins/livetype/.r/.39290.otf	0	ITCFranklinGothic LT Pro CnMd	Italic	ITCFranklinGothic LT Pro CnMdIt	FranklinGothicLTPro-CnMdIt	ITCFranklinGothic LT Pro	CnMdIt	Version 1.10	1.100	500	3	1		390	0	0		1	128	4	0	liga,dlig,frac,sups,case,ordn,aalt,locl	kern	otf	CFF	43952	no	Victor Caruso, Morris Fuller Benton	Monotype ITC Inc.	ITC	http://typekit.com/eulas/00000000000000007735bbde	
/Users/bardiasamiee/Library/Application Support/Adobe/CoreSync/plugins/livetype/.r/.39291.otf	0	ITCFranklinGothic LT Pro BkXCm	Regular	FranklinGothicLTPro-BkXCm	FranklinGothicLTPro-BkXCm	ITC Franklin Gothic LT Pro	Book Extra Compressed	Version 1.000 Build 1000	1.000	400	3	0		388	0	0		0	128	4	0	liga,dlig,frac,sups,case,ordn,aalt,locl	kern	otf	CFF	41672	no	Vic Caruso	Monotype ITC Inc.	ITC	http://typekit.com/eulas/00000000000000007735bbcf	
/Users/bardiasamiee/Library/Application Support/Adobe/CoreSync/plugins/livetype/.r/.39292.otf	0	ITCFranklinGothic LT Pro BkXCm	Bold	FranklinGothicLTPro-DmXCm	FranklinGothicLTPro-DmXCm	ITC Franklin Gothic LT Pro	Demi Extra Compressed	Version 1.000 Build 1000	1.000	600	3	0		388	0	0		0	128	4	0	liga,dlig,frac,sups,case,ordn,aalt,locl	kern	otf	CFF	43820	no	Vic Caruso	Monotype ITC Inc.	ITC	http://typekit.com/eulas/00000000000000007735bbd2	
/Users/bardiasamiee/Library/Application Support/Adobe/CoreSync/plugins/livetype/.r/.39347.otf	0	ITC Avant Garde Pro Md	Bold	ITCAvantGardePro-Bold	ITCAvantGardePro-Bold	ITC Avant Garde Gothic Pro	Bold	Version 2.000 Build 1000	2.000	700	5	0		940	0	0		0	137	3	0	liga,dlig,tnum,pnum,salt,frac,sups,case,ordn,aalt,numr,dnom,ss01,ss02,ss03,ss04,ss05	kern	otf	CFF	93524	no	Herb Lubalin and Tom Carnase	Monotype ITC Inc.	ITC	http://typekit.com/eulas/00000000000000007735ba14	
/Users/bardiasamiee/Library/Application Support/Adobe/CoreSync/plugins/livetype/.r/.39348.otf	0	ITC Avant Garde Pro Bk	Regular	ITCAvantGardePro-Bk	ITCAvantGardePro-Bk	ITC Avant Garde Gothic Pro	Book	Version 2.000 Build 1000	2.000	300	5	0		941	0	0		0	137	3	0	liga,dlig,tnum,pnum,salt,frac,sups,case,ordn,aalt,numr,dnom,ss01,ss02,ss03,ss04,ss05	kern	otf	CFF	95288	no	Herb Lubalin and Tom Carnase	Monotype ITC Inc.	ITC	http://typekit.com/eulas/00000000000000007735ba1d	
/Users/bardiasamiee/Library/Application Support/Adobe/CoreSync/plugins/livetype/.r/.39349.otf	0	ITC Avant Garde Pro Md	Regular	ITCAvantGardePro-Md	ITCAvantGardePro-Md	ITC Avant Garde Gothic Pro	Medium	Version 2.000 Build 1000	2.000	500	5	0		942	0	0		0	137	3	0	liga,dlig,tnum,pnum,salt,frac,sups,case,ordn,aalt,numr,dnom,ss01,ss02,ss03,ss04,ss05	kern	otf	CFF	91388	no	Herb Lubalin and Tom Carnase	Monotype ITC Inc.	ITC	http://typekit.com/eulas/00000000000000007735ba1e	
/Users/bardiasamiee/Library/Application Support/Adobe/CoreSync/plugins/livetype/.r/.39438.otf	0	Sabon LT Pro	Bold	SabonLTPro-Bold	SabonLTPro-Bold	Sabon LT Pro	Bold	Version 1.000 Build 1000	1.000	700	5	0		426	0	0		0	139	4	0	liga,dlig,onum,frac,sups,ordn,aalt,locl	kern	otf	CFF	53608	no	Jan Tschichold	Monotype Imaging	MONO	http://typekit.com/eulas/00000000000000007735ba7f	
/Users/bardiasamiee/Library/Application Support/Adobe/CoreSync/plugins/livetype/.r/.39439.otf	0	Sabon LT Pro	Bold Italic	SabonLTPro-BoldItalic	SabonLTPro-BoldItalic	Sabon LT Pro	Bold Italic	Version 1.000 Build 1000	1.000	700	5	1		426	0	0		0	139	4	0	liga,dlig,onum,frac,sups,ordn,aalt,locl	kern	otf	CFF	53592	no	Jan Tschichold	Monotype Imaging	MONO	http://typekit.com/eulas/00000000000000007735ba83	
/Users/bardiasamiee/Library/Application Support/Adobe/CoreSync/plugins/livetype/.r/.39440.otf	0	Sabon LT Pro	Italic	SabonLTPro-Italic	SabonLTPro-Italic	Sabon LT Pro	Italic	Version 1.000 Build 1000	1.000	400	5	1		426	0	0		0	139	4	0	liga,dlig,onum,frac,sups,ordn,aalt,locl	kern	otf	CFF	53648	no	Jan Tschichold	Monotype Imaging	MONO	http://typekit.com/eulas/00000000000000007735ba85	
/Users/bardiasamiee/Library/Application Support/Adobe/CoreSync/plugins/livetype/.r/.39441.otf	0	Sabon LT Pro	Regular	SabonLTPro-Roman	SabonLTPro-Roman	Sabon LT Pro	Roman	Version 2.000 Build 1000	2.000	400	5	0		590	0	0		0	139	4	0	liga,dlig,smcp,c2sc,onum,frac,sups,ordn,aalt,locl	kern	otf	CFF	70064	no	Jan Tschichold	Monotype Imaging	MONO	http://typekit.com/eulas/00000000000000007735ba86	
/Users/bardiasamiee/Library/Application Support/Adobe/CoreSync/plugins/livetype/.r/.39473.otf	0	Neo Sans W1G Black	Regular	NeoSansW1G-Black	NeoSansW1G-Black	Neo Sans W1G	Black	Version 1.000	1.000	900	5	0		691	0	0		0	133	75	126	liga,dlig,onum,lnum,tnum,pnum,frac,sups,subs,case,ordn,aalt,locl,numr,dnom	kern	otf	CFF	97904	no	Sebastian Lester		MONO	http://typekit.com/eulas/00000000000000007735bb3b	
/Users/bardiasamiee/Library/Application Support/Adobe/CoreSync/plugins/livetype/.r/.39474.otf	0	Neo Sans W1G Black	Italic	NeoSansW1G-BlackItalic	NeoSansW1G-BlackItalic	Neo Sans W1G	Black Italic	Version 1.000	1.000	900	5	1		691	0	0		0	133	75	126	liga,dlig,onum,lnum,tnum,pnum,frac,sups,subs,case,ordn,aalt,locl,numr,dnom	kern	otf	CFF	109120	no	Sebastian Lester		MONO	http://typekit.com/eulas/00000000000000007735bb41	
/Users/bardiasamiee/Library/Application Support/Adobe/CoreSync/plugins/livetype/.r/.39475.otf	0	Neo Sans W1G	Bold	NeoSansW1G-Bold	NeoSansW1G-Bold	Neo Sans W1G	Bold	Version 1.000	1.000	700	5	0		691	0	0		0	133	75	126	liga,dlig,onum,lnum,tnum,pnum,frac,sups,subs,case,ordn,aalt,locl,numr,dnom	kern	otf	CFF	97388	no	Sebastian Lester		MONO	http://typekit.com/eulas/00000000000000007735bb57	
/Users/bardiasamiee/Library/Application Support/Adobe/CoreSync/plugins/livetype/.r/.39476.otf	0	Neo Sans W1G	Bold Italic	NeoSansW1G-BoldItalic	NeoSansW1G-BoldItalic	Neo Sans W1G	Bold Italic	Version 1.000	1.000	700	5	1		691	0	0		0	133	75	126	liga,dlig,onum,lnum,tnum,pnum,frac,sups,subs,case,ordn,aalt,locl,numr,dnom	kern	otf	CFF	108084	no	Sebastian Lester		MONO	http://typekit.com/eulas/00000000000000007735bb45	
/Users/bardiasamiee/Library/Application Support/Adobe/CoreSync/plugins/livetype/.r/.39477.otf	0	Neo Sans W1G	Italic	NeoSansW1G-Italic	NeoSansW1G-Italic	Neo Sans W1G	Italic	Version 1.000	1.000	400	5	1		691	0	0		0	133	75	126	liga,dlig,onum,lnum,tnum,pnum,frac,sups,subs,case,ordn,aalt,locl,numr,dnom	kern	otf	CFF	108724	no	Sebastian Lester		MONO	http://typekit.com/eulas/00000000000000007735bb40	
/Users/bardiasamiee/Library/Application Support/Adobe/CoreSync/plugins/livetype/.r/.39478.otf	0	Neo Sans W1G Light	Regular	NeoSansW1G-Light	NeoSansW1G-Light	Neo Sans W1G	Light	Version 1.000	1.000	300	5	0		691	0	0		0	133	75	126	liga,dlig,onum,lnum,tnum,pnum,frac,sups,subs,case,ordn,aalt,locl,numr,dnom	kern	otf	CFF	95288	no	Sebastian Lester		MONO	http://typekit.com/eulas/00000000000000007735bb43	
/Users/bardiasamiee/Library/Application Support/Adobe/CoreSync/plugins/livetype/.r/.39479.otf	0	Neo Sans W1G Light	Italic	NeoSansW1G-LightItalic	NeoSansW1G-LightItalic	Neo Sans W1G	Light Italic	Version 1.000	1.000	300	5	1		691	0	0		0	133	75	126	liga,dlig,onum,lnum,tnum,pnum,frac,sups,subs,case,ordn,aalt,locl,numr,dnom	kern	otf	CFF	108476	no	Sebastian Lester		MONO	http://typekit.com/eulas/00000000000000007735bb4d	
/Users/bardiasamiee/Library/Application Support/Adobe/CoreSync/plugins/livetype/.r/.39480.otf	0	Neo Sans W1G Medium	Regular	NeoSansW1G-Medium	NeoSansW1G-Medium	Neo Sans W1G	Medium	Version 1.000	1.000	500	5	0		691	0	0		0	133	75	126	liga,dlig,onum,lnum,tnum,pnum,frac,sups,subs,case,ordn,aalt,locl,numr,dnom	kern	otf	CFF	98972	no	Sebastian Lester		MONO	http://typekit.com/eulas/00000000000000007735bb56	
/Users/bardiasamiee/Library/Application Support/Adobe/CoreSync/plugins/livetype/.r/.39481.otf	0	Neo Sans W1G Medium	Italic	NeoSansW1G-MediumItalic	NeoSansW1G-MediumItalic	Neo Sans W1G	Medium Italic	Version 1.000	1.000	500	5	1		691	0	0		0	133	75	126	liga,dlig,onum,lnum,tnum,pnum,frac,sups,subs,case,ordn,aalt,locl,numr,dnom	kern	otf	CFF	105068	no	Sebastian Lester		MONO	http://typekit.com/eulas/00000000000000007735bb5b	
/Users/bardiasamiee/Library/Application Support/Adobe/CoreSync/plugins/livetype/.r/.39482.otf	0	Neo Sans W1G	Regular	NeoSansW1G-Regular	NeoSansW1G-Regular	Neo Sans W1G	Regular	Version 1.000	1.000	400	5	0		691	0	0		0	133	75	126	liga,dlig,onum,lnum,tnum,pnum,frac,sups,subs,case,ordn,aalt,locl,numr,dnom	kern	otf	CFF	96948	no	Sebastian Lester		MONO	http://typekit.com/eulas/00000000000000007735bb5f	
/Users/bardiasamiee/Library/Application Support/Adobe/CoreSync/plugins/livetype/.r/.39483.otf	0	Neo Sans W1G Ultra	Regular	NeoSansW1G-Ultra	NeoSansW1G-Ultra	Neo Sans W1G	Ultra	Version 1.000	1.000	900	5	0		691	0	0		0	133	75	126	liga,dlig,onum,lnum,tnum,pnum,frac,sups,subs,case,ordn,aalt,locl,numr,dnom	kern	otf	CFF	98872	no	Sebastian Lester		MONO	http://typekit.com/eulas/00000000000000007735bb63	
/Users/bardiasamiee/Library/Application Support/Adobe/CoreSync/plugins/livetype/.r/.39484.otf	0	Neo Sans W1G Ultra	Italic	NeoSansW1G-UltraItalic	NeoSansW1G-UltraItalic	Neo Sans W1G	Ultra Italic	Version 1.000	1.000	900	5	1		691	0	0		0	133	75	126	liga,dlig,onum,lnum,tnum,pnum,frac,sups,subs,case,ordn,aalt,locl,numr,dnom	kern	otf	CFF	109072	no	Sebastian Lester		MONO	http://typekit.com/eulas/00000000000000007735bb66	
/Users/bardiasamiee/Library/Application Support/Adobe/CoreSync/plugins/livetype/.r/.39485.otf	0	Neue Aachen Pro	Bold	NeueAachenPro-Bold	NeueAachenPro-Bold			Version 1.00	1.000	700	5	0		444	0	0		0	133	4	0	liga,frac,sups,subs,aalt,locl,numr,dnom,ss01	kern	otf	CFF	66284	no	Jim Wasco	International Typeface Corporation	ITC	http://typekit.com/eulas/00000000000000007735b9fe	
/Users/bardiasamiee/Library/Application Support/Adobe/CoreSync/plugins/livetype/.r/.39486.otf	0	Neue Aachen Pro Light	Regular	NeueAachenPro-Light	NeueAachenPro-Light	Neue Aachen Pro	Light	Version 1.00	1.000	300	5	0		444	0	0		0	133	4	0	liga,frac,sups,subs,aalt,locl,numr,dnom,ss01	kern	otf	CFF	66268	no	Jim Wasco	International Typeface Corporation	ITC	http://typekit.com/eulas/00000000000000007735b9ff	
/Users/bardiasamiee/Library/Application Support/Adobe/CoreSync/plugins/livetype/.r/.39487.otf	0	Neue Aachen Pro	Regular	NeueAachenPro-Regular	NeueAachenPro-Regular			Version 1.00	1.000	400	5	0		444	0	0		0	133	4	0	liga,frac,sups,subs,aalt,locl,numr,dnom,ss01	kern	otf	CFF	68196	no	Jim Wasco	International Typeface Corporation	ITC	http://typekit.com/eulas/00000000000000007735ba00	
/Users/bardiasamiee/Library/Application Support/Adobe/CoreSync/plugins/livetype/.r/.39488.otf	0	NeueHaasGroteskDisp Pro UltTh	Regular	NHaasGroteskDSPro-15UltTh	NHaasGroteskDSPro-15UltTh	Neue Haas Grotesk Display Pro	15 Ultra Thin	Version 1.02	1.001	250	5	0		512	0	0		0	137	4	0	liga,calt,salt,frac,sups,subs,case,ordn,locl,numr,dnom,ss01,ss02,ss03	kern	otf	CFF	74272	no	Christian Schwartz	Linotype GmbH	LINO	http://typekit.com/eulas/00000000000000007735bb34	
/Users/bardiasamiee/Library/Application Support/Adobe/CoreSync/plugins/livetype/.r/.39489.otf	0	NeueHaasGroteskDisp Pro UltTh	Italic	NHaasGroteskDSPro-16UltThIt	NHaasGroteskDSPro-16UltThIt	Neue Haas Grotesk Display Pro	16 Ultra Thin Italic	Version 1.02	1.001	250	5	1		512	0	0		0	137	4	0	liga,calt,salt,frac,sups,subs,case,ordn,locl,numr,dnom,ss01,ss02,ss03	kern	otf	CFF	86444	no	Christian Schwartz	Linotype GmbH	LINO	http://typekit.com/eulas/00000000000000007735bb36	
/Users/bardiasamiee/Library/Application Support/Adobe/CoreSync/plugins/livetype/.r/.39490.otf	0	NeueHaasGroteskDisp Pro Thin	Regular	NHaasGroteskDSPro-25Th	NHaasGroteskDSPro-25Th	Neue Haas Grotesk Display Pro	25 Thin	Version 1.02	1.001	300	5	0		512	0	0		0	137	4	0	liga,calt,salt,frac,sups,subs,case,ordn,locl,numr,dnom,ss01,ss02,ss03	kern	otf	CFF	76072	no	Christian Schwartz	Linotype GmbH	LINO	http://typekit.com/eulas/00000000000000007735bb38	
/Users/bardiasamiee/Library/Application Support/Adobe/CoreSync/plugins/livetype/.r/.39491.otf	0	NeueHaasGroteskDisp Pro Thin	Italic	NHaasGroteskDSPro-26ThIt	NHaasGroteskDSPro-26ThIt	Neue Haas Grotesk Display Pro	26 Thin Italic	Version 1.02	1.001	300	5	1		512	0	0		0	137	4	0	liga,calt,salt,frac,sups,subs,case,ordn,locl,numr,dnom,ss01,ss02,ss03	kern	otf	CFF	92076	no	Christian Schwartz	Linotype GmbH	LINO	http://typekit.com/eulas/00000000000000007735bb4c	
/Users/bardiasamiee/Library/Application Support/Adobe/CoreSync/plugins/livetype/.r/.39492.otf	0	NeueHaasGroteskDisp Pro XLt	Regular	NHaasGroteskDSPro-35XLt	NHaasGroteskDSPro-35XLt	Neue Haas Grotesk Display Pro	35 Extra Light	Version 1.02	1.001	350	5	0		512	0	0		0	137	4	0	liga,calt,salt,frac,sups,subs,case,ordn,locl,numr,dnom,ss01,ss02,ss03	kern	otf	CFF	83172	no	Christian Schwartz	Linotype GmbH	LINO	http://typekit.com/eulas/00000000000000007735bb55	
/Users/bardiasamiee/Library/Application Support/Adobe/CoreSync/plugins/livetype/.r/.39493.otf	0	NeueHaasGroteskDisp Pro XLt	Italic	NHaasGroteskDSPro-36XLtIt	NHaasGroteskDSPro-36XLtIt	Neue Haas Grotesk Display Pro	36 Extra Light Italic	Version 1.02	1.001	350	5	1		512	0	0		0	137	4	0	liga,calt,salt,frac,sups,subs,case,ordn,locl,numr,dnom,ss01,ss02,ss03	kern	otf	CFF	90236	no	Christian Schwartz	Linotype GmbH	LINO	http://typekit.com/eulas/00000000000000007735bb42	
/Users/bardiasamiee/Library/Application Support/Adobe/CoreSync/plugins/livetype/.r/.39494.otf	0	NeueHaasGroteskDisp Pro Lt	Regular	NHaasGroteskDSPro-45Lt	NHaasGroteskDSPro-45Lt	Neue Haas Grotesk Display Pro	45 Light	Version 1.02	1.001	400	5	0		512	0	0		0	137	4	0	liga,calt,salt,frac,sups,subs,case,ordn,locl,numr,dnom,ss01,ss02,ss03	kern	otf	CFF	67200	no	Christian Schwartz	Linotype GmbH	LINO	http://typekit.com/eulas/00000000000000007735bb48	
/Users/bardiasamiee/Library/Application Support/Adobe/CoreSync/plugins/livetype/.r/.39495.otf	0	NeueHaasGroteskDisp Pro Lt	Italic	NHaasGroteskDSPro-46LtIt	NHaasGroteskDSPro-46LtIt	Neue Haas Grotesk Display Pro	46 Light Italic	Version 1.02	1.001	400	5	1		512	0	0		0	137	4	0	liga,calt,salt,frac,sups,subs,case,ordn,locl,numr,dnom,ss01,ss02,ss03	kern	otf	CFF	93036	no	Christian Schwartz	Linotype GmbH	LINO	http://typekit.com/eulas/00000000000000007735bb53	
/Users/bardiasamiee/Library/Application Support/Adobe/CoreSync/plugins/livetype/.r/.39496.otf	0	NeueHaasGroteskDisp Pro	Regular	NHaasGroteskDSPro-55Rg	NHaasGroteskDSPro-55Rg	Neue Haas Grotesk Display Pro	55 Roman	Version 1.02	1.001	450	5	0		512	0	0		0	137	4	0	liga,calt,salt,frac,sups,subs,case,ordn,locl,numr,dnom,ss01,ss02,ss03	kern	otf	CFF	79832	no	Christian Schwartz	Linotype GmbH	LINO	http://typekit.com/eulas/00000000000000007735bb5a	
/Users/bardiasamiee/Library/Application Support/Adobe/CoreSync/plugins/livetype/.r/.39497.otf	0	NeueHaasGroteskDisp Pro	Italic	NHaasGroteskDSPro-56It	NHaasGroteskDSPro-56It	Neue Haas Grotesk Display Pro	56 Italic	Version 1.02	1.001	450	5	1		512	0	0		0	137	4	0	liga,calt,salt,frac,sups,subs,case,ordn,locl,numr,dnom,ss01,ss02,ss03	kern	otf	CFF	88660	no	Christian Schwartz	Linotype GmbH	LINO	http://typekit.com/eulas/00000000000000007735bb5e	
/Users/bardiasamiee/Library/Application Support/Adobe/CoreSync/plugins/livetype/.r/.39498.otf	0	NeueHaasGroteskDisp Pro Md	Regular	NHaasGroteskDSPro-65Md	NHaasGroteskDSPro-65Md	Neue Haas Grotesk Display Pro	65 Medium	Version 1.02	1.001	500	5	0		512	0	0		0	137	4	0	liga,calt,salt,frac,sups,subs,case,ordn,locl,numr,dnom,ss01,ss02,ss03	kern	otf	CFF	86000	no	Christian Schwartz	Linotype GmbH	LINO	http://typekit.com/eulas/00000000000000007735bb62	
/Users/bardiasamiee/Library/Application Support/Adobe/CoreSync/plugins/livetype/.r/.39499.otf	0	NeueHaasGroteskDisp Pro Md	Italic	NHaasGroteskDSPro-66MdIt	NHaasGroteskDSPro-66MdIt	Neue Haas Grotesk Display Pro	66 Medium Italic	Version 1.02	1.001	500	5	1		512	0	0		0	137	4	0	liga,calt,salt,frac,sups,subs,case,ordn,locl,numr,dnom,ss01,ss02,ss03	kern	otf	CFF	94156	no	Christian Schwartz	Linotype GmbH	LINO	http://typekit.com/eulas/00000000000000007735bb67	
/Users/bardiasamiee/Library/Application Support/Adobe/CoreSync/plugins/livetype/.r/.39500.otf	0	NeueHaasGroteskDisp Pro	Bold	NHaasGroteskDSPro-75Bd	NHaasGroteskDSPro-75Bd	Neue Haas Grotesk Display Pro	75 Bold	Version 1.02	1.001	700	5	0		512	0	0		0	137	4	0	liga,calt,salt,frac,sups,subs,case,ordn,locl,numr,dnom,ss01,ss02,ss03	kern	otf	CFF	70404	no	Christian Schwartz	Linotype GmbH	LINO	http://typekit.com/eulas/00000000000000007735bb6a	
/Users/bardiasamiee/Library/Application Support/Adobe/CoreSync/plugins/livetype/.r/.39501.otf	0	NeueHaasGroteskDisp Pro	Bold Italic	NHaasGroteskDSPro-76BdIt	NHaasGroteskDSPro-76BdIt	Neue Haas Grotesk Display Pro	76 Bold Italic	Version 1.02	1.001	700	5	1		512	0	0		0	137	4	0	liga,calt,salt,frac,sups,subs,case,ordn,locl,numr,dnom,ss01,ss02,ss03	kern	otf	CFF	83080	no	Christian Schwartz	Linotype GmbH	LINO	http://typekit.com/eulas/00000000000000007735bb6c	
/Users/bardiasamiee/Library/Application Support/Adobe/CoreSync/plugins/livetype/.r/.39502.otf	0	NeueHaasGroteskDisp Pro Blk	Regular	NHaasGroteskDSPro-95Blk	NHaasGroteskDSPro-95Blk	Neue Haas Grotesk Display Pro	95 Black	Version 1.02	1.001	900	5	0		512	0	0		0	137	4	0	liga,calt,salt,frac,sups,subs,case,ordn,locl,numr,dnom,ss01,ss02,ss03	kern	otf	CFF	82808	no	Christian Schwartz	Linotype GmbH	LINO	http://typekit.com/eulas/00000000000000007735bb6e	
/Users/bardiasamiee/Library/Application Support/Adobe/CoreSync/plugins/livetype/.r/.39503.otf	0	NeueHaasGroteskDisp Pro Blk	Italic	NHaasGroteskDSPro-96BlkIt	NHaasGroteskDSPro-96BlkIt	Neue Haas Grotesk Display Pro	96 Black Italic	Version 1.02	1.001	900	5	1		512	0	0		0	137	4	0	liga,calt,salt,frac,sups,subs,case,ordn,locl,numr,dnom,ss01,ss02,ss03	kern	otf	CFF	91240	no	Christian Schwartz	Linotype GmbH	LINO	http://typekit.com/eulas/00000000000000007735bb70	
/Users/bardiasamiee/Library/Application Support/Adobe/CoreSync/plugins/livetype/.r/.39504.otf	0	NeueHaasGroteskText Pro	Regular	NHaasGroteskTXPro-55Rg	NHaasGroteskTXPro-55Rg	Neue Haas Grotesk Text Pro	55 Roman	Version 1.02	1.001	400	5	0		537	0	0		0	137	4	0	liga,calt,tnum,pnum,salt,frac,sups,subs,case,ordn,aalt,locl,numr,dnom,ss01,ss03	kern	otf	CFF	87808	no	Christian Schwartz	Linotype GmbH	LINO	http://typekit.com/eulas/00000000000000007735bb33	
/Users/bardiasamiee/Library/Application Support/Adobe/CoreSync/plugins/livetype/.r/.39505.otf	0	NeueHaasGroteskText Pro	Italic	NHaasGroteskTXPro-56It	NHaasGroteskTXPro-56It	Neue Haas Grotesk Text Pro	56 Italic	Version 1.02	1.001	400	5	1		537	0	0		0	137	4	0	liga,calt,tnum,pnum,salt,frac,sups,subs,case,ordn,aalt,locl,numr,dnom,ss01,ss03	kern	otf	CFF	94012	no	Christian Schwartz	Linotype GmbH	LINO	http://typekit.com/eulas/00000000000000007735bb35	
/Users/bardiasamiee/Library/Application Support/Adobe/CoreSync/plugins/livetype/.r/.39506.otf	0	NeueHaasGroteskText Pro Md	Regular	NHaasGroteskTXPro-65Md	NHaasGroteskTXPro-65Md	Neue Haas Grotesk Text Pro	65 Medium	Version 1.02	1.001	500	5	0		537	0	0		0	137	4	0	liga,calt,tnum,pnum,salt,frac,sups,subs,case,ordn,aalt,locl,numr,dnom,ss01,ss03	kern	otf	CFF	94292	no	Christian Schwartz	Linotype GmbH	LINO	http://typekit.com/eulas/00000000000000007735bb32	
/Users/bardiasamiee/Library/Application Support/Adobe/CoreSync/plugins/livetype/.r/.39507.otf	0	NeueHaasGroteskText Pro Md	Italic	NHaasGroteskTXPro-66MdIt	NHaasGroteskTXPro-66MdIt	Neue Haas Grotesk Text Pro	66 Medium Italic	Version 1.02	1.001	500	5	1		537	0	0		0	137	4	0	liga,calt,tnum,pnum,salt,frac,sups,subs,case,ordn,aalt,locl,numr,dnom,ss01,ss03	kern	otf	CFF	102624	no	Christian Schwartz	Linotype GmbH	LINO	http://typekit.com/eulas/00000000000000007735bb4b	
/Users/bardiasamiee/Library/Application Support/Adobe/CoreSync/plugins/livetype/.r/.39508.otf	0	NeueHaasGroteskText Pro	Bold	NHaasGroteskTXPro-75Bd	NHaasGroteskTXPro-75Bd	Neue Haas Grotesk Text Pro	75 Bold	Version 1.02	1.001	700	5	0		537	0	0		0	137	4	0	liga,calt,tnum,pnum,salt,frac,sups,subs,case,ordn,aalt,locl,numr,dnom,ss01,ss03	kern	otf	CFF	92860	no	Christian Schwartz	Linotype GmbH	LINO	http://typekit.com/eulas/00000000000000007735bb39	
/Users/bardiasamiee/Library/Application Support/Adobe/CoreSync/plugins/livetype/.r/.39509.otf	0	NeueHaasGroteskText Pro	Bold Italic	NHaasGroteskTXPro-76BdIt	NHaasGroteskTXPro-76BdIt	Neue Haas Grotesk Text Pro	76 Bold Italic	Version 1.02	1.001	700	5	1		537	0	0		0	137	4	0	liga,calt,tnum,pnum,salt,frac,sups,subs,case,ordn,aalt,locl,numr,dnom,ss01,ss03	kern	otf	CFF	91792	no	Christian Schwartz	Linotype GmbH	LINO	http://typekit.com/eulas/00000000000000007735bb3d	
/Users/bardiasamiee/Library/Application Support/Adobe/CoreSync/plugins/livetype/.r/.39510.otf	0	Neue Haas Unica W1G Black	Regular	Neue Haas Unica W1G Black	NeueHaasUnicaW1G-Black	Neue Haas Unica W1G	Black	Version 1.00	1.000	900	5	0		938	0	0		1	141	75	122	liga,smcp,c2sc,tnum,pnum,salt,frac,sups,subs,case,aalt,locl,numr,dnom,ss01	kern,mark	otf	CFF	140620	no	Toshi Omagari	Monotype Imaging Inc.	MONO	http://typekit.com/eulas/00000000000000007735bb02	
/Users/bardiasamiee/Library/Application Support/Adobe/CoreSync/plugins/livetype/.r/.39511.otf	0	Neue Haas Unica W1G Black	Italic	Neue Haas Unica W1G Black It	NeueHaasUnicaW1G-BlackIt	Neue Haas Unica W1G	Black Italic	Version 1.00	1.000	900	5	1		938	0	0		1	141	75	122	liga,smcp,c2sc,tnum,pnum,salt,frac,sups,subs,case,aalt,locl,numr,dnom,ss01	kern,mark	otf	CFF	144536	no	Toshi Omagari	Monotype Imaging Inc.	MONO	http://typekit.com/eulas/00000000000000007735bb04	
/Users/bardiasamiee/Library/Application Support/Adobe/CoreSync/plugins/livetype/.r/.39512.otf	0	Neue Haas Unica W1G	Bold	Neue Haas Unica W1G Bold	NeueHaasUnicaW1G-Bold	Neue Haas Unica W1G	Bold	Version 1.00	1.000	700	5	0		938	0	0		1	141	75	122	liga,smcp,c2sc,tnum,pnum,salt,frac,sups,subs,case,aalt,locl,numr,dnom,ss01	kern,mark	otf	CFF	137012	no	Toshi Omagari	Monotype Imaging Inc.	MONO	http://typekit.com/eulas/00000000000000007735bb07	
/Users/bardiasamiee/Library/Application Support/Adobe/CoreSync/plugins/livetype/.r/.39513.otf	0	Neue Haas Unica W1G	Bold Italic	Neue Haas Unica W1G Bold Italic	NeueHaasUnicaW1G-BoldItalic	Neue Haas Unica W1G	Bold Italic	Version 1.00	1.000	700	5	1		938	0	0		1	141	75	122	liga,smcp,c2sc,tnum,pnum,salt,frac,sups,subs,case,aalt,locl,numr,dnom,ss01	kern,mark	otf	CFF	140652	no	Toshi Omagari	Monotype Imaging Inc.	MONO	http://typekit.com/eulas/00000000000000007735bb0a	
/Users/bardiasamiee/Library/Application Support/Adobe/CoreSync/plugins/livetype/.r/.39514.otf	0	Neue Haas Unica W1G XBlack	Regular	Neue Haas Unica W1G XBlack	NeueHaasUnicaW1G-XBlack	Neue Haas Unica W1G	ExtraBlack	Version 1.00	1.000	1000	5	0		938	0	0		1	141	75	122	liga,smcp,c2sc,tnum,pnum,salt,frac,sups,subs,case,aalt,locl,numr,dnom,ss01	kern,mark	otf	CFF	138712	no	Toshi Omagari	Monotype Imaging Inc.	MONO	http://typekit.com/eulas/00000000000000007735bb0e	
/Users/bardiasamiee/Library/Application Support/Adobe/CoreSync/plugins/livetype/.r/.39515.otf	0	Neue Haas Unica W1G XBlack	Italic	Neue Haas Unica W1G XBlack It	NeueHaasUnicaW1G-XBlackIt	Neue Haas Unica W1G	ExtraBlack Italic	Version 1.00	1.000	1000	5	1		938	0	0		1	141	75	122	liga,smcp,c2sc,tnum,pnum,salt,frac,sups,subs,case,aalt,locl,numr,dnom,ss01	kern,mark	otf	CFF	141000	no	Toshi Omagari	Monotype Imaging Inc.	MONO	http://typekit.com/eulas/00000000000000007735bb11	
/Users/bardiasamiee/Library/Application Support/Adobe/CoreSync/plugins/livetype/.r/.39516.otf	0	Neue Haas Unica W1G Heavy	Regular	Neue Haas Unica W1G Heavy	NeueHaasUnicaW1G-Heavy	Neue Haas Unica W1G	Heavy	Version 1.00	1.000	800	5	0		938	0	0		1	141	75	122	liga,smcp,c2sc,tnum,pnum,salt,frac,sups,subs,case,aalt,locl,numr,dnom,ss01	kern,mark	otf	CFF	139648	no	Toshi Omagari	Monotype Imaging Inc.	MONO	http://typekit.com/eulas/00000000000000007735bb14	
/Users/bardiasamiee/Library/Application Support/Adobe/CoreSync/plugins/livetype/.r/.39517.otf	0	Neue Haas Unica W1G Heavy	Italic	Neue Haas Unica W1G Heavy It	NeueHaasUnicaW1G-HeavyIt	Neue Haas Unica W1G	Heavy Italic	Version 1.00	1.000	800	5	1		938	0	0		1	141	75	122	liga,smcp,c2sc,tnum,pnum,salt,frac,sups,subs,case,aalt,locl,numr,dnom,ss01	kern,mark	otf	CFF	143640	no	Toshi Omagari	Monotype Imaging Inc.	MONO	http://typekit.com/eulas/00000000000000007735bb17	
/Users/bardiasamiee/Library/Application Support/Adobe/CoreSync/plugins/livetype/.r/.39518.otf	0	Neue Haas Unica W1G	Italic	Neue Haas Unica W1G Italic	NeueHaasUnicaW1G-Italic	Neue Haas Unica W1G	Italic	Version 1.00	1.000	400	5	1		938	0	0		1	141	75	122	liga,smcp,c2sc,tnum,pnum,salt,frac,sups,subs,case,aalt,locl,numr,dnom,ss01	kern,mark	otf	CFF	139300	no	Toshi Omagari	Monotype Imaging Inc.	MONO	http://typekit.com/eulas/00000000000000007735bb1b	
/Users/bardiasamiee/Library/Application Support/Adobe/CoreSync/plugins/livetype/.r/.39519.otf	0	Neue Haas Unica W1G Light	Regular	Neue Haas Unica W1G Light	NeueHaasUnicaW1G-Light	Neue Haas Unica W1G	Light	Version 1.00	1.000	350	5	0		938	0	0		1	141	75	122	liga,smcp,c2sc,tnum,pnum,salt,frac,sups,subs,case,aalt,locl,numr,dnom,ss01	kern,mark	otf	CFF	133928	no	Toshi Omagari	Monotype Imaging Inc.	MONO	http://typekit.com/eulas/00000000000000007735bb1e	
/Users/bardiasamiee/Library/Application Support/Adobe/CoreSync/plugins/livetype/.r/.39520.otf	0	Neue Haas Unica W1G Light	Italic	Neue Haas Unica W1G Light It	NeueHaasUnicaW1G-LightIt	Neue Haas Unica W1G	Light Italic	Version 1.00	1.000	350	5	1		938	0	0		1	141	75	122	liga,smcp,c2sc,tnum,pnum,salt,frac,sups,subs,case,aalt,locl,numr,dnom,ss01	kern,mark	otf	CFF	138172	no	Toshi Omagari	Monotype Imaging Inc.	MONO	http://typekit.com/eulas/00000000000000007735bb21	
/Users/bardiasamiee/Library/Application Support/Adobe/CoreSync/plugins/livetype/.r/.39521.otf	0	Neue Haas Unica W1G Medium	Regular	Neue Haas Unica W1G Medium	NeueHaasUnicaW1G-Medium	Neue Haas Unica W1G	Medium	Version 1.00	1.000	500	5	0		938	0	0		1	141	75	122	liga,smcp,c2sc,tnum,pnum,salt,frac,sups,subs,case,aalt,locl,numr,dnom,ss01	kern,mark	otf	CFF	136228	no	Toshi Omagari	Monotype Imaging Inc.	MONO	http://typekit.com/eulas/00000000000000007735bb24	
/Users/bardiasamiee/Library/Application Support/Adobe/CoreSync/plugins/livetype/.r/.39522.otf	0	Neue Haas Unica W1G Medium	Italic	Neue Haas Unica W1G Medium It	NeueHaasUnicaW1G-MediumIt	Neue Haas Unica W1G	Medium Italic	Version 1.00	1.000	500	5	1		938	0	0		1	141	75	122	liga,smcp,c2sc,tnum,pnum,salt,frac,sups,subs,case,aalt,locl,numr,dnom,ss01	kern,mark	otf	CFF	140544	no	Toshi Omagari	Monotype Imaging Inc.	MONO	http://typekit.com/eulas/00000000000000007735bb27	
/Users/bardiasamiee/Library/Application Support/Adobe/CoreSync/plugins/livetype/.r/.39523.otf	0	Neue Haas Unica W1G	Regular	Neue Haas Unica W1G	NeueHaasUnicaW1G-Regular	Neue Haas Unica W1G	Regular	Version 1.00	1.000	400	5	0		938	0	0		1	141	75	122	liga,smcp,c2sc,tnum,pnum,salt,frac,sups,subs,case,aalt,locl,numr,dnom,ss01	kern,mark	otf	CFF	134676	no	Toshi Omagari	Monotype Imaging Inc.	MONO	http://typekit.com/eulas/00000000000000007735bb2a	
/Users/bardiasamiee/Library/Application Support/Adobe/CoreSync/plugins/livetype/.r/.39524.otf	0	Neue Haas Unica W1G Thin	Regular	Neue Haas Unica W1G Thin	NeueHaasUnicaW1G-Thin	Neue Haas Unica W1G	Thin	Version 1.00	1.000	300	5	0		938	0	0		1	141	75	122	liga,smcp,c2sc,tnum,pnum,salt,frac,sups,subs,case,aalt,locl,numr,dnom,ss01	kern,mark	otf	CFF	134080	no	Toshi Omagari	Monotype Imaging Inc.	MONO	http://typekit.com/eulas/00000000000000007735bb2c	
/Users/bardiasamiee/Library/Application Support/Adobe/CoreSync/plugins/livetype/.r/.39525.otf	0	Neue Haas Unica W1G Thin	Italic	Neue Haas Unica W1G Thin Italic	NeueHaasUnicaW1G-ThinItalic	Neue Haas Unica W1G	Thin Italic	Version 1.00	1.000	300	5	1		938	0	0		1	141	75	122	liga,smcp,c2sc,tnum,pnum,salt,frac,sups,subs,case,aalt,locl,numr,dnom,ss01	kern,mark	otf	CFF	138800	no	Toshi Omagari	Monotype Imaging Inc.	MONO	http://typekit.com/eulas/00000000000000007735bb2d	
/Users/bardiasamiee/Library/Application Support/Adobe/CoreSync/plugins/livetype/.r/.39526.otf	0	Neue Haas Unica W1G UltraLight	Regular	Neue Haas Unica W1G UltraLight	NeueHaasUnicaW1G-UltraLight	Neue Haas Unica W1G	UltraLight	Version 1.00	1.000	250	5	0		938	0	0		1	141	75	122	liga,smcp,c2sc,tnum,pnum,salt,frac,sups,subs,case,aalt,locl,numr,dnom,ss01	kern,mark	otf	CFF	129424	no	Toshi Omagari	Monotype Imaging Inc.	MONO	http://typekit.com/eulas/00000000000000007735bb2f	
/Users/bardiasamiee/Library/Application Support/Adobe/CoreSync/plugins/livetype/.r/.39527.otf	0	Neue Haas Unica W1G UltraLight	Italic	Neue Haas Unica W1G UltLight It	NeueHaasUnicaW1G-UltLightIt	Neue Haas Unica W1G	UltraLight Italic	Version 1.00	1.000	250	5	1		938	0	0		1	141	75	122	liga,smcp,c2sc,tnum,pnum,salt,frac,sups,subs,case,aalt,locl,numr,dnom,ss01	kern,mark	otf	CFF	132684	no	Toshi Omagari	Monotype Imaging Inc.	MONO	http://typekit.com/eulas/00000000000000007735bb30	
/Users/bardiasamiee/Library/Application Support/Adobe/CoreSync/plugins/livetype/.r/.39645.otf	0	Rockwell Nova	Bold	Rockwell Nova Bold	RockwellNova-Bold			Version 1.10m	1.100	700	5	0		540	0	0		0	90	71	104	liga,frac,sups,ordn,aalt	kern	otf	glyf	147720	no	Monotype Design Office	Monotype Imaging Inc.	MONO	http://typekit.com/eulas/00000000000000007735baa4	
/Users/bardiasamiee/Library/Application Support/Adobe/CoreSync/plugins/livetype/.r/.39646.otf	0	Rockwell Nova	Bold Italic	Rockwell Nova Bold Italic	RockwellNova-BoldItalic			Version 1.10m	1.100	700	5	1		540	0	0		0	90	71	104	liga,frac,sups,ordn,aalt	kern	otf	glyf	138028	no	Monotype Design Office	Monotype Imaging Inc.	MONO	http://typekit.com/eulas/00000000000000007735baa8	
/Users/bardiasamiee/Library/Application Support/Adobe/CoreSync/plugins/livetype/.r/.39647.otf	0	Rockwell Nova Extra Bold	Regular	Rockwell Nova Extra Bold	RockwellNova-ExtraBold	Rockwell Nova	Extra Bold	Version 1.10m	1.100	800	5	0		540	0	0		0	90	71	104	liga,frac,sups,ordn,aalt	kern	otf	glyf	138836	no	Monotype Design Office	Monotype Imaging Inc.	MONO	http://typekit.com/eulas/00000000000000007735baaa	
/Users/bardiasamiee/Library/Application Support/Adobe/CoreSync/plugins/livetype/.r/.39648.otf	0	Rockwell Nova Extra Bold	Italic	Rockwell Nova Extra Bold Italic	RockwellNova-ExtraBoldItalic	Rockwell Nova	Extra Bold Italic	Version 1.10m	1.100	800	5	1		540	0	0		0	90	71	104	liga,frac,sups,ordn,aalt	kern	otf	glyf	138476	no	Monotype Design Office	Monotype Imaging Inc.	MONO	http://typekit.com/eulas/00000000000000007735bab0	
/Users/bardiasamiee/Library/Application Support/Adobe/CoreSync/plugins/livetype/.r/.39649.otf	0	Rockwell Nova	Italic	Rockwell Nova Italic	RockwellNova-Italic			Version 1.10m	1.100	400	5	1		540	0	0		0	90	71	104	liga,frac,sups,ordn,aalt	kern	otf	glyf	114756	no	Monotype Design Office	Monotype Imaging Inc.	MONO	http://typekit.com/eulas/00000000000000007735bab3	
/Users/bardiasamiee/Library/Application Support/Adobe/CoreSync/plugins/livetype/.r/.39650.otf	0	Rockwell Nova Light	Regular	Rockwell Nova Light	RockwellNova-Light	Rockwell Nova	Light	Version 1.10m	1.100	300	5	0		540	0	0		0	90	71	104	liga,frac,sups,ordn,aalt	kern	otf	glyf	125828	no	Monotype Design Office	Monotype Imaging Inc.	MONO	http://typekit.com/eulas/00000000000000007735bab6	
/Users/bardiasamiee/Library/Application Support/Adobe/CoreSync/plugins/livetype/.r/.39651.otf	0	Rockwell Nova Light	Italic	Rockwell Nova Light Italic	RockwellNova-LightItalic	Rockwell Nova	Light Italic	Version 1.10m	1.100	300	5	1		540	0	0		0	90	71	104	liga,frac,sups,ordn,aalt	kern	otf	glyf	114688	no	Monotype Design Office	Monotype Imaging Inc.	MONO	http://typekit.com/eulas/00000000000000007735bab9	
/Users/bardiasamiee/Library/Application Support/Adobe/CoreSync/plugins/livetype/.r/.39652.otf	0	Rockwell Nova	Regular	Rockwell Nova	RockwellNova			Version 1.10m	1.100	400	5	0		540	0	0		0	90	71	104	liga,frac,sups,ordn,aalt	kern	otf	glyf	124256	no	Monotype Design Office	Monotype Imaging Inc.	MONO	http://typekit.com/eulas/00000000000000007735babb	
/Users/bardiasamiee/Library/Application Support/Adobe/CoreSync/plugins/livetype/.r/.39653.otf	0	Rockwell Nova Cond	Bold	Rockwell Nova Cond Bold	RockwellNova-CondBold	Rockwell Nova	Condensed Bold	Version 1.10m	1.100	700	3	0		540	0	0		0	90	71	104	liga,frac,sups,ordn,aalt	kern	otf	glyf	136920	no	Monotype Design Office	Monotype Imaging Inc.	MONO	http://typekit.com/eulas/00000000000000007735baa0	
/Users/bardiasamiee/Library/Application Support/Adobe/CoreSync/plugins/livetype/.r/.39654.otf	0	Rockwell Nova Cond	Bold Italic	Rockwell Nova Cond Bold Italic	RockwellNova-CondBoldItalic	Rockwell Nova	Condensed Bold Italic	Version 1.13	1.130	700	3	1		623	1	0		2	120	75	110	liga,frac,sups,ordn,aalt	kern	otf	glyf	178232	no	Monotype Design Office	Monotype Imaging Inc.	MS	http://typekit.com/eulas/00000000000000007735baa5	
/Users/bardiasamiee/Library/Application Support/Adobe/CoreSync/plugins/livetype/.r/.39655.otf	0	Rockwell Nova Cond	Italic	Rockwell Nova Cond Italic	RockwellNova-CondItalic	Rockwell Nova	Condensed Italic	Version 1.10m	1.100	400	3	1		540	0	0		0	90	71	104	liga,frac,sups,ordn,aalt	kern	otf	glyf	115264	no	Monotype Design Office	Monotype Imaging Inc.	MONO	http://typekit.com/eulas/00000000000000007735baac	
/Users/bardiasamiee/Library/Application Support/Adobe/CoreSync/plugins/livetype/.r/.39656.otf	0	Rockwell Nova Cond Light	Regular	Rockwell Nova Cond Light	RockwellNova-CondLight	Rockwell Nova	Condensed Light	Version 1.10m	1.100	300	3	0		540	0	0		0	90	71	104	liga,frac,sups,ordn,aalt	kern	otf	glyf	119236	no	Monotype Design Office	Monotype Imaging Inc.	MONO	http://typekit.com/eulas/00000000000000007735baaf	
/Users/bardiasamiee/Library/Application Support/Adobe/CoreSync/plugins/livetype/.r/.39657.otf	0	Rockwell Nova Cond Light	Italic	Rockwell Nova Cond Light Italic	RockwellNova-CondLightItalic	Rockwell Nova	Condensed Light Italic	Version 1.10m	1.100	300	3	1		540	0	0		0	90	71	104	liga,frac,sups,ordn,aalt	kern	otf	glyf	129056	no	Monotype Design Office	Monotype Imaging Inc.	MONO	http://typekit.com/eulas/00000000000000007735babc	
/Users/bardiasamiee/Library/Application Support/Adobe/CoreSync/plugins/livetype/.r/.39658.otf	0	Rockwell Nova Cond	Regular	Rockwell Nova Cond	RockwellNova-Cond	Rockwell Nova	Condensed	Version 1.10m	1.100	400	3	0		540	0	0		0	90	71	104	liga,frac,sups,ordn,aalt	kern	otf	glyf	110440	no	Monotype Design Office	Monotype Imaging Inc.	MONO	http://typekit.com/eulas/00000000000000007735babf	
/Users/bardiasamiee/Library/Application Support/Adobe/CoreSync/plugins/livetype/.r/.39680.otf	0	Trade Gothic Next LT Pro Lt	Bold	TradeGothicNextLTPro-Bd	TradeGothicNextLTPro-Bd	Trade Gothic Next LT Pro	Bold	Version 3.000	3.000	700	5	0		486	0	0		0	139	4	0	liga,dlig,pnum,frac,sups,subs,ordn,aalt,locl,numr,dnom	kern	otf	CFF	58696	no	Linotype Design Studio	Monotype GmbH	LINO	http://typekit.com/eulas/00000000000000007735ba3f	
/Users/bardiasamiee/Library/Application Support/Adobe/CoreSync/plugins/livetype/.r/.39681.otf	0	Trade Gothic Next LT Pro Lt	Bold Italic	TradeGothicNextLTPro-BdIt	TradeGothicNextLTPro-BdIt	Trade Gothic Next LT Pro	Bold Italic	Version 2.00	2.000	700	5	1		486	0	0		0	139	4	0	liga,dlig,pnum,frac,sups,subs,ordn,aalt,locl,numr,dnom	kern	otf	CFF	62332	no	Linotype Design Studio	Linotype GmbH	LINO	http://typekit.com/eulas/00000000000000007735ba6d	
/Users/bardiasamiee/Library/Application Support/Adobe/CoreSync/plugins/livetype/.r/.39682.otf	0	Trade Gothic Next LT Pro	Bold	TradeGothicNextLTPro-Hv	TradeGothicNextLTPro-Hv	Trade Gothic Next LT Pro	Heavy	Version 2.00	2.000	800	5	0		486	0	0		0	139	4	0	liga,dlig,pnum,frac,sups,subs,ordn,aalt,locl,numr,dnom	kern	otf	CFF	58940	no	Linotype Design Studio	Linotype GmbH	LINO	http://typekit.com/eulas/00000000000000007735ba61	
/Users/bardiasamiee/Library/Application Support/Adobe/CoreSync/plugins/livetype/.r/.39683.otf	0	Trade Gothic Next LT Pro	Bold Italic	TradeGothicNextLTPro-HvIt	TradeGothicNextLTPro-HvIt	Trade Gothic Next LT Pro	Heavy Italic	Version 2.00	2.000	800	5	1		486	0	0		0	139	4	0	liga,dlig,pnum,frac,sups,subs,ordn,aalt,locl,numr,dnom	kern	otf	CFF	61100	no	Linotype Design Studio	Linotype GmbH	LINO	http://typekit.com/eulas/00000000000000007735ba6e	
/Users/bardiasamiee/Library/Application Support/Adobe/CoreSync/plugins/livetype/.r/.39684.otf	0	Trade Gothic Next LT Pro	Italic	TradeGothicNextLTPro-It	TradeGothicNextLTPro-It			Version 2.00	2.000	400	5	1		486	0	0		0	139	4	0	liga,dlig,pnum,frac,sups,subs,ordn,aalt,locl,numr,dnom	kern	otf	CFF	60960	no	Linotype Design Studio	Linotype GmbH	LINO	http://typekit.com/eulas/00000000000000007735ba65	
/Users/bardiasamiee/Library/Application Support/Adobe/CoreSync/plugins/livetype/.r/.39685.otf	0	Trade Gothic Next LT Pro Lt	Regular	TradeGothicNextLTPro-Lt	TradeGothicNextLTPro-Lt	Trade Gothic Next LT Pro	Light	Version 2.00	2.000	300	5	0		486	0	0		0	139	4	0	liga,dlig,pnum,frac,sups,subs,ordn,aalt,locl,numr,dnom	kern	otf	CFF	46512	no	Linotype Design Studio	Linotype GmbH	LINO	http://typekit.com/eulas/00000000000000007735ba73	
/Users/bardiasamiee/Library/Application Support/Adobe/CoreSync/plugins/livetype/.r/.39686.otf	0	Trade Gothic Next LT Pro Lt	Italic	TradeGothicNextLTPro-LtIt	TradeGothicNextLTPro-LtIt	Trade Gothic Next LT Pro	Light Italic	Version 2.00	2.000	300	5	1		486	0	0		0	139	4	0	liga,dlig,pnum,frac,sups,subs,ordn,aalt,locl,numr,dnom	kern	otf	CFF	60044	no	Linotype Design Studio	Linotype GmbH	LINO	http://typekit.com/eulas/00000000000000007735ba55	
/Users/bardiasamiee/Library/Application Support/Adobe/CoreSync/plugins/livetype/.r/.39687.otf	0	Trade Gothic Next LT Pro	Regular	TradeGothicNextLTPro-Rg	TradeGothicNextLTPro-Rg			Version 2.00	2.000	400	5	0		486	0	0		0	139	4	0	liga,dlig,pnum,frac,sups,subs,ordn,aalt,locl,numr,dnom	kern	otf	CFF	57972	no	Linotype Design Studio	Linotype GmbH	LINO	http://typekit.com/eulas/00000000000000007735ba66	
/Users/bardiasamiee/Library/Application Support/Adobe/CoreSync/plugins/livetype/.r/.39688.otf	0	Trade Gothic Next LT Pro BoldCm	Regular	TradeGothicNextLTPro-BdCm	TradeGothicNextLTPro-BdCm	Trade Gothic Next LT Pro	Bold Compressed	Version 2.00	2.000	700	2	0		486	0	0		0	139	4	0	liga,dlig,pnum,frac,sups,subs,ordn,aalt,locl,numr,dnom	kern	otf	CFF	59512	no	Linotype Design Studio	Linotype GmbH	LINO	http://typekit.com/eulas/00000000000000007735ba41	
/Users/bardiasamiee/Library/Application Support/Adobe/CoreSync/plugins/livetype/.r/.39689.otf	0	Trade Gothic Next LT Pro Cm	Regular	TradeGothicNextLTPro-Cm	TradeGothicNextLTPro-Cm	Trade Gothic Next LT Pro	Compressed	Version 2.00	2.000	400	2	0		486	0	0		0	139	4	0	liga,dlig,pnum,frac,sups,subs,ordn,aalt,locl,numr,dnom	kern	otf	CFF	59140	no	Linotype Design Studio	Linotype GmbH	LINO	http://typekit.com/eulas/00000000000000007735ba75	
/Users/bardiasamiee/Library/Application Support/Adobe/CoreSync/plugins/livetype/.r/.39690.otf	0	Trade Gothic Next LT Pro Cm	Bold	TradeGothicNextLTPro-HvCm	TradeGothicNextLTPro-HvCm	Trade Gothic Next LT Pro	Heavy Compressed	Version 2.00	2.000	800	2	0		486	0	0		0	139	4	0	liga,dlig,pnum,frac,sups,subs,ordn,aalt,locl,numr,dnom	kern	otf	CFF	59172	no	Linotype Design Studio	Linotype GmbH	LINO	http://typekit.com/eulas/00000000000000007735ba59	
/Users/bardiasamiee/Library/Application Support/Adobe/CoreSync/plugins/livetype/.r/.39691.otf	0	Trade Gothic Next LT Pro BdCn	Regular	TradeGothicNextLTPro-BdCn	TradeGothicNextLTPro-BdCn	Trade Gothic Next LT Pro	Bold Condensed	Version 2.00	2.000	700	3	0		486	0	0		0	139	4	0	liga,dlig,pnum,frac,sups,subs,ordn,aalt,locl,numr,dnom	kern	otf	CFF	60560	no	Linotype Design Studio	Linotype GmbH	LINO	http://typekit.com/eulas/00000000000000007735ba43	
/Users/bardiasamiee/Library/Application Support/Adobe/CoreSync/plugins/livetype/.r/.39692.otf	0	Trade Gothic Next LT Pro BdCn	Italic	TradeGothicNextLTPro-BdCnIt	TradeGothicNextLTPro-BdCnIt	Trade Gothic Next LT Pro	Bold Condensed Italic	Version 2.00	2.000	700	3	1		486	0	0		0	139	4	0	liga,dlig,pnum,frac,sups,subs,ordn,aalt,locl,numr,dnom	kern	otf	CFF	61376	no	Linotype Design Studio	Linotype GmbH	LINO	http://typekit.com/eulas/00000000000000007735ba50	
/Users/bardiasamiee/Library/Application Support/Adobe/CoreSync/plugins/livetype/.r/.39693.otf	0	Trade Gothic Next LT Pro Cn	Regular	TradeGothicNextLTPro-Cn	TradeGothicNextLTPro-Cn	Trade Gothic Next LT Pro	Condensed	Version 2.00	2.000	400	3	0		486	0	0		0	139	4	0	liga,dlig,pnum,frac,sups,subs,ordn,aalt,locl,numr,dnom	kern	otf	CFF	59428	no	Linotype Design Studio	Linotype GmbH	LINO	http://typekit.com/eulas/00000000000000007735ba49	
/Users/bardiasamiee/Library/Application Support/Adobe/CoreSync/plugins/livetype/.r/.39694.otf	0	Trade Gothic Next LT Pro Cn	Italic	TradeGothicNextLTPro-CnIt	TradeGothicNextLTPro-CnIt	Trade Gothic Next LT Pro	Condensed Italic	Version 2.00	2.000	400	3	1		486	0	0		0	139	4	0	liga,dlig,pnum,frac,sups,subs,ordn,aalt,locl,numr,dnom	kern	otf	CFF	61304	no	Linotype Design Studio	Linotype GmbH	LINO	http://typekit.com/eulas/00000000000000007735ba72	
/Users/bardiasamiee/Library/Application Support/Adobe/CoreSync/plugins/livetype/.r/.39695.otf	0	Trade Gothic Next LT Pro Cn	Bold	TradeGothicNextLTPro-HvCn	TradeGothicNextLTPro-HvCn	Trade Gothic Next LT Pro	Heavy Condensed	Version 2.00	2.000	800	3	0		486	0	0		0	139	4	0	liga,dlig,pnum,frac,sups,subs,ordn,aalt,locl,numr,dnom	kern	otf	CFF	60284	no	Linotype Design Studio	Linotype GmbH	LINO	http://typekit.com/eulas/00000000000000007735ba54	
/Users/bardiasamiee/Library/Application Support/Adobe/CoreSync/plugins/livetype/.r/.39696.otf	0	Trade Gothic Next LT Pro Cn	Bold Italic	TradeGothicNextLTPro-HvCnIt	TradeGothicNextLTPro-HvCnIt	Trade Gothic Next LT Pro	Heavy Condensed Italic	Version 2.00	2.000	800	3	1		486	0	0		0	139	4	0	liga,dlig,pnum,frac,sups,subs,ordn,aalt,locl,numr,dnom	kern	otf	CFF	62204	no	Linotype Design Studio	Linotype GmbH	LINO	http://typekit.com/eulas/00000000000000007735ba4c	
/Users/bardiasamiee/Library/Application Support/Adobe/CoreSync/plugins/livetype/.r/.39697.otf	0	Trade Gothic Next SR Pro	Bold	TradeGothicNextSRPro-Bd	TradeGothicNextSRPro-Bd			Version 1.00	1.000	700	5	0		486	0	0		0	139	4	0	liga,dlig,pnum,frac,sups,subs,ordn,aalt,locl,numr,dnom	kern	otf	CFF	192608	no	Linotype Design Studio	Linotype GmbH	LINO	http://typekit.com/eulas/00000000000000007735ba46	
/Users/bardiasamiee/Library/Application Support/Adobe/CoreSync/plugins/livetype/.r/.39698.otf	0	Trade Gothic Next SR Pro Hv	Regular	TradeGothicNextSRPro-Hv	TradeGothicNextSRPro-Hv	Trade Gothic Next SR Pro	Heavy	Version 1.00	1.000	800	5	0		486	0	0		0	139	4	0	liga,dlig,pnum,frac,sups,subs,ordn,aalt,locl,numr,dnom	kern	otf	CFF	182952	no	Linotype Design Studio	Linotype GmbH	LINO	http://typekit.com/eulas/00000000000000007735ba63	
/Users/bardiasamiee/Library/Application Support/Adobe/CoreSync/plugins/livetype/.r/.39699.otf	0	Trade Gothic Next SR Pro	Regular	TradeGothicNextSRPro-Rg	TradeGothicNextSRPro-Rg			Version 1.00	1.000	400	5	0		486	0	0		0	139	4	0	liga,dlig,pnum,frac,sups,subs,ordn,aalt,locl,numr,dnom	kern	otf	CFF	186808	no	Linotype Design Studio	Linotype GmbH	LINO	http://typekit.com/eulas/00000000000000007735ba6c	
/Users/bardiasamiee/Library/Application Support/Adobe/CoreSync/plugins/livetype/.r/.39700.otf	0	Trade Gothic Next SR Pro Cm	Bold	TradeGothicNextSRPro-BdCm	TradeGothicNextSRPro-BdCm	Trade Gothic Next SR Pro	Bold Compressed	Version 1.00	1.000	700	2	0		486	0	0		0	139	4	0	liga,dlig,pnum,frac,sups,subs,ordn,aalt,locl,numr,dnom	kern	otf	CFF	193052	no	Linotype Design Studio	Linotype GmbH	LINO	http://typekit.com/eulas/00000000000000007735ba4d	
/Users/bardiasamiee/Library/Application Support/Adobe/CoreSync/plugins/livetype/.r/.39701.otf	0	Trade Gothic Next SR Pro Cm	Regular	TradeGothicNextSRPro-Cm	TradeGothicNextSRPro-Cm	Trade Gothic Next SR Pro	Compressed	Version 1.00	1.000	400	2	0		486	0	0		0	139	4	0	liga,dlig,pnum,frac,sups,subs,ordn,aalt,locl,numr,dnom	kern	otf	CFF	192492	no	Linotype Design Studio	Linotype GmbH	LINO	http://typekit.com/eulas/00000000000000007735ba42	
/Users/bardiasamiee/Library/Application Support/Adobe/CoreSync/plugins/livetype/.r/.39702.otf	0	Trade Gothic Next SR Pro Hv Cm	Regular	TradeGothicNextSRPro-HvCm	TradeGothicNextSRPro-HvCm	Trade Gothic Next SR Pro	Heavy Compressed	Version 1.00	1.000	800	2	0		486	0	0		0	139	4	0	liga,dlig,pnum,frac,sups,subs,ordn,aalt,locl,numr,dnom	kern	otf	CFF	193100	no	Linotype Design Studio	Linotype GmbH	LINO	http://typekit.com/eulas/00000000000000007735ba5b	
/Users/bardiasamiee/Library/Application Support/Adobe/CoreSync/plugins/livetype/.r/.39703.otf	0	Trade Gothic Next SR Pro Cn	Bold	TradeGothicNextSRPro-BdCn	TradeGothicNextSRPro-BdCn	Trade Gothic Next SR Pro	Bold Condensed	Version 1.00	1.000	700	3	0		486	0	0		0	139	4	0	liga,dlig,pnum,frac,sups,subs,ordn,aalt,locl,numr,dnom	kern	otf	CFF	182964	no	Linotype Design Studio	Linotype GmbH	LINO	http://typekit.com/eulas/00000000000000007735ba64	
/Users/bardiasamiee/Library/Application Support/Adobe/CoreSync/plugins/livetype/.r/.39704.otf	0	Trade Gothic Next SR Pro Cn	Regular	TradeGothicNextSRPro-Cn	TradeGothicNextSRPro-Cn	Trade Gothic Next SR Pro	Condensed	Version 1.00	1.000	400	3	0		486	0	0		0	139	4	0	liga,dlig,pnum,frac,sups,subs,ordn,aalt,locl,numr,dnom	kern	otf	CFF	198120	no	Linotype Design Studio	Linotype GmbH	LINO	http://typekit.com/eulas/00000000000000007735ba47	
/Users/bardiasamiee/Library/Application Support/Adobe/CoreSync/plugins/livetype/.r/.39705.otf	0	Trade Gothic Next SR Pro Hv Cn	Regular	TradeGothicNextSRPro-HvCn	TradeGothicNextSRPro-HvCn	Trade Gothic Next SR Pro	Heavy Condensed	Version 1.00	1.000	800	3	0		486	0	0		0	139	4	0	liga,dlig,pnum,frac,sups,subs,ordn,aalt,locl,numr,dnom	kern	otf	CFF	181812	no	Linotype Design Studio	Linotype GmbH	LINO	http://typekit.com/eulas/00000000000000007735ba4f	
/Users/bardiasamiee/Library/Application Support/Adobe/CoreSync/plugins/livetype/.r/.39746.otf	0	Unitext Black	Regular	Unitext Black	Unitext-Black	Unitext	Black	Version 1.00, build 4, gb1060, s3	1.000	900	5	0		543	0	0		1	141	4	0	liga,tnum,pnum,frac,sups,subs,case,ordn,aalt,locl,numr,dnom,ccmp	kern,mark,mkmk	otf	CFF	79116	no	Hendrik Weber	Monotype Imaging Inc.	MONO	http://typekit.com/eulas/00000000000000007735ba10	
/Users/bardiasamiee/Library/Application Support/Adobe/CoreSync/plugins/livetype/.r/.39747.otf	0	Unitext Black	Italic	Unitext Black Italic	Unitext-BlackItalic	Unitext	Black Italic	Version 1.00, build 4, gb1060, s3	1.000	900	5	1		543	0	0		1	141	4	0	liga,tnum,pnum,frac,sups,subs,case,ordn,aalt,locl,numr,dnom,ccmp	kern,mark,mkmk	otf	CFF	80836	no	Hendrik Weber	Monotype Imaging Inc.	MONO	http://typekit.com/eulas/00000000000000007735ba16	
/Users/bardiasamiee/Library/Application Support/Adobe/CoreSync/plugins/livetype/.r/.39748.otf	0	Unitext	Bold	Unitext Bold	Unitext-Bold	Unitext	Bold	Version 1.00, build 4, gb1060, s3	1.000	700	5	0		543	0	0		1	141	4	0	liga,tnum,pnum,frac,sups,subs,case,ordn,aalt,locl,numr,dnom,ccmp	kern,mark,mkmk	otf	CFF	80272	no	Hendrik Weber	Monotype Imaging Inc.	MONO	http://typekit.com/eulas/00000000000000007735ba1b	
/Users/bardiasamiee/Library/Application Support/Adobe/CoreSync/plugins/livetype/.r/.39749.otf	0	Unitext	Bold Italic	Unitext Bold Italic	Unitext-BoldItalic	Unitext	Bold Italic	Version 1.00, build 4, gb1060, s3	1.000	700	5	1		543	0	0		1	141	4	0	liga,tnum,pnum,frac,sups,subs,case,ordn,aalt,locl,numr,dnom,ccmp	kern,mark,mkmk	otf	CFF	81648	no	Hendrik Weber	Monotype Imaging Inc.	MONO	http://typekit.com/eulas/00000000000000007735ba21	
/Users/bardiasamiee/Library/Application Support/Adobe/CoreSync/plugins/livetype/.r/.39750.otf	0	Unitext Extralight	Regular	Unitext Extralight	Unitext-Extralight	Unitext	Extralight	Version 1.00, build 4, gb1060, s3	1.000	250	5	0		543	0	0		1	141	4	0	liga,tnum,pnum,frac,sups,subs,case,ordn,aalt,locl,numr,dnom,ccmp	kern,mark,mkmk	otf	CFF	73396	no	Hendrik Weber	Monotype Imaging Inc.	MONO	http://typekit.com/eulas/00000000000000007735ba23	
/Users/bardiasamiee/Library/Application Support/Adobe/CoreSync/plugins/livetype/.r/.39751.otf	0	Unitext Extralight	Italic	Unitext Extralight Italic	Unitext-ExtralightItalic	Unitext	Extralight Italic	Version 1.00, build 4, gb1060, s3	1.000	250	5	1		543	0	0		1	141	4	0	liga,tnum,pnum,frac,sups,subs,case,ordn,aalt,locl,numr,dnom,ccmp	kern,mark,mkmk	otf	CFF	76376	no	Hendrik Weber	Monotype Imaging Inc.	MONO	http://typekit.com/eulas/00000000000000007735ba26	
/Users/bardiasamiee/Library/Application Support/Adobe/CoreSync/plugins/livetype/.r/.39752.otf	0	Unitext Hairline	Regular	Unitext Hairline	Unitext-Hairline	Unitext	Hairline	Version 1.00, build 4, gb1060, s3	1.000	200	5	0		543	0	0		1	141	4	0	liga,tnum,pnum,frac,sups,subs,case,ordn,aalt,locl,numr,dnom,ccmp	kern,mark,mkmk	otf	CFF	71060	no	Hendrik Weber	Monotype Imaging Inc.	MONO	http://typekit.com/eulas/00000000000000007735ba2d	
/Users/bardiasamiee/Library/Application Support/Adobe/CoreSync/plugins/livetype/.r/.39753.otf	0	Unitext Hairline	Italic	Unitext Hairline Italic	Unitext-HairlineItalic	Unitext	Hairline Italic	Version 1.00, build 4, gb1060, s3	1.000	200	5	1		543	0	0		1	141	4	0	liga,tnum,pnum,frac,sups,subs,case,ordn,aalt,locl,numr,dnom,ccmp	kern,mark,mkmk	otf	CFF	75908	no	Hendrik Weber	Monotype Imaging Inc.	MONO	http://typekit.com/eulas/00000000000000007735ba2b	
/Users/bardiasamiee/Library/Application Support/Adobe/CoreSync/plugins/livetype/.r/.39754.otf	0	Unitext	Italic	Unitext Italic	Unitext-Italic	Unitext	Italic	Version 1.00, build 4, gb1060, s3	1.000	400	5	1		543	0	0		1	141	4	0	liga,tnum,pnum,frac,sups,subs,case,ordn,aalt,locl,numr,dnom,ccmp	kern,mark,mkmk	otf	CFF	75756	no	Hendrik Weber	Monotype Imaging Inc.	MONO	http://typekit.com/eulas/00000000000000007735ba2f	
/Users/bardiasamiee/Library/Application Support/Adobe/CoreSync/plugins/livetype/.r/.39755.otf	0	Unitext Light	Regular	Unitext Light	Unitext-Light	Unitext	Light	Version 1.00, build 4, gb1060, s3	1.000	300	5	0		543	0	0		1	141	4	0	liga,tnum,pnum,frac,sups,subs,case,ordn,aalt,locl,numr,dnom,ccmp	kern,mark,mkmk	otf	CFF	74260	no	Hendrik Weber	Monotype Imaging Inc.	MONO	http://typekit.com/eulas/00000000000000007735ba31	
/Users/bardiasamiee/Library/Application Support/Adobe/CoreSync/plugins/livetype/.r/.39756.otf	0	Unitext Light	Italic	Unitext Light Italic	Unitext-LightItalic	Unitext	Light Italic	Version 1.00, build 4, gb1060, s3	1.000	300	5	1		543	0	0		1	141	4	0	liga,tnum,pnum,frac,sups,subs,case,ordn,aalt,locl,numr,dnom,ccmp	kern,mark,mkmk	otf	CFF	76872	no	Hendrik Weber	Monotype Imaging Inc.	MONO	http://typekit.com/eulas/00000000000000007735ba33	
/Users/bardiasamiee/Library/Application Support/Adobe/CoreSync/plugins/livetype/.r/.39757.otf	0	Unitext	Regular	Unitext Regular	Unitext-Regular	Unitext	Regular	Version 1.00, build 4, gb1060, s3	1.000	400	5	0		543	0	0		1	141	4	0	liga,tnum,pnum,frac,sups,subs,case,ordn,aalt,locl,numr,dnom,ccmp	kern,mark,mkmk	otf	CFF	73976	no	Hendrik Weber	Monotype Imaging Inc.	MONO	http://typekit.com/eulas/00000000000000007735ba35	
/Users/bardiasamiee/Library/Application Support/Adobe/CoreSync/plugins/livetype/.r/.39758.otf	0	Unitext Semibold	Regular	Unitext Semibold	Unitext-Semibold	Unitext	Semibold	Version 1.00, build 4, gb1060, s3	1.000	600	5	0		543	0	0		1	141	4	0	liga,tnum,pnum,frac,sups,subs,case,ordn,aalt,locl,numr,dnom,ccmp	kern,mark,mkmk	otf	CFF	79984	no	Hendrik Weber	Monotype Imaging Inc.	MONO	http://typekit.com/eulas/00000000000000007735ba37	
/Users/bardiasamiee/Library/Application Support/Adobe/CoreSync/plugins/livetype/.r/.39759.otf	0	Unitext Semibold	Italic	Unitext Semibold Italic	Unitext-SemiboldItalic	Unitext	Semibold Italic	Version 1.00, build 4, gb1060, s3	1.000	600	5	1		543	0	0		1	141	4	0	liga,tnum,pnum,frac,sups,subs,case,ordn,aalt,locl,numr,dnom,ccmp	kern,mark,mkmk	otf	CFF	81716	no	Hendrik Weber	Monotype Imaging Inc.	MONO	http://typekit.com/eulas/00000000000000007735ba39	
/Users/bardiasamiee/Library/Application Support/Adobe/CoreSync/plugins/livetype/.r/.39816.otf	0	Baskerville Display PT	Regular	Baskerville Display PT	BaskervilleDisplayPT-Regular			Version 1.000	1.000	400	5	0		770	0	0		1	116	4	100	liga,dlig,smcp,c2sc,onum,lnum,tnum,pnum,salt,frac,sups,case,ordn,aalt,locl,hist,ccmp,ss01	kern,case	otf	glyf	481572	no	Arina Alaferdova, Dmitry Kirsanov	ParaType Ltd	PARA	http://typekit.com/eulas/00000000000000007735bcf6	
/Users/bardiasamiee/Library/Application Support/Adobe/CoreSync/plugins/livetype/.r/.39817.otf	0	Baskerville Display PT	Italic	Baskerville Display PT Italic	BaskervilleDisplayPT-Italic			Version 1.000	1.000	400	5	1		578	0	0		1	116	4	100	liga,dlig,onum,lnum,tnum,pnum,swsh,salt,frac,sups,case,ordn,aalt,locl,hist,ccmp,ss01	kern,case	otf	glyf	325812	no	Arina Alaferdova, Dmitry Kirsanov	ParaType Ltd	PARA	http://typekit.com/eulas/00000000000000000001d950	
/Users/bardiasamiee/Library/Application Support/Adobe/CoreSync/plugins/livetype/.r/.39818.otf	0	Baskerville Display PT	Bold	Baskerville Display PT Bold	BaskervilleDisplayPT-Bold			Version 1.000	1.000	700	5	0		770	0	0		1	116	4	100	liga,dlig,smcp,c2sc,onum,lnum,tnum,pnum,salt,frac,sups,case,ordn,aalt,locl,hist,ccmp,ss01	kern,case	otf	glyf	477072	no	Arina Alaferdova, Dmitry Kirsanov	ParaType Ltd	PARA	http://typekit.com/eulas/00000000000000007735bcf9	
/Users/bardiasamiee/Library/Application Support/Adobe/CoreSync/plugins/livetype/.r/.39819.otf	0	Baskerville Display PT	Bold Italic	Baskerville Display PT Bold Italic	BaskervilleDisplayPT-BoldItalic			Version 1.000	1.000	700	5	1		578	0	0		1	116	4	100	liga,dlig,onum,lnum,tnum,pnum,swsh,salt,frac,sups,case,ordn,aalt,locl,hist,ccmp,ss01	kern,case	otf	glyf	323844	no	Arina Alaferdova, Dmitry Kirsanov	ParaType Ltd	PARA	http://typekit.com/eulas/00000000000000007735bcfa	
/Users/bardiasamiee/Library/Application Support/Adobe/CoreSync/plugins/livetype/.r/.39820.otf	0	Baskerville Poster PT	Regular	Baskerville Poster PT	BaskervillePosterPT-Regular			Version 1.000	1.000	400	5	0		770	0	0		1	116	4	100	liga,dlig,smcp,c2sc,onum,lnum,tnum,pnum,salt,frac,sups,case,ordn,aalt,locl,hist,ccmp,ss01	kern,case	otf	glyf	482696	no	Arina Alaferdova, Dmitry Kirsanov	ParaType Ltd	PARA	http://typekit.com/eulas/00000000000000007735bcf7	
/Users/bardiasamiee/Library/Application Support/Adobe/CoreSync/plugins/livetype/.r/.39821.otf	0	Baskerville Poster PT	Italic	Baskerville Poster PT Italic	BaskervillePosterPT-Italic			Version 1.000	1.000	400	5	1		578	0	0		1	116	4	100	liga,dlig,onum,lnum,tnum,pnum,swsh,salt,frac,sups,case,ordn,aalt,locl,hist,ccmp,ss01	kern,case	otf	glyf	330224	no	Arina Alaferdova, Dmitry Kirsanov	ParaType Ltd	PARA	http://typekit.com/eulas/00000000000000000001d954	
/Users/bardiasamiee/Library/Application Support/Adobe/CoreSync/plugins/livetype/.r/.40037.otf	0	Grotesque Disp MT Std Bold Ext	Regular	GrotesqueDispMTStd-BoldExt	GrotesqueDispMTStd-BoldExt	Grotesque Disp MT Std	Bold Ext	Version 1.000;PS 001.000;hotconv 1.0.38	1.000	700	5	0		253	0	0		0	11	3	0	liga,frac,sups,ordn,aalt	kern	otf	CFF	28560	no		Agfa Monotype Corporation	AMT	http://typekit.com/eulas/00000000000000007735bb94	
/Users/bardiasamiee/Library/Application Support/Adobe/CoreSync/plugins/livetype/.r/.42210.otf	0	Adobe Handwriting Tiffany	Regular	Adobe Handwriting Tiffany	AdobeHandwriting-Tiffany	Adobe Handwriting	Tiffany	Version 2.021;hotconv 1.0.109;makeotfexe 2.5.65596	2.021	400	5	0		468	0	0		0	89	74	104			otf	CFF	61608	no	Tiffany Wardle de Sousa	Adobe	ADBE	http://typekit.com/eulas/00000000000000007735b5ff	
/Users/bardiasamiee/Library/Application Support/Adobe/CoreSync/plugins/livetype/.r/.44929.otf	0	Franklin Gothic ATF Lt	Regular	Franklin Gothic ATF Lt	FranklinGothicATF-Light	Franklin Gothic ATF	Light	Version 1.001;PS 001.001;hotconv 16.6.51;makeotf.lib2.5.65220	1.001	350	5	0		561	0	0		0	140	4	0	liga,tnum,pnum,frac,sups,subs,case,ordn,aalt,locl,numr,dnom	kern	otf	CFF	96180	no	American Type Founders Collection	American Type Founders Collection	ATF	http://typekit.com/eulas/00000000000000007735c71f	
/Users/bardiasamiee/Library/Application Support/Adobe/CoreSync/plugins/livetype/.r/.44930.otf	0	Franklin Gothic ATF Lt	Italic	Franklin Gothic ATF Lt Italic	FranklinGothicATF-LightItalic	Franklin Gothic ATF	Light Italic	Version 1.001;PS 001.001;hotconv 16.6.51;makeotf.lib2.5.65220	1.001	350	5	1		561	0	0		0	140	4	0	liga,tnum,pnum,frac,sups,subs,case,ordn,aalt,locl,numr,dnom	kern	otf	CFF	95812	no	American Type Founders Collection	American Type Founders Collection	ATF	http://typekit.com/eulas/00000000000000007735c723	
/Users/bardiasamiee/Library/Application Support/Adobe/CoreSync/plugins/livetype/.r/.44933.otf	0	Franklin Gothic ATF Med	Regular	Franklin Gothic ATF Med	FranklinGothicATF-Medium	Franklin Gothic ATF	Medium	Version 1.001;PS 001.001;hotconv 16.6.51;makeotf.lib2.5.65220	1.001	500	5	0		561	0	0		0	140	4	0	liga,tnum,pnum,frac,sups,subs,case,ordn,aalt,locl,numr,dnom	kern	otf	CFF	99536	no	American Type Founders Collection	American Type Founders Collection	ATF	http://typekit.com/eulas/00000000000000007735c72c	
/Users/bardiasamiee/Library/Application Support/Adobe/CoreSync/plugins/livetype/.r/.44934.otf	0	Franklin Gothic ATF Med	Italic	Franklin Gothic ATF Med Italic	FranklinGothicATF-MediumItalic	Franklin Gothic ATF	Medium Italic	Version 1.001;PS 001.001;hotconv 16.6.51;makeotf.lib2.5.65220	1.001	500	5	1		561	0	0		0	140	4	0	liga,tnum,pnum,frac,sups,subs,case,ordn,aalt,locl,numr,dnom	kern	otf	CFF	99592	no	American Type Founders Collection	American Type Founders Collection	ATF	http://typekit.com/eulas/00000000000000007735c72d	
/Users/bardiasamiee/Library/Application Support/Adobe/CoreSync/plugins/livetype/.r/.6768.otf	0	Adobe Garamond Pro Bold	Regular	AGaramondPro-Bold	AGaramondPro-Bold	Adobe Garamond Pro	Bold	Version 2.115;PS 2.000;hotconv 1.0.70;makeotf.lib2.5.5900	2.115	700	5	0		525	0	0		0	90	1	0	liga,onum,lnum,tnum,pnum,frac,sups,subs,zero,case,ordn,aalt,locl,numr,dnom	kern	otf	CFF	69484	no	Robert Slimbach	Adobe Systems Incorporated	ADBE	http://typekit.com/eulas/00000000000000000001be2f	
/Users/bardiasamiee/Library/Application Support/Adobe/CoreSync/plugins/livetype/.r/.6769.otf	0	Adobe Garamond Pro Bold	Italic	AGaramondPro-BoldItalic	AGaramondPro-BoldItalic	Adobe Garamond Pro	Bold Italic	Version 2.115;PS 2.000;hotconv 1.0.70;makeotf.lib2.5.5900	2.115	700	5	1		525	0	0		0	90	1	0	liga,onum,lnum,tnum,pnum,frac,sups,subs,zero,case,ordn,aalt,locl,numr,dnom	kern	otf	CFF	70836	no	Robert Slimbach	Adobe Systems Incorporated	ADBE	http://typekit.com/eulas/00000000000000000001be30	
/Users/bardiasamiee/Library/Application Support/Adobe/CoreSync/plugins/livetype/.r/.6770.otf	0	Adobe Garamond Pro	Italic	AGaramondPro-Italic	AGaramondPro-Italic			Version 2.115;PS 2.000;hotconv 1.0.70;makeotf.lib2.5.5900	2.115	400	5	1		632	0	0		0	90	1	0	liga,dlig,onum,lnum,tnum,pnum,cswh,swsh,salt,frac,sups,subs,zero,case,ordn,aalt,locl,numr,dnom	kern	otf	CFF	86492	no	Robert Slimbach	Adobe Systems Incorporated	ADBE	http://typekit.com/eulas/00000000000000000001be2c	
/Users/bardiasamiee/Library/Application Support/Adobe/CoreSync/plugins/livetype/.r/.6771.otf	0	Adobe Garamond Pro	Regular	AGaramondPro-Regular	AGaramondPro-Regular			Version 2.115;PS 2.000;hotconv 1.0.70;makeotf.lib2.5.5900	2.115	400	5	0		939	0	0		0	90	1	0	liga,dlig,smcp,c2sc,onum,lnum,tnum,pnum,salt,frac,sups,subs,zero,case,ordn,aalt,titl,locl,numr,dnom	kern	otf	CFF	121168	no	Robert Slimbach	Adobe Systems Incorporated	ADBE	http://typekit.com/eulas/00000000000000000001be2b	
/Users/bardiasamiee/Library/Application Support/Adobe/CoreSync/plugins/livetype/.r/.6772.otf	0	Adobe Garamond Pro	Bold	AGaramondPro-Semibold	AGaramondPro-Semibold		Semibold	Version 2.115;PS 2.000;hotconv 1.0.70;makeotf.lib2.5.5900	2.115	600	5	0		750	0	0		0	90	1	0	liga,smcp,c2sc,onum,lnum,tnum,pnum,frac,sups,subs,zero,case,ordn,aalt,locl,numr,dnom	kern	otf	CFF	96904	no	Robert Slimbach	Adobe Systems Incorporated	ADBE	http://typekit.com/eulas/00000000000000000001be2d	
/Users/bardiasamiee/Library/Application Support/Adobe/CoreSync/plugins/livetype/.r/.6773.otf	0	Adobe Garamond Pro	Bold Italic	AGaramondPro-SemiboldItalic	AGaramondPro-SemiboldItalic		Semibold Italic	Version 2.115;PS 2.000;hotconv 1.0.70;makeotf.lib2.5.5900	2.115	600	5	1		525	0	0		0	90	1	0	liga,onum,lnum,tnum,pnum,frac,sups,subs,zero,case,ordn,aalt,locl,numr,dnom	kern	otf	CFF	72324	no	Robert Slimbach	Adobe Systems Incorporated	ADBE	http://typekit.com/eulas/00000000000000000001be2e	
/Users/bardiasamiee/Library/Application Support/Adobe/CoreSync/plugins/livetype/.r/.8482.otf	0	Adobe Caslon Pro	Regular	ACaslonPro-Regular	ACaslonPro-Regular			Version 2.096;PS 2.000;hotconv 1.0.70;makeotf.lib2.5.58329	2.096	400	5	0		806	0	0		0	91	1	0	liga,dlig,smcp,c2sc,onum,lnum,tnum,pnum,frac,sups,subs,zero,case,ordn,aalt,locl,numr,dnom,hist	kern	otf	CFF	160756	no	Carol Twombly	Adobe Systems Incorporated	ADBE	http://typekit.com/eulas/0000000000000000000188bd	
/Users/bardiasamiee/Library/Application Support/Adobe/CoreSync/plugins/livetype/.r/.8483.otf	0	Adobe Caslon Pro	Italic	ACaslonPro-Italic	ACaslonPro-Italic			Version 2.096;PS 2.000;hotconv 1.0.70;makeotf.lib2.5.58329	2.096	400	5	1		689	0	0		0	91	1	0	liga,dlig,onum,lnum,tnum,pnum,cswh,swsh,salt,frac,sups,subs,zero,case,ordn,aalt,locl,numr,dnom,hist	kern	otf	CFF	162072	no	Carol Twombly	Adobe Systems Incorporated	ADBE	http://typekit.com/eulas/0000000000000000000188bc	
/Users/bardiasamiee/Library/Application Support/Adobe/CoreSync/plugins/livetype/.r/.8484.otf	0	Adobe Caslon Pro Bold	Regular	ACaslonPro-Bold	ACaslonPro-Bold	Adobe Caslon Pro	Bold	Version 2.096;PS 2.000;hotconv 1.0.70;makeotf.lib2.5.58329	2.096	700	5	0		581	0	0		0	91	1	0	liga,dlig,onum,lnum,tnum,pnum,frac,sups,subs,zero,case,ordn,aalt,locl,numr,dnom,hist	kern	otf	CFF	136304	no	Carol Twombly	Adobe Systems Incorporated	ADBE	http://typekit.com/eulas/0000000000000000000188ba	
/Users/bardiasamiee/Library/Application Support/Adobe/CoreSync/plugins/livetype/.r/.8485.otf	0	Adobe Caslon Pro Bold	Italic	ACaslonPro-BoldItalic	ACaslonPro-BoldItalic	Adobe Caslon Pro	Bold Italic	Version 2.096;PS 2.000;hotconv 1.0.70;makeotf.lib2.5.58329	2.096	700	5	1		689	0	0		0	91	1	0	liga,dlig,onum,lnum,tnum,pnum,cswh,swsh,salt,frac,sups,subs,zero,case,ordn,aalt,locl,numr,dnom,hist	kern	otf	CFF	163116	no	Carol Twombly	Adobe Systems Incorporated	ADBE	http://typekit.com/eulas/0000000000000000000188bb	
/Users/bardiasamiee/Library/Application Support/Adobe/CoreSync/plugins/livetype/.r/.8486.otf	0	Adobe Caslon Pro	Bold	ACaslonPro-Semibold	ACaslonPro-Semibold		Semibold	Version 2.096;PS 2.000;hotconv 1.0.70;makeotf.lib2.5.58329	2.096	600	5	0		806	0	0		0	91	1	0	liga,dlig,smcp,c2sc,onum,lnum,tnum,pnum,frac,sups,subs,zero,case,ordn,aalt,locl,numr,dnom,hist	kern	otf	CFF	163584	no	Carol Twombly	Adobe Systems Incorporated	ADBE	http://typekit.com/eulas/0000000000000000000188be	
/Users/bardiasamiee/Library/Application Support/Adobe/CoreSync/plugins/livetype/.r/.8487.otf	0	Adobe Caslon Pro	Bold Italic	ACaslonPro-SemiboldItalic	ACaslonPro-SemiboldItalic		Semibold Italic	Version 2.096;PS 2.000;hotconv 1.0.70;makeotf.lib2.5.58329	2.096	600	5	1		689	0	0		0	91	1	0	liga,dlig,onum,lnum,tnum,pnum,cswh,swsh,salt,frac,sups,subs,zero,case,ordn,aalt,locl,numr,dnom,hist	kern	otf	CFF	164984	no	Carol Twombly	Adobe Systems Incorporated	ADBE	http://typekit.com/eulas/0000000000000000000188bf	
/Users/bardiasamiee/Library/Application Support/Adobe/CoreSync/plugins/livetype/.w/.15528.otf	0	Europa-Bold	Regular	Europa-Bold	Europa-Bold	Europa-Bold	Bold	1.000	1.000	700	5	0		486	0	0		0	129	4	0	liga,onum,tnum,frac,sups,subs,numr,dnom,ss01	kern	otf	CFF	69400	no	Fabian Leuenberger	FabianLeuenberger	pyrs	http://typekit.com/eulas/00000000000000007735a081	
/Users/bardiasamiee/Library/Application Support/Adobe/CoreSync/plugins/livetype/.w/.15530.otf	0	Europa-Regular	Regular	Europa-Regular	Europa-Regular	Europa-Regular	Regular	1.000	1.000	400	5	0		486	0	0		0	129	4	0	liga,onum,tnum,frac,sups,subs,numr,dnom,ss01	kern	otf	CFF	68764	no	Fabian Leuenberger	FabianLeuenberger	pyrs	http://typekit.com/eulas/00000000000000007735a08e	
/Users/bardiasamiee/Library/Application Support/Adobe/CoreSync/plugins/livetype/.w/.15669.otf	0	Trajan Pro 3 Semibold	Regular	Trajan Pro 3 Semibold	TrajanPro3-Semibold	Trajan Pro 3	Semibold	Version 1.013;PS 1.000;hotconv 1.0.79;makeotf.lib2.5.61930	1.013	600	5	0		1403	0	0		0	145	74	150	dlig,calt,smcp,c2sc,tnum,pnum,salt,frac,sups,subs,zero,case,aalt,locl,numr,dnom,ccmp,ss01,ss02,ss03,ss04,ss05	kern	otf	CFF	176968	no	Carol Twombly, Robert Slimbach	Adobe Systems Incorporated	ADBE	http://typekit.com/eulas/00000000000000000001965f	
/Users/bardiasamiee/Library/Application Support/Adobe/CoreSync/plugins/livetype/.w/.15700.otf	0	Lato Black	Regular	Lato Black	Lato-Black	Lato	Black	Version 2.015; 2015-08-06; http://www.latofonts.com/	2.015	900	5	0		3023	0	0		1	336	127	255	liga,dlig,calt,onum,lnum,tnum,pnum,salt,frac,sups,subs,case,ordn,numr,dnom,ss01,ss02,ss03,ss04	kern,mark	otf	glyf	614796	no	Lukasz Dziedzic with Adam Twardoch and Botio Nikoltchev	tyPoland Lukasz Dziedzic	tyPL	http://typekit.com/eulas/000000000000000000019bc3	
/Users/bardiasamiee/Library/Application Support/Adobe/CoreSync/plugins/livetype/.w/.15817.otf	0	Oswald Light	Regular	Oswald Light	Oswald-Light	Oswald	Light	Version 4.100;PS 004.100;hotconv 1.0.88;makeotf.lib2.5.64775	4.100	300	5	0		768	0	0		0	208	2	122	liga,dlig,frac,sups,case,ordn,aalt,locl,ccmp	kern,mark,mkmk	otf	CFF	68964	no	Vernon Adams	Vernon Adams	newt	http://typekit.com/eulas/00000000000000007735a0e8	
/Users/bardiasamiee/Library/Application Support/Adobe/CoreSync/plugins/livetype/.w/.16353.otf	0	Montserrat	Regular	Montserrat Regular	Montserrat-Regular			Version 7.200;PS 007.200;hotconv 1.0.88;makeotf.lib2.5.64775	7.200	400	5	0		1946	0	0		0	203	4	221	liga,dlig,smcp,c2sc,onum,lnum,tnum,pnum,salt,frac,sups,subs,case,ordn,aalt,locl,numr,dnom,ccmp,ss01	kern,mark,mkmk	otf	CFF	227564	no	Julieta Ulanovsky	Julieta Ulanovsky	ULA	http://typekit.com/eulas/00000000000000007735a185	
/Users/bardiasamiee/Library/Application Support/Adobe/CoreSync/plugins/livetype/.w/.1801.otf	0	Purista Light	Regular	Purista-Light	Purista-Light	Purista	Light	Version 2.000	2.000	300	5	0		420	0	0		0	132	1	0	liga,salt,case,aalt,locl	kern	otf	CFF	44800	no	Tomas Brousil	Tomas Brousil	pyrs	http://typekit.com/eulas/0000000000000000773598e1	
/Users/bardiasamiee/Library/Application Support/Adobe/CoreSync/plugins/livetype/.w/.26053.otf	0	Acumin Pro	Bold	Acumin Pro Bold	AcuminPro-Bold			Version 1.011;PS 1.0;hotconv 1.0.86;makeotf.lib2.5.63406	1.011	700	5	0		825	0	0		0	146	1	0	liga,tnum,pnum,salt,frac,sups,subs,zero,case,ordn,aalt,numr,dnom,ss01	kern	otf	CFF	83784	no	Robert Slimbach	Adobe Systems Incorporated	ADBE	http://typekit.com/eulas/0000000000000000000193c0	
/Users/bardiasamiee/Library/Application Support/Adobe/CoreSync/plugins/livetype/.w/.26062.otf	0	Acumin Pro	Regular	Acumin Pro	AcuminPro-Regular			Version 1.011;PS 1.0;hotconv 1.0.86;makeotf.lib2.5.63406	1.011	400	5	0		825	0	0		0	146	1	0	liga,tnum,pnum,salt,frac,sups,subs,zero,case,ordn,aalt,numr,dnom,ss01	kern	otf	CFF	81988	no	Robert Slimbach	Adobe Systems Incorporated	ADBE	http://typekit.com/eulas/0000000000000000000193c9	
/Users/bardiasamiee/Library/Application Support/Adobe/CoreSync/plugins/livetype/.w/.28161.otf	0	BookmanJFPro	Italic	BookmanJFPro Italic	BookmanJFPro-Italic			Version 2.1	2.000	400	5	1		497	0	0		0	60	0	0	liga,dlig,calt,onum,swsh,salt,frac,aalt,titl	kern	otf	CFF	97892	no	Jason Walcott, Alexander Phemister & Chauncey Griffith	Jason Walcott	pyrs	http://typekit.com/eulas/00000000000000007735b3f4	
/Users/bardiasamiee/Library/Application Support/Adobe/CoreSync/plugins/livetype/.w/.28163.otf	0	BookmanJFPro	Roman	BookmanJFPro Roman	BookmanJFPro-Roman			Version 2.000	2.000	400	5	0		450	0	0		0	60	0	0	liga,dlig,calt,onum,swsh,salt,frac,aalt,titl	kern	otf	CFF	116328	no	Jason Walcott, Alexander Phemister & Chauncey Griffith	Jason Walcott	pyrs	http://typekit.com/eulas/00000000000000007735b3f6	
/Users/bardiasamiee/Library/Application Support/Adobe/CoreSync/plugins/livetype/.w/.32224.otf	0	DIN 2014 Light	Regular	DIN 2014 Light	DIN2014-Light	DIN 2014	Light	Version 1.001	1.001	300	5	0		632	0	0		1	113	4	136	liga,tnum,pnum,salt,frac,sups,case,ordn,aalt,locl,ccmp,ss01,ss02	kern	otf	CFF	83648	no	Vasily Biryukov	ParaType Ltd	PARA	http://typekit.com/eulas/00000000000000007735afe4	
/Users/bardiasamiee/Library/Application Support/Adobe/CoreSync/plugins/livetype/.w/.32227.otf	0	DIN 2014	Regular	DIN 2014	DIN2014-Regular			Version 1.000	1.000	400	5	0		633	0	0		1	113	4	136	liga,tnum,pnum,salt,frac,sups,case,ordn,aalt,locl,ccmp,ss01,ss02	kern	otf	CFF	81064	no	Vasily Biryukov	ParaType Ltd	PARA	http://typekit.com/eulas/00000000000000007735afee	
/Users/bardiasamiee/Library/Application Support/Adobe/CoreSync/plugins/livetype/.w/.32228.otf	0	DIN 2014 Demi	Regular	DIN 2014 Demi	DIN2014-Demi	DIN 2014	Demi	Version 1.000	1.000	600	5	0		633	0	0		1	113	4	136	liga,tnum,pnum,salt,frac,sups,case,ordn,aalt,locl,ccmp,ss01,ss02	kern	otf	CFF	86108	no	Vasily Biryukov	ParaType Ltd	PARA	http://typekit.com/eulas/00000000000000007735aff1	
/Users/bardiasamiee/Library/Application Support/Adobe/CoreSync/plugins/livetype/.w/.32231.otf	0	DIN 2014 Bold	Regular	DIN 2014 Bold	DIN2014-Bold	DIN 2014	Bold	Version 1.000	1.000	700	5	0		633	0	0		1	113	4	136	liga,tnum,pnum,salt,frac,sups,case,ordn,aalt,locl,ccmp,ss01,ss02	kern	otf	CFF	87872	no	Vasily Biryukov	ParaType Ltd	PARA	http://typekit.com/eulas/00000000000000007735aff6	
/Users/bardiasamiee/Library/Application Support/Adobe/CoreSync/plugins/livetype/.w/.32232.otf	0	DIN 2014 Extra Bold	Regular	DIN 2014 Extra Bold	DIN2014-ExtraBold	DIN 2014	Extra Bold	Version 1.000	1.000	800	5	0		634	0	0		1	113	4	136	liga,tnum,pnum,salt,frac,sups,case,ordn,aalt,locl,ccmp,ss01,ss02	kern	otf	CFF	87196	no	Vasily Biryukov	ParaType Ltd	PARA	http://typekit.com/eulas/00000000000000007735aff7	
/Users/bardiasamiee/Library/Application Support/Adobe/CoreSync/plugins/livetype/.w/.37460.otf	0	Montserrat Light	Regular	Montserrat Light	Montserrat-Light	Montserrat	Light	Version 7.200;PS 007.200;hotconv 1.0.88;makeotf.lib2.5.64775	7.200	300	5	0		1946	0	0		0	203	4	221	liga,dlig,smcp,c2sc,onum,lnum,tnum,pnum,salt,frac,sups,subs,case,ordn,aalt,locl,numr,dnom,ccmp,ss01	kern,mark,mkmk	otf	CFF	227368	no	Julieta Ulanovsky	Julieta Ulanovsky	ULA	http://typekit.com/eulas/00000000000000007735a18b	
/Users/bardiasamiee/Library/Application Support/Adobe/CoreSync/plugins/livetype/.w/.37462.otf	0	Montserrat Medium	Regular	Montserrat Medium	Montserrat-Medium	Montserrat	Medium	Version 7.200;PS 007.200;hotconv 1.0.88;makeotf.lib2.5.64775	7.200	500	5	0		1946	0	0		0	203	4	221	liga,dlig,smcp,c2sc,onum,lnum,tnum,pnum,salt,frac,sups,subs,case,ordn,aalt,locl,numr,dnom,ccmp,ss01	kern,mark,mkmk	otf	CFF	229392	no	Julieta Ulanovsky	Julieta Ulanovsky	ULA	http://typekit.com/eulas/00000000000000007735a18f	
/Users/bardiasamiee/Library/Application Support/Adobe/CoreSync/plugins/livetype/.w/.37466.otf	0	Montserrat	Bold	Montserrat Bold	Montserrat-Bold			Version 7.200;PS 007.200;hotconv 1.0.88;makeotf.lib2.5.64775	7.200	700	5	0		1946	0	0		0	203	4	221	liga,dlig,smcp,c2sc,onum,lnum,tnum,pnum,salt,frac,sups,subs,case,ordn,aalt,locl,numr,dnom,ccmp,ss01	kern,mark,mkmk	otf	CFF	234992	no	Julieta Ulanovsky	Julieta Ulanovsky	ULA	http://typekit.com/eulas/00000000000000007735a197	
/Users/bardiasamiee/Library/Application Support/Adobe/CoreSync/plugins/livetype/.w/.37470.otf	0	Montserrat Black	Regular	Montserrat Black	Montserrat-Black	Montserrat	Black	Version 7.200;PS 007.200;hotconv 1.0.88;makeotf.lib2.5.64775	7.200	900	5	0		1946	0	0		0	203	4	221	liga,dlig,smcp,c2sc,onum,lnum,tnum,pnum,salt,frac,sups,subs,case,ordn,aalt,locl,numr,dnom,ccmp,ss01	kern,mark,mkmk	otf	CFF	230344	no	Julieta Ulanovsky	Julieta Ulanovsky	ULA	http://typekit.com/eulas/00000000000000007735a19f	
/Users/bardiasamiee/Library/Application Support/Adobe/CoreSync/plugins/livetype/.w/.37514.otf	0	Poppins Light	Italic	Poppins Light Italic	Poppins-LightItalic	Poppins	Light Italic	4.004	4.004	300	5	1		1059	0	0		0	115	1	0	ss01,ss02,ss03,ss04		otf	glyf	184636	no	Ninad Kale (Devanagari), Jonny Pinhorn (Latin)	Indian Type Foundry	ITFO	http://typekit.com/eulas/00000000000000007735fdb9	
/Users/bardiasamiee/Library/Application Support/Adobe/CoreSync/plugins/livetype/.w/.37517.otf	0	Poppins Medium	Italic	Poppins Medium Italic	Poppins-MediumItalic	Poppins	Medium Italic	4.004	4.004	500	5	1		1059	0	0		0	115	1	0	ss01,ss02,ss03,ss04		otf	glyf	180616	no	Ninad Kale (Devanagari), Jonny Pinhorn (Latin)	Indian Type Foundry	ITFO	http://typekit.com/eulas/00000000000000007735fdbc	
/Users/bardiasamiee/Library/Application Support/Adobe/CoreSync/plugins/livetype/.w/.37518.otf	0	Poppins Medium	Regular	Poppins Medium	Poppins-Medium	Poppins	Medium	4.004	4.004	500	5	0		1059	0	0		0	115	1	0	ss01,ss02,ss03,ss04		otf	glyf	156692	no	Ninad Kale (Devanagari), Jonny Pinhorn (Latin)	Indian Type Foundry	ITFO	http://typekit.com/eulas/00000000000000007735fdb7	
/Users/bardiasamiee/Library/Application Support/Adobe/CoreSync/plugins/livetype/.w/.37520.otf	0	Poppins SemiBold	Regular	Poppins SemiBold	Poppins-SemiBold	Poppins	SemiBold	4.004	4.004	600	5	0		1059	0	0		0	115	1	0	ss01,ss02,ss03,ss04		otf	glyf	155404	no	Ninad Kale (Devanagari), Jonny Pinhorn (Latin)	Indian Type Foundry	ITFO	http://typekit.com/eulas/00000000000000007735fdb2	
/Users/bardiasamiee/Library/Application Support/Adobe/CoreSync/plugins/livetype/.w/.39182.otf	0	Calibri	Bold	Calibri Bold	Calibri-Bold			Version 5.87m	5.870	700	5	0		3879	0	0		1	336	127	255	liga,dlig,calt,smcp,c2sc,onum,lnum,tnum,pnum,salt,frac,sups,subs,case,ordn,locl,numr,dnom,ccmp,ss01,ss02,ss03,ss04	kern,mark,mkmk	otf	glyf	838888	no	Luc(as) de Groot	Microsoft Corporation	MONO	http://typekit.com/eulas/00000000000000007735bbe9	
/Users/bardiasamiee/Library/Application Support/Adobe/CoreSync/plugins/livetype/.w/.39187.otf	0	Calibri	Regular	Calibri	Calibri			Version 5.87m	5.870	400	5	0		3879	0	0		1	336	127	255	liga,dlig,calt,smcp,c2sc,onum,lnum,tnum,pnum,salt,frac,sups,subs,case,ordn,locl,numr,dnom,ccmp,ss01,ss02,ss03,ss04	kern,mark,mkmk	otf	glyf	801184	no	Luc(as) de Groot	Microsoft Corporation	MONO	http://typekit.com/eulas/00000000000000007735bbfb	
/Users/bardiasamiee/Library/Application Support/Adobe/CoreSync/plugins/livetype/.w/.40409.otf	0	Noto Sans	Regular	Noto Sans Regular	NotoSans-Regular			Version 2.000;GOOG;noto-source:20170915:90ef993387c0	2.000	400	5	0		3246	0	0		1	336	121	256	smcp,c2sc,onum,lnum,tnum,pnum,frac,sups,subs,zero,case,ordn,aalt,locl,numr,dnom,ccmp	kern,mark,mkmk	otf	glyf	313320	no	Monotype Design Team	Monotype Imaging Inc.	GOOG	http://typekit.com/eulas/00000000000000007735b97f	
/Users/bardiasamiee/Library/Application Support/Adobe/CoreSync/plugins/livetype/.w/.40410.otf	0	Noto Sans	Italic	Noto Sans Italic	NotoSans-Italic			Version 2.000;GOOG;noto-source:20170915:90ef993387c0	2.000	400	5	1		3249	0	0		1	336	121	256	liga,smcp,c2sc,onum,lnum,tnum,pnum,frac,sups,subs,case,ordn,aalt,locl,numr,dnom,ccmp	kern,mark,mkmk	otf	glyf	326180	no	Monotype Design Team	Monotype Imaging Inc.	GOOG	http://typekit.com/eulas/00000000000000007735b983	
/Users/bardiasamiee/Library/Application Support/Adobe/CoreSync/plugins/livetype/.w/.47858.otf	0	Mundial Hair	Italic	Mundial-HairItalic	Mundial-HairItalic	Mundial	Hair Italic	Version 1.000	1.000	100	5	1		745	0	0		0	147	2	0	liga,smcp,c2sc,onum,tnum,salt,frac,sups,subs,zero,case,ordn,aalt,titl,locl,ss01,ss02,ss03,ss04,ss05,ss06	kern,case	otf	CFF	164752	no	TipoType Team	TipoType Team	TTYs	http://typekit.com/eulas/00000000000000007735ee04	
/Users/bardiasamiee/Library/Application Support/Adobe/CoreSync/plugins/livetype/.w/.47859.otf	0	Mundial Hair	Regular	Mundial-Hair	Mundial-Hair	Mundial	Hair	Version 1.000	1.000	100	5	0		745	0	0		0	147	2	0	liga,smcp,c2sc,onum,tnum,salt,frac,sups,subs,zero,case,ordn,aalt,titl,locl,ss01,ss02,ss03,ss04,ss05,ss06	kern,case	otf	CFF	162588	no	TipoType Team	TipoType Team	TTYs	http://typekit.com/eulas/00000000000000007735ee03	
/Users/bardiasamiee/Library/Application Support/Adobe/CoreSync/plugins/livetype/.w/.47860.otf	0	Mundial Thin	Italic	Mundial-ThinItalic	Mundial-ThinItalic	Mundial	Thin Italic	Version 1.000	1.000	200	5	1		745	0	0		0	147	2	0	liga,smcp,c2sc,onum,tnum,salt,frac,sups,subs,zero,case,ordn,aalt,titl,locl,ss01,ss02,ss03,ss04,ss05,ss06	kern,case	otf	CFF	165656	no	TipoType Team	TipoType Team	TTYs	http://typekit.com/eulas/00000000000000007735ee07	
/Users/bardiasamiee/Library/Application Support/Adobe/CoreSync/plugins/livetype/.w/.47861.otf	0	Mundial Thin	Regular	Mundial-Thin	Mundial-Thin	Mundial	Thin	Version 1.000	1.000	200	5	0		745	0	0		0	147	2	0	liga,smcp,c2sc,onum,tnum,salt,frac,sups,subs,zero,case,ordn,aalt,titl,locl,ss01,ss02,ss03,ss04,ss05,ss06	kern,case	otf	CFF	163304	no	TipoType Team	TipoType Team	TTYs	http://typekit.com/eulas/00000000000000007735ee05	
/Users/bardiasamiee/Library/Application Support/Adobe/CoreSync/plugins/livetype/.w/.47862.otf	0	Mundial Light	Italic	Mundial-LightItalic	Mundial-LightItalic	Mundial	Light Italic	Version 1.000	1.000	300	5	1		744	0	0		0	147	2	0	liga,smcp,c2sc,onum,tnum,salt,frac,sups,subs,zero,case,ordn,aalt,titl,locl,ss01,ss02,ss03,ss04,ss05,ss06	kern,case	otf	CFF	170500	no	TipoType Team	TipoType Team	PYRS	http://typekit.com/eulas/00000000000000007735ee09	
/Users/bardiasamiee/Library/Application Support/Adobe/CoreSync/plugins/livetype/.w/.47863.otf	0	Mundial Light	Regular	Mundial-Light	Mundial-Light	Mundial	Light	Version 1.000	1.000	300	5	0		744	0	0		0	147	2	0	liga,smcp,c2sc,onum,tnum,salt,frac,sups,subs,zero,case,ordn,aalt,titl,locl,ss01,ss02,ss03,ss04,ss05,ss06	kern,case	otf	CFF	167512	no	TipoType Team	TipoType Team	PYRS	http://typekit.com/eulas/00000000000000007735ee0b	
/Users/bardiasamiee/Library/Application Support/Adobe/CoreSync/plugins/livetype/.w/.47864.otf	0	Mundial	Italic	Mundial-Italic	Mundial-Italic			Version 1.000	1.000	400	5	1		745	0	0		0	147	2	0	liga,smcp,c2sc,onum,tnum,salt,frac,sups,subs,zero,case,ordn,aalt,titl,locl,ss01,ss02,ss03,ss04,ss05,ss06	kern,case	otf	CFF	167852	no	TipoType Team	TipoType Team	TTYs	http://typekit.com/eulas/00000000000000007735ee06	
/Users/bardiasamiee/Library/Application Support/Adobe/CoreSync/plugins/livetype/.w/.47865.otf	0	Mundial	Regular	Mundial-Regular	Mundial-Regular			Version 1.000	1.000	400	5	0		745	0	0		0	147	2	0	liga,smcp,c2sc,onum,tnum,salt,frac,sups,subs,zero,case,ordn,aalt,titl,locl,ss01,ss02,ss03,ss04,ss05,ss06	kern,case	otf	CFF	165048	no	TipoType Team	TipoType Team	TTYs	http://typekit.com/eulas/00000000000000007735ee08	
/Users/bardiasamiee/Library/Application Support/Adobe/CoreSync/plugins/livetype/.w/.47866.otf	0	Mundial DemiBold	Italic	Mundial-DemiBoldItalic	Mundial-DemiBoldItalic	Mundial	DemiBold Italic	Version 1.000	1.000	600	5	1		744	0	0		0	147	2	0	liga,smcp,c2sc,onum,tnum,salt,frac,sups,subs,zero,case,ordn,aalt,titl,locl,ss01,ss02,ss03,ss04,ss05,ss06	kern,case	otf	CFF	170132	no	TipoType Team	TipoType Team	TTYs	http://typekit.com/eulas/00000000000000007735ee0a	
/Users/bardiasamiee/Library/Application Support/Adobe/CoreSync/plugins/livetype/.w/.47867.otf	0	Mundial DemiBold	Regular	Mundial-DemiBold	Mundial-DemiBold	Mundial	DemiBold	Version 1.000	1.000	600	5	0		744	0	0		0	147	2	0	liga,smcp,c2sc,onum,tnum,salt,frac,sups,subs,zero,case,ordn,aalt,titl,locl,ss01,ss02,ss03,ss04,ss05,ss06	kern,case	otf	CFF	167604	no	TipoType Team	TipoType Team	TTYs	http://typekit.com/eulas/00000000000000007735ee0c	
/Users/bardiasamiee/Library/Application Support/Adobe/CoreSync/plugins/livetype/.w/.47868.otf	0	Mundial	Bold Italic	Mundial-BoldItalic	Mundial-BoldItalic			Version 1.000	1.000	700	5	1		745	0	0		0	147	2	0	liga,smcp,c2sc,onum,tnum,salt,frac,sups,subs,zero,case,ordn,aalt,titl,locl,ss01,ss02,ss03,ss04,ss05,ss06	kern,case	otf	CFF	168012	no	TipoType Team	TipoType Team	TTYs	http://typekit.com/eulas/00000000000000007735ee0d	
/Users/bardiasamiee/Library/Application Support/Adobe/CoreSync/plugins/livetype/.w/.47869.otf	0	Mundial	Bold	Mundial-Bold	Mundial-Bold			Version 1.000	1.000	700	5	0		745	0	0		0	147	2	0	liga,smcp,c2sc,onum,tnum,salt,frac,sups,subs,zero,case,ordn,aalt,titl,locl,ss01,ss02,ss03,ss04,ss05,ss06	kern,case	otf	CFF	164916	no	TipoType Team	TipoType Team	TTYs	http://typekit.com/eulas/00000000000000007735ee0e	
/Users/bardiasamiee/Library/Application Support/Adobe/CoreSync/plugins/livetype/.w/.47870.otf	0	Mundial Black	Italic	Mundial-BlackItalic	Mundial-BlackItalic	Mundial	Black Italic	1.0	1.000	900	5	1		745	0	0		0	147	2	0	liga,smcp,c2sc,onum,tnum,salt,frac,sups,subs,zero,case,ordn,aalt,titl,locl,ss01,ss02,ss03,ss04,ss05,ss06	kern,case	otf	CFF	168848	no	TipoType Team	TipoType Team	TTYs	http://typekit.com/eulas/00000000000000007735ee0f	
/Users/bardiasamiee/Library/Application Support/Adobe/CoreSync/plugins/livetype/.w/.47871.otf	0	Mundial Black	Regular	Mundial-Black	Mundial-Black	Mundial	Black	1.0	1.000	900	5	0		745	0	0		0	147	2	0	liga,smcp,c2sc,onum,tnum,salt,frac,sups,subs,zero,case,ordn,aalt,titl,locl,ss01,ss02,ss03,ss04,ss05,ss06	kern,case	otf	CFF	165988	no	TipoType Team	TipoType Team	TTYs	http://typekit.com/eulas/00000000000000007735ee10	
/Users/bardiasamiee/Library/Application Support/Adobe/CoreSync/plugins/livetype/.w/.53549.otf	0	TT Commons Pro	Bold	TT Commons Pro Bold	TTCommonsPro-Bd			Version 3.200.26072023	3.200	700	5	0		1548	0	0		0	148	0	218	liga,dlig,calt,smcp,c2sc,onum,lnum,tnum,pnum,salt,frac,sups,subs,case,ordn,aalt,locl,numr,dnom,ccmp,ss01,ss02,ss03,ss04,ss05,ss06,ss07,ss08,ss09,ss10,ss11	kern,mark,mkmk	otf	CFF	301796	no	Designed by Pavel Emelyanov, Ivan Gladkikh, Yulia Gonina, Kseniya Karataeva, Antonina Zhulkova. Technical designers Marina Khodak, Kirill Maslov, Nadyr Rakhimov, Yuri Nako, Anastasia Pogorelova, Victor Rubenko.	TypeType	TpTp	http://typekit.com/eulas/0000000000000000774f7706	
/Users/bardiasamiee/Library/Application Support/Adobe/CoreSync/plugins/livetype/.w/.53550.otf	0	TT Commons Pro	Italic	TT Commons Pro Italic	TTCommonsPro-It			Version 3.200.26072023	3.200	400	5	1		1548	0	0		0	148	0	218	liga,dlig,calt,smcp,c2sc,onum,lnum,tnum,pnum,salt,frac,sups,subs,case,ordn,aalt,locl,numr,dnom,ccmp,ss01,ss02,ss03,ss04,ss05,ss06,ss07,ss08,ss09,ss10,ss11	kern,mark,mkmk	otf	CFF	289276	no	Designed by Pavel Emelyanov, Ivan Gladkikh, Yulia Gonina, Kseniya Karataeva, Antonina Zhulkova. Technical designers Marina Khodak, Kirill Maslov, Nadyr Rakhimov, Yuri Nako, Anastasia Pogorelova, Victor Rubenko.	TypeType	TpTp	http://typekit.com/eulas/0000000000000000774f7707	
/Users/bardiasamiee/Library/Application Support/Adobe/CoreSync/plugins/livetype/.w/.53551.otf	0	TT Commons Pro ExtraLight	Regular	TT Commons Pro ExtraLight	TTCommonsPro-XLt	TT Commons Pro	ExtraLight	Version 3.200.26072023	3.200	200	5	0		1548	0	0		0	148	0	218	liga,dlig,calt,smcp,c2sc,onum,lnum,tnum,pnum,salt,frac,sups,subs,case,ordn,aalt,locl,numr,dnom,ccmp,ss01,ss02,ss03,ss04,ss05,ss06,ss07,ss08,ss09,ss10,ss11	kern,mark,mkmk	otf	CFF	291660	no	Designed by Pavel Emelyanov, Ivan Gladkikh, Yulia Gonina, Kseniya Karataeva, Antonina Zhulkova. Technical designers Marina Khodak, Kirill Maslov, Nadyr Rakhimov, Yuri Nako, Anastasia Pogorelova, Victor Rubenko.	TypeType	TpTp	http://typekit.com/eulas/0000000000000000774f7708	
/Users/bardiasamiee/Library/Application Support/Adobe/CoreSync/plugins/livetype/.w/.53552.otf	0	TT Commons Pro ExtraBlack	Italic	TT Commons Pro ExtraBlack Italic	TTCommonsPro-XBlkIt	TT Commons Pro	ExtraBlack Italic	Version 3.200.26072023	3.200	950	5	1		1548	0	0		0	148	0	218	liga,dlig,calt,smcp,c2sc,onum,lnum,tnum,pnum,salt,frac,sups,subs,case,ordn,aalt,locl,numr,dnom,ccmp,ss01,ss02,ss03,ss04,ss05,ss06,ss07,ss08,ss09,ss10,ss11	kern,mark,mkmk	otf	CFF	299876	no	Designed by Pavel Emelyanov, Ivan Gladkikh, Yulia Gonina, Kseniya Karataeva, Antonina Zhulkova. Technical designers Marina Khodak, Kirill Maslov, Nadyr Rakhimov, Yuri Nako, Anastasia Pogorelova, Victor Rubenko.	TypeType	TpTp	http://typekit.com/eulas/0000000000000000774f770b	
/Users/bardiasamiee/Library/Application Support/Adobe/CoreSync/plugins/livetype/.w/.53553.otf	0	TT Commons Pro	Bold Italic	TT Commons Pro Bold Italic	TTCommonsPro-BdIt			Version 3.200.26072023	3.200	700	5	1		1548	0	0		0	148	0	218	liga,dlig,calt,smcp,c2sc,onum,lnum,tnum,pnum,salt,frac,sups,subs,case,ordn,aalt,locl,numr,dnom,ccmp,ss01,ss02,ss03,ss04,ss05,ss06,ss07,ss08,ss09,ss10,ss11	kern,mark,mkmk	otf	CFF	298384	no	Designed by Pavel Emelyanov, Ivan Gladkikh, Yulia Gonina, Kseniya Karataeva, Antonina Zhulkova. Technical designers Marina Khodak, Kirill Maslov, Nadyr Rakhimov, Yuri Nako, Anastasia Pogorelova, Victor Rubenko.	TypeType	TpTp	http://typekit.com/eulas/0000000000000000774f7709	
/Users/bardiasamiee/Library/Application Support/Adobe/CoreSync/plugins/livetype/.w/.53554.otf	0	TT Commons Pro ExtraBold	Italic	TT Commons Pro ExtraBold Italic	TTCommonsPro-XBdIt	TT Commons Pro	ExtraBold Italic	Version 3.200.26072023	3.200	800	5	1		1548	0	0		0	148	0	218	liga,dlig,calt,smcp,c2sc,onum,lnum,tnum,pnum,salt,frac,sups,subs,case,ordn,aalt,locl,numr,dnom,ccmp,ss01,ss02,ss03,ss04,ss05,ss06,ss07,ss08,ss09,ss10,ss11	kern,mark,mkmk	otf	CFF	298520	no	Designed by Pavel Emelyanov, Ivan Gladkikh, Yulia Gonina, Kseniya Karataeva, Antonina Zhulkova. Technical designers Marina Khodak, Kirill Maslov, Nadyr Rakhimov, Yuri Nako, Anastasia Pogorelova, Victor Rubenko.	TypeType	TpTp	http://typekit.com/eulas/0000000000000000774f770a	
/Users/bardiasamiee/Library/Application Support/Adobe/CoreSync/plugins/livetype/.w/.53555.otf	0	TT Commons Pro Black	Regular	TT Commons Pro Black	TTCommonsPro-Blk	TT Commons Pro	Black	Version 3.200.26072023	3.200	900	5	0		1548	0	0		0	148	0	218	liga,dlig,calt,smcp,c2sc,onum,lnum,tnum,pnum,salt,frac,sups,subs,case,ordn,aalt,locl,numr,dnom,ccmp,ss01,ss02,ss03,ss04,ss05,ss06,ss07,ss08,ss09,ss10,ss11	kern,mark,mkmk	otf	CFF	304424	no	Designed by Pavel Emelyanov, Ivan Gladkikh, Yulia Gonina, Kseniya Karataeva, Antonina Zhulkova. Technical designers Marina Khodak, Kirill Maslov, Nadyr Rakhimov, Yuri Nako, Anastasia Pogorelova, Victor Rubenko.	TypeType	TpTp	http://typekit.com/eulas/0000000000000000774f770d	
/Users/bardiasamiee/Library/Application Support/Adobe/CoreSync/plugins/livetype/.w/.53556.otf	0	TT Commons Pro ExtraBold	Regular	TT Commons Pro ExtraBold	TTCommonsPro-XBd	TT Commons Pro	ExtraBold	Version 3.200.26072023	3.200	800	5	0		1548	0	0		0	148	0	218	liga,dlig,calt,smcp,c2sc,onum,lnum,tnum,pnum,salt,frac,sups,subs,case,ordn,aalt,locl,numr,dnom,ccmp,ss01,ss02,ss03,ss04,ss05,ss06,ss07,ss08,ss09,ss10,ss11	kern,mark,mkmk	otf	CFF	303484	no	Designed by Pavel Emelyanov, Ivan Gladkikh, Yulia Gonina, Kseniya Karataeva, Antonina Zhulkova. Technical designers Marina Khodak, Kirill Maslov, Nadyr Rakhimov, Yuri Nako, Anastasia Pogorelova, Victor Rubenko.	TypeType	TpTp	http://typekit.com/eulas/0000000000000000774f770e	
/Users/bardiasamiee/Library/Application Support/Adobe/CoreSync/plugins/livetype/.w/.53557.otf	0	TT Commons Pro	Regular	TT Commons Pro Regular	TTCommonsPro-Rg			Version 3.200.26072023	3.200	400	5	0		1548	0	0		0	148	0	218	liga,dlig,calt,smcp,c2sc,onum,lnum,tnum,pnum,salt,frac,sups,subs,case,ordn,aalt,locl,numr,dnom,ccmp,ss01,ss02,ss03,ss04,ss05,ss06,ss07,ss08,ss09,ss10,ss11	kern,mark,mkmk	otf	CFF	289964	no	Designed by Pavel Emelyanov, Ivan Gladkikh, Yulia Gonina, Kseniya Karataeva, Antonina Zhulkova. Technical designers Marina Khodak, Kirill Maslov, Nadyr Rakhimov, Yuri Nako, Anastasia Pogorelova, Victor Rubenko.	TypeType	TpTp	http://typekit.com/eulas/0000000000000000774f770f	
/Users/bardiasamiee/Library/Application Support/Adobe/CoreSync/plugins/livetype/.w/.53558.otf	0	TT Commons Pro Medium	Italic	TT Commons Pro Medium Italic	TTCommonsPro-MdIt	TT Commons Pro	Medium Italic	Version 3.200.26072023	3.200	500	5	1		1548	0	0		0	148	0	218	liga,dlig,calt,smcp,c2sc,onum,lnum,tnum,pnum,salt,frac,sups,subs,case,ordn,aalt,locl,numr,dnom,ccmp,ss01,ss02,ss03,ss04,ss05,ss06,ss07,ss08,ss09,ss10,ss11	kern,mark,mkmk	otf	CFF	288200	no	Designed by Pavel Emelyanov, Ivan Gladkikh, Yulia Gonina, Kseniya Karataeva, Antonina Zhulkova. Technical designers Marina Khodak, Kirill Maslov, Nadyr Rakhimov, Yuri Nako, Anastasia Pogorelova, Victor Rubenko.	TypeType	TpTp	http://typekit.com/eulas/0000000000000000774f7710	
/Users/bardiasamiee/Library/Application Support/Adobe/CoreSync/plugins/livetype/.w/.53559.otf	0	TT Commons Pro DemiBold	Italic	TT Commons Pro DemiBold Italic	TTCommonsPro-DbIt	TT Commons Pro	DemiBold Italic	Version 3.200.26072023	3.200	600	5	1		1548	0	0		0	148	0	218	liga,dlig,calt,smcp,c2sc,onum,lnum,tnum,pnum,salt,frac,sups,subs,case,ordn,aalt,locl,numr,dnom,ccmp,ss01,ss02,ss03,ss04,ss05,ss06,ss07,ss08,ss09,ss10,ss11	kern,mark,mkmk	otf	CFF	293080	no	Designed by Pavel Emelyanov, Ivan Gladkikh, Yulia Gonina, Kseniya Karataeva, Antonina Zhulkova. Technical designers Marina Khodak, Kirill Maslov, Nadyr Rakhimov, Yuri Nako, Anastasia Pogorelova, Victor Rubenko.	TypeType	TpTp	http://typekit.com/eulas/0000000000000000774f7711	
/Users/bardiasamiee/Library/Application Support/Adobe/CoreSync/plugins/livetype/.w/.53560.otf	0	TT Commons Pro Medium	Regular	TT Commons Pro Medium	TTCommonsPro-Md	TT Commons Pro	Medium	Version 3.200.26072023	3.200	500	5	0		1548	0	0		0	148	0	218	liga,dlig,calt,smcp,c2sc,onum,lnum,tnum,pnum,salt,frac,sups,subs,case,ordn,aalt,locl,numr,dnom,ccmp,ss01,ss02,ss03,ss04,ss05,ss06,ss07,ss08,ss09,ss10,ss11	kern,mark,mkmk	otf	CFF	291172	no	Designed by Pavel Emelyanov, Ivan Gladkikh, Yulia Gonina, Kseniya Karataeva, Antonina Zhulkova. Technical designers Marina Khodak, Kirill Maslov, Nadyr Rakhimov, Yuri Nako, Anastasia Pogorelova, Victor Rubenko.	TypeType	TpTp	http://typekit.com/eulas/0000000000000000774f7716	
/Users/bardiasamiee/Library/Application Support/Adobe/CoreSync/plugins/livetype/.w/.53561.otf	0	TT Commons Pro DemiBold	Regular	TT Commons Pro DemiBold	TTCommonsPro-Db	TT Commons Pro	DemiBold	Version 3.200.26072023	3.200	600	5	0		1548	0	0		0	148	0	218	liga,dlig,calt,smcp,c2sc,onum,lnum,tnum,pnum,salt,frac,sups,subs,case,ordn,aalt,locl,numr,dnom,ccmp,ss01,ss02,ss03,ss04,ss05,ss06,ss07,ss08,ss09,ss10,ss11	kern,mark,mkmk	otf	CFF	296376	no	Designed by Pavel Emelyanov, Ivan Gladkikh, Yulia Gonina, Kseniya Karataeva, Antonina Zhulkova. Technical designers Marina Khodak, Kirill Maslov, Nadyr Rakhimov, Yuri Nako, Anastasia Pogorelova, Victor Rubenko.	TypeType	TpTp	http://typekit.com/eulas/0000000000000000774f7713	
/Users/bardiasamiee/Library/Application Support/Adobe/CoreSync/plugins/livetype/.w/.53562.otf	0	TT Commons Pro Black	Italic	TT Commons Pro Black Italic	TTCommonsPro-BlkIt	TT Commons Pro	Black Italic	Version 3.200.26072023	3.200	900	5	1		1548	0	0		0	148	0	218	liga,dlig,calt,smcp,c2sc,onum,lnum,tnum,pnum,salt,frac,sups,subs,case,ordn,aalt,locl,numr,dnom,ccmp,ss01,ss02,ss03,ss04,ss05,ss06,ss07,ss08,ss09,ss10,ss11	kern,mark,mkmk	otf	CFF	298780	no	Designed by Pavel Emelyanov, Ivan Gladkikh, Yulia Gonina, Kseniya Karataeva, Antonina Zhulkova. Technical designers Marina Khodak, Kirill Maslov, Nadyr Rakhimov, Yuri Nako, Anastasia Pogorelova, Victor Rubenko.	TypeType	TpTp	http://typekit.com/eulas/0000000000000000774f7714	
/Users/bardiasamiee/Library/Application Support/Adobe/CoreSync/plugins/livetype/.w/.53563.otf	0	TT Commons Pro ExtraLight	Italic	TT Commons Pro ExtraLight Italic	TTCommonsPro-XLtIt	TT Commons Pro	ExtraLight Italic	Version 3.200.26072023	3.200	200	5	1		1548	0	0		0	148	0	218	liga,dlig,calt,smcp,c2sc,onum,lnum,tnum,pnum,salt,frac,sups,subs,case,ordn,aalt,locl,numr,dnom,ccmp,ss01,ss02,ss03,ss04,ss05,ss06,ss07,ss08,ss09,ss10,ss11	kern,mark,mkmk	otf	CFF	290224	no	Designed by Pavel Emelyanov, Ivan Gladkikh, Yulia Gonina, Kseniya Karataeva, Antonina Zhulkova. Technical designers Marina Khodak, Kirill Maslov, Nadyr Rakhimov, Yuri Nako, Anastasia Pogorelova, Victor Rubenko.	TypeType	TpTp	http://typekit.com/eulas/0000000000000000774f7719	
/Users/bardiasamiee/Library/Application Support/Adobe/CoreSync/plugins/livetype/.w/.53564.otf	0	TT Commons Pro Light	Regular	TT Commons Pro Light	TTCommonsPro-Lt	TT Commons Pro	Light	Version 3.200.26072023	3.200	300	5	0		1548	0	0		0	148	0	218	liga,dlig,calt,smcp,c2sc,onum,lnum,tnum,pnum,salt,frac,sups,subs,case,ordn,aalt,locl,numr,dnom,ccmp,ss01,ss02,ss03,ss04,ss05,ss06,ss07,ss08,ss09,ss10,ss11	kern,mark,mkmk	otf	CFF	291292	no	Designed by Pavel Emelyanov, Ivan Gladkikh, Yulia Gonina, Kseniya Karataeva, Antonina Zhulkova. Technical designers Marina Khodak, Kirill Maslov, Nadyr Rakhimov, Yuri Nako, Anastasia Pogorelova, Victor Rubenko.	TypeType	TpTp	http://typekit.com/eulas/0000000000000000774f7715	
/Users/bardiasamiee/Library/Application Support/Adobe/CoreSync/plugins/livetype/.w/.53565.otf	0	TT Commons Pro ExtraBlack	Regular	TT Commons Pro ExtraBlack	TTCommonsPro-XBlk	TT Commons Pro	ExtraBlack	Version 3.200.26072023	3.200	950	5	0		1548	0	0		0	148	0	218	liga,dlig,calt,smcp,c2sc,onum,lnum,tnum,pnum,salt,frac,sups,subs,case,ordn,aalt,locl,numr,dnom,ccmp,ss01,ss02,ss03,ss04,ss05,ss06,ss07,ss08,ss09,ss10,ss11	kern,mark,mkmk	otf	CFF	305528	no	Designed by Pavel Emelyanov, Ivan Gladkikh, Yulia Gonina, Kseniya Karataeva, Antonina Zhulkova. Technical designers Marina Khodak, Kirill Maslov, Nadyr Rakhimov, Yuri Nako, Anastasia Pogorelova, Victor Rubenko.	TypeType	TpTp	http://typekit.com/eulas/0000000000000000774f7717	
/Users/bardiasamiee/Library/Application Support/Adobe/CoreSync/plugins/livetype/.w/.53566.otf	0	TT Commons Pro Light	Italic	TT Commons Pro Light Italic	TTCommonsPro-LtIt	TT Commons Pro	Light Italic	Version 3.200.26072023	3.200	300	5	1		1548	0	0		0	148	0	218	liga,dlig,calt,smcp,c2sc,onum,lnum,tnum,pnum,salt,frac,sups,subs,case,ordn,aalt,locl,numr,dnom,ccmp,ss01,ss02,ss03,ss04,ss05,ss06,ss07,ss08,ss09,ss10,ss11	kern,mark,mkmk	otf	CFF	292224	no	Designed by Pavel Emelyanov, Ivan Gladkikh, Yulia Gonina, Kseniya Karataeva, Antonina Zhulkova. Technical designers Marina Khodak, Kirill Maslov, Nadyr Rakhimov, Yuri Nako, Anastasia Pogorelova, Victor Rubenko.	TypeType	TpTp	http://typekit.com/eulas/0000000000000000774f7718	
/Users/bardiasamiee/Library/Application Support/Adobe/CoreSync/plugins/livetype/.w/.53567.otf	0	TT Commons Pro Thin	Italic	TT Commons Pro Thin Italic	TTCommonsPro-ThinIt	TT Commons Pro	Thin Italic	Version 3.200.26072023	3.200	100	5	1		1548	0	0		0	148	0	218	liga,dlig,calt,smcp,c2sc,onum,lnum,tnum,pnum,salt,frac,sups,subs,case,ordn,aalt,locl,numr,dnom,ccmp,ss01,ss02,ss03,ss04,ss05,ss06,ss07,ss08,ss09,ss10,ss11	kern,mark,mkmk	otf	CFF	290940	no	Designed by Pavel Emelyanov, Ivan Gladkikh, Yulia Gonina, Kseniya Karataeva, Antonina Zhulkova. Technical designers Marina Khodak, Kirill Maslov, Nadyr Rakhimov, Yuri Nako, Anastasia Pogorelova, Victor Rubenko.	TypeType	TpTp	http://typekit.com/eulas/0000000000000000774f770c	
/Users/bardiasamiee/Library/Application Support/Adobe/CoreSync/plugins/livetype/.w/.53568.otf	0	TT Commons Pro Thin	Regular	TT Commons Pro Thin	TTCommonsPro-Thin	TT Commons Pro	Thin	Version 3.200.26072023	3.200	100	5	0		1548	0	0		0	148	0	218	liga,dlig,calt,smcp,c2sc,onum,lnum,tnum,pnum,salt,frac,sups,subs,case,ordn,aalt,locl,numr,dnom,ccmp,ss01,ss02,ss03,ss04,ss05,ss06,ss07,ss08,ss09,ss10,ss11	kern,mark,mkmk	otf	CFF	291816	no	Designed by Pavel Emelyanov, Ivan Gladkikh, Yulia Gonina, Kseniya Karataeva, Antonina Zhulkova. Technical designers Marina Khodak, Kirill Maslov, Nadyr Rakhimov, Yuri Nako, Anastasia Pogorelova, Victor Rubenko.	TypeType	TpTp	http://typekit.com/eulas/0000000000000000774f7712	
/Users/bardiasamiee/Library/Application Support/Adobe/CoreSync/plugins/livetype/.w/.53583.otf	0	TT Travels Next ExtraBold	Italic	TT Travels Next ExtraBold Italic	TTTravelsNext-XBdIt	TT Travels Next	ExtraBold Italic	Version 1.100.26072023	1.100	800	5	1		768	0	0		0	137	0	94	liga,dlig,calt,onum,lnum,tnum,pnum,salt,frac,sups,subs,case,ordn,aalt,locl,numr,dnom,ccmp,ss01,ss02,ss03,ss04,ss05,ss06,ss07,ss08,ss09	kern,mark,mkmk	otf	CFF	156024	no	Designed by Kseniya Karataeva, Yulia Gonina. Technical designers Yuriy Nako, Kirill Maslov, Ivan Gladkikh, Victor Rubenko.	TypeType	TpTp	http://typekit.com/eulas/0000000000000000774f76f3	
/Users/bardiasamiee/Library/Application Support/Adobe/CoreSync/plugins/livetype/.w/.53584.otf	0	TT Travels Next	Bold Italic	TT Travels Next Bold Italic	TTTravelsNext-BdIt			Version 1.100.26072023	1.100	700	5	1		768	0	0		0	137	0	94	liga,dlig,calt,onum,lnum,tnum,pnum,salt,frac,sups,subs,case,ordn,aalt,locl,numr,dnom,ccmp,ss01,ss02,ss03,ss04,ss05,ss06,ss07,ss08,ss09	kern,mark,mkmk	otf	CFF	155396	no	Designed by Kseniya Karataeva, Yulia Gonina. Technical designers Yuriy Nako, Kirill Maslov, Ivan Gladkikh, Victor Rubenko.	TypeType	TpTp	http://typekit.com/eulas/0000000000000000774f76f2	
/Users/bardiasamiee/Library/Application Support/Adobe/CoreSync/plugins/livetype/.w/.53585.otf	0	TT Travels Next Thin	Italic	TT Travels Next Thin Italic	TTTravelsNext-ThIt	TT Travels Next	Thin Italic	Version 1.100.26072023	1.100	100	5	1		768	0	0		0	137	0	94	liga,dlig,calt,onum,lnum,tnum,pnum,salt,frac,sups,subs,case,ordn,aalt,locl,numr,dnom,ccmp,ss01,ss02,ss03,ss04,ss05,ss06,ss07,ss08,ss09	kern,mark,mkmk	otf	CFF	153212	no	Designed by Kseniya Karataeva, Yulia Gonina. Technical designers Yuriy Nako, Kirill Maslov, Ivan Gladkikh, Victor Rubenko.	TypeType	TpTp	http://typekit.com/eulas/0000000000000000774f76f7	
/Users/bardiasamiee/Library/Application Support/Adobe/CoreSync/plugins/livetype/.w/.53586.otf	0	TT Travels Next Black	Italic	TT Travels Next Black Italic	TTTravelsNext-BlackIt	TT Travels Next	Black Italic	Version 1.100.26072023	1.100	900	5	1		768	0	0		0	137	0	94	liga,dlig,calt,onum,lnum,tnum,pnum,salt,frac,sups,subs,case,ordn,aalt,locl,numr,dnom,ccmp,ss01,ss02,ss03,ss04,ss05,ss06,ss07,ss08,ss09	kern,mark,mkmk	otf	CFF	157828	no	Designed by Kseniya Karataeva, Yulia Gonina. Technical designers Yuriy Nako, Kirill Maslov, Ivan Gladkikh, Victor Rubenko.	TypeType	TpTp	http://typekit.com/eulas/0000000000000000774f76f4	
/Users/bardiasamiee/Library/Application Support/Adobe/CoreSync/plugins/livetype/.w/.53587.otf	0	TT Travels Next	Bold	TT Travels Next Bold	TTTravelsNext-Bd			Version 1.100.26072023	1.100	700	5	0		768	0	0		0	137	0	94	liga,dlig,calt,onum,lnum,tnum,pnum,salt,frac,sups,subs,case,ordn,aalt,locl,numr,dnom,ccmp,ss01,ss02,ss03,ss04,ss05,ss06,ss07,ss08,ss09	kern,mark,mkmk	otf	CFF	156964	no	Designed by Kseniya Karataeva, Yulia Gonina. Technical designers Yuriy Nako, Kirill Maslov, Ivan Gladkikh, Victor Rubenko.	TypeType	TpTp	http://typekit.com/eulas/0000000000000000774f76f5	
/Users/bardiasamiee/Library/Application Support/Adobe/CoreSync/plugins/livetype/.w/.53588.otf	0	TT Travels Next ExtraLight	Regular	TT Travels Next ExtraLight	TTTravelsNext-XLt	TT Travels Next	ExtraLight	Version 1.100.26072023	1.100	200	5	0		768	0	0		0	137	0	94	liga,dlig,calt,onum,lnum,tnum,pnum,salt,frac,sups,subs,case,ordn,aalt,locl,numr,dnom,ccmp,ss01,ss02,ss03,ss04,ss05,ss06,ss07,ss08,ss09	kern,mark,mkmk	otf	CFF	152148	no	Designed by Kseniya Karataeva, Yulia Gonina. Technical designers Yuriy Nako, Kirill Maslov, Ivan Gladkikh, Victor Rubenko.	TypeType	TpTp	http://typekit.com/eulas/0000000000000000774f76f6	
/Users/bardiasamiee/Library/Application Support/Adobe/CoreSync/plugins/livetype/.w/.53589.otf	0	TT Travels Next Thin	Regular	TT Travels Next Thin	TTTravelsNext-Th	TT Travels Next	Thin	Version 1.100.26072023	1.100	100	5	0		768	0	0		0	137	0	94	liga,dlig,calt,onum,lnum,tnum,pnum,salt,frac,sups,subs,case,ordn,aalt,locl,numr,dnom,ccmp,ss01,ss02,ss03,ss04,ss05,ss06,ss07,ss08,ss09	kern,mark,mkmk	otf	CFF	151988	no	Designed by Kseniya Karataeva, Yulia Gonina. Technical designers Yuriy Nako, Kirill Maslov, Ivan Gladkikh, Victor Rubenko.	TypeType	TpTp	http://typekit.com/eulas/0000000000000000774f76f9	
/Users/bardiasamiee/Library/Application Support/Adobe/CoreSync/plugins/livetype/.w/.53590.otf	0	TT Travels Next ExtraBold	Regular	TT Travels Next ExtraBold	TTTravelsNext-XBd	TT Travels Next	ExtraBold	Version 1.100.26072023	1.100	800	5	0		768	0	0		0	137	0	94	liga,dlig,calt,onum,lnum,tnum,pnum,salt,frac,sups,subs,case,ordn,aalt,locl,numr,dnom,ccmp,ss01,ss02,ss03,ss04,ss05,ss06,ss07,ss08,ss09	kern,mark,mkmk	otf	CFF	158684	no	Designed by Kseniya Karataeva, Yulia Gonina. Technical designers Yuriy Nako, Kirill Maslov, Ivan Gladkikh, Victor Rubenko.	TypeType	TpTp	http://typekit.com/eulas/0000000000000000774f76f8	
/Users/bardiasamiee/Library/Application Support/Adobe/CoreSync/plugins/livetype/.w/.53591.otf	0	TT Travels Next Medium	Regular	TT Travels Next Medium	TTTravelsNext-Md	TT Travels Next	Medium	Version 1.100.26072023	1.100	500	5	0		768	0	0		0	137	0	94	liga,dlig,calt,onum,lnum,tnum,pnum,salt,frac,sups,subs,case,ordn,aalt,locl,numr,dnom,ccmp,ss01,ss02,ss03,ss04,ss05,ss06,ss07,ss08,ss09	kern,mark,mkmk	otf	CFF	153204	no	Designed by Kseniya Karataeva, Yulia Gonina. Technical designers Yuriy Nako, Kirill Maslov, Ivan Gladkikh, Victor Rubenko.	TypeType	TpTp	http://typekit.com/eulas/0000000000000000774f76fb	
/Users/bardiasamiee/Library/Application Support/Adobe/CoreSync/plugins/livetype/.w/.53592.otf	0	TT Travels Next Light	Italic	TT Travels Next Light Italic	TTTravelsNext-LtIt	TT Travels Next	Light Italic	Version 1.100.26072023	1.100	300	5	1		768	0	0		0	137	0	94	liga,dlig,calt,onum,lnum,tnum,pnum,salt,frac,sups,subs,case,ordn,aalt,locl,numr,dnom,ccmp,ss01,ss02,ss03,ss04,ss05,ss06,ss07,ss08,ss09	kern,mark,mkmk	otf	CFF	152516	no	Designed by Kseniya Karataeva, Yulia Gonina. Technical designers Yuriy Nako, Kirill Maslov, Ivan Gladkikh, Victor Rubenko.	TypeType	TpTp	http://typekit.com/eulas/0000000000000000774f76fc	
/Users/bardiasamiee/Library/Application Support/Adobe/CoreSync/plugins/livetype/.w/.53593.otf	0	TT Travels Next	Italic	TT Travels Next Italic	TTTravelsNext-Italic			Version 1.100.26072023	1.100	400	5	1		768	0	0		0	137	0	94	liga,dlig,calt,onum,lnum,tnum,pnum,salt,frac,sups,subs,case,ordn,aalt,locl,numr,dnom,ccmp,ss01,ss02,ss03,ss04,ss05,ss06,ss07,ss08,ss09	kern,mark,mkmk	otf	CFF	152652	no	Designed by Kseniya Karataeva, Yulia Gonina. Technical designers Yuriy Nako, Kirill Maslov, Ivan Gladkikh, Victor Rubenko.	TypeType	TpTp	http://typekit.com/eulas/0000000000000000774f76ff	
/Users/bardiasamiee/Library/Application Support/Adobe/CoreSync/plugins/livetype/.w/.53594.otf	0	TT Travels Next DemiBold	Regular	TT Travels Next DemiBold	TTTravelsNext-DmBd	TT Travels Next	DemiBold	Version 1.100.26072023	1.100	600	5	0		768	0	0		0	137	0	94	liga,dlig,calt,onum,lnum,tnum,pnum,salt,frac,sups,subs,case,ordn,aalt,locl,numr,dnom,ccmp,ss01,ss02,ss03,ss04,ss05,ss06,ss07,ss08,ss09	kern,mark,mkmk	otf	CFF	155656	no	Designed by Kseniya Karataeva, Yulia Gonina. Technical designers Yuriy Nako, Kirill Maslov, Ivan Gladkikh, Victor Rubenko.	TypeType	TpTp	http://typekit.com/eulas/0000000000000000774f76fa	
/Users/bardiasamiee/Library/Application Support/Adobe/CoreSync/plugins/livetype/.w/.53595.otf	0	TT Travels Next Black	Regular	TT Travels Next Black	TTTravelsNext-Black	TT Travels Next	Black	Version 1.100.26072023	1.100	900	5	0		768	0	0		0	137	0	94	liga,dlig,calt,onum,lnum,tnum,pnum,salt,frac,sups,subs,case,ordn,aalt,locl,numr,dnom,ccmp,ss01,ss02,ss03,ss04,ss05,ss06,ss07,ss08,ss09	kern,mark,mkmk	otf	CFF	161000	no	Designed by Kseniya Karataeva, Yulia Gonina. Technical designers Yuriy Nako, Kirill Maslov, Ivan Gladkikh, Victor Rubenko.	TypeType	TpTp	http://typekit.com/eulas/0000000000000000774f76fe	
/Users/bardiasamiee/Library/Application Support/Adobe/CoreSync/plugins/livetype/.w/.53596.otf	0	TT Travels Next DemiBold	Italic	TT Travels Next DemiBold Italic	TTTravelsNext-DmBdIt	TT Travels Next	DemiBold Italic	Version 1.100.26072023	1.100	600	5	1		768	0	0		0	137	0	94	liga,dlig,calt,onum,lnum,tnum,pnum,salt,frac,sups,subs,case,ordn,aalt,locl,numr,dnom,ccmp,ss01,ss02,ss03,ss04,ss05,ss06,ss07,ss08,ss09	kern,mark,mkmk	otf	CFF	154376	no	Designed by Kseniya Karataeva, Yulia Gonina. Technical designers Yuriy Nako, Kirill Maslov, Ivan Gladkikh, Victor Rubenko.	TypeType	TpTp	http://typekit.com/eulas/0000000000000000774f76fd	
/Users/bardiasamiee/Library/Application Support/Adobe/CoreSync/plugins/livetype/.w/.53597.otf	0	TT Travels Next Medium	Italic	TT Travels Next Medium Italic	TTTravelsNext-MdIt	TT Travels Next	Medium Italic	Version 1.100.26072023	1.100	500	5	1		768	0	0		0	137	0	94	liga,dlig,calt,onum,lnum,tnum,pnum,salt,frac,sups,subs,case,ordn,aalt,locl,numr,dnom,ccmp,ss01,ss02,ss03,ss04,ss05,ss06,ss07,ss08,ss09	kern,mark,mkmk	otf	CFF	153956	no	Designed by Kseniya Karataeva, Yulia Gonina. Technical designers Yuriy Nako, Kirill Maslov, Ivan Gladkikh, Victor Rubenko.	TypeType	TpTp	http://typekit.com/eulas/0000000000000000774f7701	
/Users/bardiasamiee/Library/Application Support/Adobe/CoreSync/plugins/livetype/.w/.53598.otf	0	TT Travels Next	Regular	TT Travels Next Regular	TTTravelsNext-Regular			Version 1.100.26072023	1.100	400	5	0		768	0	0		0	137	0	94	liga,dlig,calt,onum,lnum,tnum,pnum,salt,frac,sups,subs,case,ordn,aalt,locl,numr,dnom,ccmp,ss01,ss02,ss03,ss04,ss05,ss06,ss07,ss08,ss09	kern,mark,mkmk	otf	CFF	153064	no	Designed by Kseniya Karataeva, Yulia Gonina. Technical designers Yuriy Nako, Kirill Maslov, Ivan Gladkikh, Victor Rubenko.	TypeType	TpTp	http://typekit.com/eulas/0000000000000000774f7705	
/Users/bardiasamiee/Library/Application Support/Adobe/CoreSync/plugins/livetype/.w/.53599.otf	0	TT Travels Next Light	Regular	TT Travels Next Light	TTTravelsNext-Lt	TT Travels Next	Light	Version 1.100.26072023	1.100	300	5	0		768	0	0		0	137	0	94	liga,dlig,calt,onum,lnum,tnum,pnum,salt,frac,sups,subs,case,ordn,aalt,locl,numr,dnom,ccmp,ss01,ss02,ss03,ss04,ss05,ss06,ss07,ss08,ss09	kern,mark,mkmk	otf	CFF	153216	no	Designed by Kseniya Karataeva, Yulia Gonina. Technical designers Yuriy Nako, Kirill Maslov, Ivan Gladkikh, Victor Rubenko.	TypeType	TpTp	http://typekit.com/eulas/0000000000000000774f7700	
/Users/bardiasamiee/Library/Application Support/Adobe/CoreSync/plugins/livetype/.w/.53600.otf	0	TT Travels Next ExtraLight	Italic	TT Travels Next ExtraLight Italic	TTTravelsNext-XLtIt	TT Travels Next	ExtraLight Italic	Version 1.100.26072023	1.100	200	5	1		768	0	0		0	137	0	94	liga,dlig,calt,onum,lnum,tnum,pnum,salt,frac,sups,subs,case,ordn,aalt,locl,numr,dnom,ccmp,ss01,ss02,ss03,ss04,ss05,ss06,ss07,ss08,ss09	kern,mark,mkmk	otf	CFF	152500	no	Designed by Kseniya Karataeva, Yulia Gonina. Technical designers Yuriy Nako, Kirill Maslov, Ivan Gladkikh, Victor Rubenko.	TypeType	TpTp	http://typekit.com/eulas/0000000000000000774f7702	
/Users/bardiasamiee/Library/Application Support/Adobe/CoreSync/plugins/livetype/.w/.53601.otf	0	TT Travels Next Black Outline	Italic	TT Travels Next Black Outline Italic	TTTravelsNext-BlackOutlineIt	TT Travels Next	Black Outline Italic	Version 1.100.26072023	1.100	910	5	1		768	0	0		0	137	0	94	liga,dlig,calt,onum,lnum,tnum,pnum,salt,frac,sups,subs,case,ordn,aalt,locl,numr,dnom,ccmp,ss01,ss02,ss03,ss04,ss05,ss06,ss07,ss08,ss09	kern,mark,mkmk	otf	CFF	245120	no	Designed by Kseniya Karataeva, Yulia Gonina. Technical designers Yuriy Nako, Kirill Maslov, Ivan Gladkikh, Victor Rubenko.	TypeType	TpTp	http://typekit.com/eulas/0000000000000000774f7704	
/Users/bardiasamiee/Library/Application Support/Adobe/CoreSync/plugins/livetype/.w/.53602.otf	0	TT Travels Next Black Outline	Regular	TT Travels Next Black Outline	TTTravelsNext-BlackOutline	TT Travels Next	Black Outline	Version 1.100.26072023	1.100	910	5	0		768	0	0		0	137	0	94	liga,dlig,calt,onum,lnum,tnum,pnum,salt,frac,sups,subs,case,ordn,aalt,locl,numr,dnom,ccmp,ss01,ss02,ss03,ss04,ss05,ss06,ss07,ss08,ss09	kern,mark,mkmk	otf	CFF	248352	no	Designed by Kseniya Karataeva, Yulia Gonina. Technical designers Yuriy Nako, Kirill Maslov, Ivan Gladkikh, Victor Rubenko.	TypeType	TpTp	http://typekit.com/eulas/0000000000000000774f7703	
/Users/bardiasamiee/Library/Application Support/Adobe/CoreSync/plugins/livetype/.w/.54377.otf	0	Barlow SemiBold	Regular	Barlow SemiBold	Barlow-SemiBold	Barlow	SemiBold	Version 1.408	1.408	600	5	0		680	0	0		0	141	4	0	liga,smcp,c2sc,tnum,pnum,frac,sups,ordn,aalt,locl,numr,dnom,ccmp	kern,mark,mkmk	otf	glyf	103192	no	Jeremy Tribby	Tribby Type	TRBY	http://typekit.com/eulas/00000000000000007737fb7c	
/Users/bardiasamiee/Library/Application Support/Adobe/CoreSync/plugins/livetype/.w/.54384.otf	0	Barlow	Italic	Barlow Italic	Barlow-Italic			Version 1.408	1.408	400	5	1		680	0	0		0	141	4	0	liga,smcp,c2sc,tnum,pnum,frac,sups,ordn,aalt,locl,numr,dnom,ccmp	kern,mark,mkmk	otf	glyf	104428	no	Jeremy Tribby	Tribby Type	TRBY	http://typekit.com/eulas/0000000000000000774491d5	
/Users/bardiasamiee/Library/Application Support/Adobe/CoreSync/plugins/livetype/.w/.54388.otf	0	Barlow	Regular	Barlow Regular	Barlow-Regular			Version 1.408	1.408	400	5	0		680	0	0		0	141	4	0	liga,smcp,c2sc,tnum,pnum,frac,sups,ordn,aalt,locl,numr,dnom,ccmp	kern,mark,mkmk	otf	glyf	98988	no	Jeremy Tribby	Tribby Type	TRBY	http://typekit.com/eulas/000000000000000077402670	
/Users/bardiasamiee/Library/Application Support/Adobe/CoreSync/plugins/livetype/.w/.5560.otf	0	Carbon Regular	Regular	Carbon-Regular	Carbon-Regular	Carbon	Regular	Version 1.100 2003	1.100	450	5	0		246	0	0		0	11	1	0		kern	otf	CFF	22216	no	Anuthin Wongsunkakon	Anuthin Wongsunkakon	t26	http://typekit.com/eulas/000000000000000077359a44	
/Users/bardiasamiee/Library/Application Support/Adobe/CoreSync/plugins/livetype/.w/.60423.otf	0	Swiss721 LtEx BT	Regular	Swiss721 LtEx BT Light	Swiss721BT-LightExtended	Swiss721 BT	Light Extended	Version 5.0	5.000	400	7	0		265	0	0		1	22	2	0	liga,dlig,frac,sups,ordn,aalt	kern	otf	CFF	71180	no		MyFonts Inc.	MONO	http://typekit.com/eulas/0000000000000000775358a4	
/Users/bardiasamiee/Library/Application Support/Adobe/CoreSync/plugins/livetype/.w/.60548.otf	0	Segoe UI	Regular	Segoe UI	SegoeUI			Version 5.67;O365;CC	5.670	400	5	0		5392	256	121	pe,che,zhe,keheh,gaf,farsi-yeh	319	336	135	256	liga,dlig,calt,smcp,c2sc,onum,lnum,tnum,pnum,init,medi,fina,isol,rlig,salt,frac,sups,subs,locl,ccmp,rclt,ss01,ss18,ss19,ss20	kern,mark,mkmk,case	otf	glyf	931680	no		Microsoft Corporation	MS	http://typekit.com/eulas/0000000000000000775ab3ff	
/Users/bardiasamiee/Library/Application Support/Adobe/CoreSync/plugins/livetype/.w/.6812.otf	0	Minion Pro	Bold	MinionPro-Bold	MinionPro-Bold			Version 2.115;PS 2.000;hotconv 1.0.78;makeotf.lib2.5.61930	2.115	700	5	0		1690	0	0		0	148	84	102	liga,dlig,smcp,c2sc,onum,lnum,tnum,pnum,salt,frac,sups,subs,zero,case,ordn,aalt,locl,numr,dnom,hist,ss01,ss02	kern	otf	CFF	210652	no	Robert Slimbach	Adobe Systems Incorporated	ADBE	http://typekit.com/eulas/00000000000000007735d947	
/Users/bardiasamiee/Library/Application Support/Adobe/CoreSync/plugins/livetype/.w/.6814.otf	0	Minion Pro	Italic	MinionPro-It	MinionPro-It			Version 2.115;PS 2.000;hotconv 1.0.78;makeotf.lib2.5.61930	2.115	400	5	1		1864	0	0		0	148	84	102	liga,dlig,smcp,c2sc,onum,lnum,tnum,pnum,cswh,salt,frac,sups,subs,zero,case,ordn,aalt,locl,numr,dnom,hist,ss01,ss02	kern	otf	CFF	252652	no	Robert Slimbach	Adobe Systems Incorporated	ADBE	http://typekit.com/eulas/00000000000000007735d954	
/Users/bardiasamiee/Library/Application Support/Adobe/CoreSync/plugins/livetype/.w/.6846.otf	0	Myriad Pro	Bold	MyriadPro-Bold	MyriadPro-Bold			Version 2.115;PS 2.000;hotconv 1.0.81;makeotf.lib2.5.63406	2.115	700	5	0		852	0	0		0	146	73	95	liga,onum,lnum,tnum,pnum,salt,frac,sups,subs,zero,case,ordn,aalt,locl,numr,dnom	kern	otf	CFF	91200	no	Robert Slimbach and Carol Twombly	Adobe Systems Incorporated	ADBE	http://typekit.com/eulas/000000000000000000018f39	
/Users/bardiasamiee/Library/Application Support/Adobe/CoreSync/plugins/livetype/.w/.9654.otf	0	Arimo	Regular	Arimo Regular	Arimo-Regular			Version 1.23	1.231	400	5	0		2584	0	0		0	336	127	256	dlig,ccmp	kern,mark,mkmk	otf	glyf	436380	no	Steve Matteson	Monotype Imaging Inc.	MONO	http://typekit.com/eulas/000000000000000077359d21	
/Users/bardiasamiee/Library/Application Support/Adobe/CoreSync/plugins/livetype/.w/.9656.otf	0	Arimo	Bold	Arimo Bold	Arimo-Bold			Version 1.23	1.231	700	5	0		2584	0	0		0	336	127	256	dlig,ccmp	kern,mark,mkmk	otf	glyf	438716	no	Steve Matteson	Monotype Imaging Inc.	MONO	http://typekit.com/eulas/000000000000000077359d27	
/Users/bardiasamiee/Library/Application Support/design-tools/fonts/google/source-sans-3/source-sans-3-italic-variable.ttf	0	Source Sans 3 ExtraLight	Italic	Source Sans 3 Italic	SourceSans3-Italic	Source Sans 3	ExtraLight Italic	Version 3.052;hotconv 1.1.0;makeotfexe 2.6.0	3.052	200	5	1	wght[200..200..900]	1998	0	0		1	228	88	156	liga,dlig,onum,pnum,salt,frac,sups,subs,zero,case,ordn,aalt,titl,locl,numr,dnom,ccmp,ss01,ss02,ss03,ss04,ss05,ss06,ss07,ss08,ss09,ss10,cv01,cv02,cv03	kern,mark,mkmk	ttf	glyf	391460	no	Paul D. Hunt	Adobe	ADBO	http://scripts.sil.org/OFL	
/Users/bardiasamiee/Library/Application Support/design-tools/fonts/google/source-sans-3/source-sans-3-regular-variable.ttf	0	Source Sans 3 ExtraLight	Regular	Source Sans 3	SourceSans3-Roman	Source Sans 3	ExtraLight	Version 3.052;hotconv 1.1.0;makeotfexe 2.6.0	3.052	200	5	0	wght[200..200..900]	2478	0	0		1	228	88	156	liga,dlig,smcp,c2sc,onum,pnum,salt,frac,sups,subs,zero,case,ordn,aalt,titl,locl,numr,dnom,ccmp,ss01,ss02,ss03,ss04,ss05,ss06,ss07,ss08,ss09,ss10,cv01,cv02,cv03	kern,mark,mkmk	ttf	glyf	642476	no	Paul D. Hunt	Adobe	ADBO	http://scripts.sil.org/OFL	
/Users/bardiasamiee/Library/Application Support/design-tools/fonts/owned/Acumin-Pro/Acumin-BdItPro.otf	0	Acumin Pro	Bold Italic	Acumin Pro Bold Italic	AcuminPro-BoldItalic			Version 1.011;PS 1.0;hotconv 1.0.86;makeotf.lib2.5.63406	1.011	700	5	1		825	0	0		0	146	1	0	liga,tnum,pnum,salt,frac,sups,subs,zero,case,ordn,aalt,numr,dnom,ss01	kern	otf	CFF	82692	no	Robert Slimbach	Adobe Systems Incorporated	ADBE	http://typekit.com/eulas/0000000000000000000193c1	
/Users/bardiasamiee/Library/Application Support/design-tools/fonts/owned/Acumin-Pro/Acumin-BdPro.otf	0	Acumin Pro	Bold	Acumin Pro Bold	AcuminPro-Bold			Version 1.011;PS 1.0;hotconv 1.0.86;makeotf.lib2.5.63406	1.011	700	5	0		825	0	0		0	146	1	0	liga,tnum,pnum,salt,frac,sups,subs,zero,case,ordn,aalt,numr,dnom,ss01	kern	otf	CFF	83784	no	Robert Slimbach	Adobe Systems Incorporated	ADBE	http://typekit.com/eulas/0000000000000000000193c0	
/Users/bardiasamiee/Library/Application Support/design-tools/fonts/owned/Acumin-Pro/Acumin-ItPro.otf	0	Acumin Pro	Italic	Acumin Pro Italic	AcuminPro-Italic			Version 1.011;PS 1.0;hotconv 1.0.86;makeotf.lib2.5.63406	1.011	400	5	1		825	0	0		0	146	1	0	liga,tnum,pnum,salt,frac,sups,subs,zero,case,ordn,aalt,numr,dnom,ss01	kern	otf	CFF	83356	no	Robert Slimbach	Adobe Systems Incorporated	ADBE	http://typekit.com/eulas/0000000000000000000193c3	
/Users/bardiasamiee/Library/Application Support/design-tools/fonts/owned/Acumin-Pro/Acumin-RPro.otf	0	Acumin Pro	Regular	Acumin Pro	AcuminPro-Regular			Version 1.011;PS 1.0;hotconv 1.0.86;makeotf.lib2.5.63406	1.011	400	5	0		825	0	0		0	146	1	0	liga,tnum,pnum,salt,frac,sups,subs,zero,case,ordn,aalt,numr,dnom,ss01	kern	otf	CFF	81988	no	Robert Slimbach	Adobe Systems Incorporated	ADBE	http://typekit.com/eulas/0000000000000000000193c9	
/Users/bardiasamiee/Library/Application Support/design-tools/fonts/owned/Akzidenz-Grotesk-Next/AkzidGrtskNext-Black.ttf	0	Akzidenz-Grotesk Next Black	Regular	AkzidGrtskNext-Black	AkzidGrtskNext-Black	Akzidenz-Grotesk Next	Black	Version 001.000;Core 1.0.01;otf.5.02.2298;42.06W	1.000	900	5	0		553	0	0		0	139	5	0	liga,tnum,pnum,frac,sups,subs,case,ordn,aalt,locl,numr,dnom,hist	kern	ttf	glyf	109244	no	Bernd Moellenstaedt and Dieter Hofrichter	Berthold	BERT	http://www.bertholdtypes.com/info/agreement.html	
/Users/bardiasamiee/Library/Application Support/design-tools/fonts/owned/Akzidenz-Grotesk-Next/AkzidGrtskNext-BlackIt.ttf	0	Akzidenz-Grotesk Next Black	Italic	AkzidGrtskNext-BlackIt	AkzidGrtskNext-BlackIt	Akzidenz-Grotesk Next	Black Italic	Version 001.000;Core 1.0.01;otf.5.02.2298;42.06W	1.000	900	5	1		553	0	0		0	139	5	0	liga,tnum,pnum,frac,sups,subs,case,ordn,aalt,locl,numr,dnom,hist	kern	ttf	glyf	113292	no	Bernd Moellenstaedt and Dieter Hofrichter	Berthold	BERT	http://www.bertholdtypes.com/info/agreement.html	
/Users/bardiasamiee/Library/Application Support/design-tools/fonts/owned/Akzidenz-Grotesk-Next/AkzidGrtskNext-Bold.ttf	0	Akzidenz-Grotesk Next Bold	Regular	AkzidGrtskNext-Bold	AkzidGrtskNext-Bold	Akzidenz-Grotesk Next	Bold	Version 001.000;Core 1.0.01;otf.5.02.2298;42.06W	1.000	700	5	0		553	0	0		0	139	5	0	liga,tnum,pnum,frac,sups,subs,case,ordn,aalt,locl,numr,dnom,hist	kern	ttf	glyf	109640	no	Bernd Moellenstaedt and Dieter Hofrichter	Berthold	BERT	http://www.bertholdtypes.com/info/agreement.html	
/Users/bardiasamiee/Library/Application Support/design-tools/fonts/owned/Akzidenz-Grotesk-Next/AkzidGrtskNext-BoldIt.ttf	0	Akzidenz-Grotesk Next Bold	Italic	AkzidGrtskNext-BoldIt	AkzidGrtskNext-BoldIt	Akzidenz-Grotesk Next	Bold Italic	Version 001.000;Core 1.0.01;otf.5.02.2298;42.06W	1.000	700	5	1		553	0	0		0	139	5	0	liga,tnum,pnum,frac,sups,subs,case,ordn,aalt,locl,numr,dnom,hist	kern	ttf	glyf	113020	no	Bernd Moellenstaedt and Dieter Hofrichter	Berthold	BERT	http://www.bertholdtypes.com/info/agreement.html	
/Users/bardiasamiee/Library/Application Support/design-tools/fonts/owned/Akzidenz-Grotesk-Next/AkzidGrtskNext-ExtraBold.ttf	0	Akzidenz-Grotesk Next XBold	Regular	AkzidGrtskNext-ExtraBold	AkzidGrtskNext-ExtraBold	Akzidenz-Grotesk Next	ExtraBold	Version 001.000;Core 1.0.01;otf.5.02.2298;43.06W	1.000	800	5	0		553	0	0		0	139	5	0	liga,tnum,pnum,frac,sups,subs,case,ordn,aalt,locl,numr,dnom,hist	kern	ttf	glyf	109712	no	Bernd Moellenstaedt and Dieter Hofrichter	Berthold	BERT	http://www.bertholdtypes.com/info/agreement.html	
/Users/bardiasamiee/Library/Application Support/design-tools/fonts/owned/Akzidenz-Grotesk-Next/AkzidGrtskNext-ExtraBoldIt.ttf	0	Akzidenz-Grotesk Next XBold	Italic	AkzidGrtskNext-ExtraBoldIt	AkzidGrtskNext-ExtraBoldIt	Akzidenz-Grotesk Next	ExtraBold Italic	Version 001.000;Core 1.0.01;otf.5.02.2298;42.06W	1.000	800	5	1		553	0	0		0	139	5	0	liga,tnum,pnum,frac,sups,subs,case,ordn,aalt,locl,numr,dnom,hist	kern	ttf	glyf	113180	no	Bernd Moellenstaedt and Dieter Hofrichter	Berthold	BERT	http://www.bertholdtypes.com/info/agreement.html	
/Users/bardiasamiee/Library/Application Support/design-tools/fonts/owned/Akzidenz-Grotesk-Next/AkzidGrtskNext-ExtraLight.ttf	0	Akzidenz-Grotesk Next XLight	Regular	AkzidGrtskNext-ExtraLight	AkzidGrtskNext-ExtraLight	Akzidenz-Grotesk Next	ExtraLight	Version 001.000;Core 1.0.01;otf.5.02.2298;42.06W	1.000	250	5	0		553	0	0		0	139	5	0	liga,tnum,pnum,frac,sups,subs,case,ordn,aalt,locl,numr,dnom,hist	kern	ttf	glyf	110244	no	Bernd Moellenstaedt and Dieter Hofrichter	Berthold	BERT	http://www.bertholdtypes.com/info/agreement.html	
/Users/bardiasamiee/Library/Application Support/design-tools/fonts/owned/Akzidenz-Grotesk-Next/AkzidGrtskNext-ExtraLightIt.ttf	0	Akzidenz-Grotesk Next XLight	Italic	AkzidGrtskNext-ExtraLightIt	AkzidGrtskNext-ExtraLightIt	Akzidenz-Grotesk Next	ExtraLight Italic	Version 001.000;Core 1.0.01;otf.5.02.2298;42.06W	1.000	250	5	1		553	0	0		0	139	5	0	liga,tnum,pnum,frac,sups,subs,case,ordn,aalt,locl,numr,dnom,hist	kern	ttf	glyf	112572	no	Bernd Moellenstaedt and Dieter Hofrichter	Berthold	BERT	http://www.bertholdtypes.com/info/agreement.html	
/Users/bardiasamiee/Library/Application Support/design-tools/fonts/owned/Akzidenz-Grotesk-Next/AkzidGrtskNext-Italic.ttf	0	Akzidenz-Grotesk Next Regular	Italic	AkzidGrtskNext-Italic	AkzidGrtskNext-Italic	Akzidenz-Grotesk Next	Italic	Version 001.000;Core 1.0.01;otf.5.02.2298;42.06W	1.000	400	5	1		553	0	0		0	139	5	0	liga,tnum,pnum,frac,sups,subs,case,ordn,aalt,locl,numr,dnom,hist	kern	ttf	glyf	112672	no	Bernd Moellenstaedt and Dieter Hofrichter	Berthold	BERT	http://www.bertholdtypes.com/info/agreement.html	
/Users/bardiasamiee/Library/Application Support/design-tools/fonts/owned/Akzidenz-Grotesk-Next/AkzidGrtskNext-Light.ttf	0	Akzidenz-Grotesk Next Light	Regular	AkzidGrtskNext-Light	AkzidGrtskNext-Light	Akzidenz-Grotesk Next	Light	Version 001.000;Core 1.0.01;otf.5.02.2298;42.06W	1.000	300	5	0		553	0	0		0	139	5	0	liga,tnum,pnum,frac,sups,subs,case,ordn,aalt,locl,numr,dnom,hist	kern	ttf	glyf	109664	no	Bernd Moellenstaedt and Dieter Hofrichter	Berthold	BERT	http://www.bertholdtypes.com/info/agreement.html	
/Users/bardiasamiee/Library/Application Support/design-tools/fonts/owned/Akzidenz-Grotesk-Next/AkzidGrtskNext-LightItalic.ttf	0	Akzidenz-Grotesk Next Light	Italic	AkzidGrtskNext-LightItalic	AkzidGrtskNext-LightItalic	Akzidenz-Grotesk Next	Light Italic	Version 001.000;Core 1.0.01;otf.5.02.2298;42.06W	1.000	300	5	1		553	0	0		0	139	5	0	liga,tnum,pnum,frac,sups,subs,case,ordn,aalt,locl,numr,dnom,hist	kern	ttf	glyf	112540	no	Bernd Moellenstaedt and Dieter Hofrichter	Berthold	BERT	http://www.bertholdtypes.com/info/agreement.html	
/Users/bardiasamiee/Library/Application Support/design-tools/fonts/owned/Akzidenz-Grotesk-Next/AkzidGrtskNext-Med.ttf	0	Akzidenz-Grotesk Next Med	Regular	AkzidGrtskNext-Med	AkzidGrtskNext-Med	Akzidenz-Grotesk Next	Medium	Version 001.000;Core 1.0.01;otf.5.02.2298;42.06W	1.000	500	5	0		553	0	0		0	139	5	0	liga,tnum,pnum,frac,sups,subs,case,ordn,aalt,locl,numr,dnom,hist	kern	ttf	glyf	109700	no	Bernd Moellenstaedt and Dieter Hofrichter	Berthold	BERT	http://www.bertholdtypes.com/info/agreement.html	
/Users/bardiasamiee/Library/Application Support/design-tools/fonts/owned/Akzidenz-Grotesk-Next/AkzidGrtskNext-MedIt.ttf	0	Akzidenz-Grotesk Next Med	Italic	AkzidGrtskNext-MedIt	AkzidGrtskNext-MedIt	Akzidenz-Grotesk Next	Medium Italic	Version 001.000;Core 1.0.01;otf.5.02.2298;42.06W	1.000	500	5	1		553	0	0		0	139	5	0	liga,tnum,pnum,frac,sups,subs,case,ordn,aalt,locl,numr,dnom,hist	kern	ttf	glyf	112712	no	Bernd Moellenstaedt and Dieter Hofrichter	Berthold	BERT	http://www.bertholdtypes.com/info/agreement.html	
/Users/bardiasamiee/Library/Application Support/design-tools/fonts/owned/Akzidenz-Grotesk-Next/AkzidGrtskNext-Regular.ttf	0	Akzidenz-Grotesk Next Regular	Regular	AkzidGrtskNext-Regular	AkzidGrtskNext-Regular	Akzidenz-Grotesk Next	Regular	Version 001.000;Core 1.0.01;otf.5.02.2298;42.06W	1.000	400	5	0		553	0	0		0	139	5	0	liga,tnum,pnum,frac,sups,subs,case,ordn,aalt,locl,numr,dnom,hist	kern	ttf	glyf	109920	no	Bernd Moellenstaedt and Dieter Hofrichter	Berthold	BERT	http://www.bertholdtypes.com/info/agreement.html	
/Users/bardiasamiee/Library/Application Support/design-tools/fonts/owned/Architects/Architects-Regular.otf	0	Architects	Regular	Architects Regular	Architects-Regular	Architects	Regular	Version 001.005	1.000	400	5	0		76	0	0		0	0	0	0			otf	glyf	23732	no			CLGR		
/Users/bardiasamiee/Library/Application Support/design-tools/fonts/owned/Arnold/Arnold Black Italic.otf	0	Arnold	Black Italic	Arnold Black Italic	Arnold-BlackItalic			Version 1.00 April 30, 2017, initial release	1.000	900	5	1		415	0	0		0	90	0	94		kern	otf	glyf	85764	no	gorohovskiy				
/Users/bardiasamiee/Library/Application Support/design-tools/fonts/owned/Arnold/Arnold Black.otf	0	Arnold	Black	Arnold Black	Arnold-Black			Version 1.00 March 27, 2017, initial release	1.000	900	5	0		390	0	0		0	90	0	94		kern	otf	glyf	66960	no	gorohovskiy				
/Users/bardiasamiee/Library/Application Support/design-tools/fonts/owned/Arnold/Arnold Light Italic.otf	0	Arnold	Light Italic	Arnold Light Italic	Arnold-LightItalic			Version 1.00 April 30, 2017, initial release	1.000	300	5	1		415	0	0		0	90	0	94		kern	otf	glyf	88176	no	gorohovskiy				
/Users/bardiasamiee/Library/Application Support/design-tools/fonts/owned/Arnold/Arnold Thin 200.otf	0	Arnold	Thin	Arnold Thin	Arnold-Thin			Version 1.00 April 6, 2017, initial release	1.000	200	5	0		410	0	0		0	90	0	94		kern	otf	glyf	87368	no	gorohovskiy				
/Users/bardiasamiee/Library/Application Support/design-tools/fonts/owned/Arnold/arnold-bold.otf	0	Arnold	Bold	Arnold Bold	Arnold-Bold			Version 1.00 April 3, 2017, initial release	1.000	700	5	0		410	0	0		0	90	0	94		kern	otf	glyf	85968	no	gorohovskiy				
/Users/bardiasamiee/Library/Application Support/design-tools/fonts/owned/Avenir-LT-Pro/AvenirLTProBlack.otf	0	Avenir LT Pro 65 Medium	Bold	AvenirLTPro-Black	AvenirLTPro-Black	Avenir LT Pro	95 Black	Version 1.000;PS 001.000;hotconv 1.0.38	1.000	750	5	0		388	0	0		0	128	4	0	liga,dlig,frac,sups,ordn,aalt,locl	kern	otf	CFF	44088	no	Adrian Frutiger	Linotype GmbH	LINO	http://www.linotype.com/license	
/Users/bardiasamiee/Library/Application Support/design-tools/fonts/owned/Avenir-LT-Pro/AvenirLTProBlackOblique.otf	0	Avenir LT Pro 65 Medium	Bold Italic	AvenirLTPro-BlackOblique	AvenirLTPro-BlackOblique	Avenir LT Pro	95 Black Oblique	Version 1.000;PS 001.000;hotconv 1.0.38	1.000	750	5	1		388	0	0		0	128	4	0	liga,dlig,frac,sups,ordn,aalt,locl	kern	otf	CFF	45824	no	Adrian Frutiger	Linotype GmbH	LINO	http://www.linotype.com/license	
/Users/bardiasamiee/Library/Application Support/design-tools/fonts/owned/Avenir-LT-Pro/AvenirLTProBook.otf	0	Avenir LT Pro 45 Book	Regular	AvenirLTPro-Book	AvenirLTPro-Book	Avenir LT Pro	45 Book	Version 1.000;PS 001.000;hotconv 1.0.38	1.000	400	5	0		388	0	0		0	128	4	0	liga,dlig,frac,sups,ordn,aalt,locl	kern	otf	CFF	44964	no	Adrian Frutiger	Linotype GmbH	LINO	http://www.linotype.com/license	
/Users/bardiasamiee/Library/Application Support/design-tools/fonts/owned/Avenir-LT-Pro/AvenirLTProBookOblique.otf	0	Avenir LT Pro 45 Book	Italic	AvenirLTPro-BookOblique	AvenirLTPro-BookOblique	Avenir LT Pro	45 Book Oblique	Version 1.000;PS 001.000;hotconv 1.0.38	1.000	400	5	1		388	0	0		0	128	4	0	liga,dlig,frac,sups,ordn,aalt,locl	kern	otf	CFF	45296	no	Adrian Frutiger	Linotype GmbH	LINO	http://www.linotype.com/license	
/Users/bardiasamiee/Library/Application Support/design-tools/fonts/owned/Avenir-LT-Pro/AvenirLTProHeavy.otf	0	Avenir LT Pro 55 Roman	Bold	AvenirLTPro-Heavy	AvenirLTPro-Heavy	Avenir LT Pro	85 Heavy	Version 1.000;PS 001.000;hotconv 1.0.38	1.000	700	5	0		388	0	0		0	128	4	0	liga,dlig,frac,sups,ordn,aalt,locl	kern	otf	CFF	45424	no	Adrian Frutiger	Linotype GmbH	LINO	http://www.linotype.com/license	
/Users/bardiasamiee/Library/Application Support/design-tools/fonts/owned/Avenir-LT-Pro/AvenirLTProHeavyOblique.otf	0	Avenir LT Pro 55 Roman	Bold Italic	AvenirLTPro-HeavyOblique	AvenirLTPro-HeavyOblique	Avenir LT Pro	85 Heavy Oblique	Version 1.000;PS 001.000;hotconv 1.0.38	1.000	700	5	1		388	0	0		0	128	4	0	liga,dlig,frac,sups,ordn,aalt,locl	kern	otf	CFF	45476	no	Adrian Frutiger	Linotype GmbH	LINO	http://www.linotype.com/license	
/Users/bardiasamiee/Library/Application Support/design-tools/fonts/owned/Avenir-LT-Pro/AvenirLTProLight.otf	0	Avenir LT Pro 35 Light	Regular	AvenirLTPro-Light	AvenirLTPro-Light	Avenir LT Pro	35 Light	Version 1.000;PS 001.000;hotconv 1.0.38	1.000	300	5	0		388	0	0		0	128	4	0	liga,dlig,frac,sups,ordn,aalt,locl	kern	otf	CFF	44332	no	Adrian Frutiger	Linotype GmbH	LINO	http://www.linotype.com/license	
/Users/bardiasamiee/Library/Application Support/design-tools/fonts/owned/Avenir-LT-Pro/AvenirLTProLightOblique.otf	0	Avenir LT Pro 35 Light	Italic	AvenirLTPro-LightOblique	AvenirLTPro-LightOblique	Avenir LT Pro	35 Light Oblique	Version 1.000;PS 001.000;hotconv 1.0.38	1.000	300	5	1		388	0	0		0	128	4	0	liga,dlig,frac,sups,ordn,aalt,locl	kern	otf	CFF	44812	no	Adrian Frutiger	Linotype GmbH	LINO	http://www.linotype.com/license	
/Users/bardiasamiee/Library/Application Support/design-tools/fonts/owned/Avenir-LT-Pro/AvenirLTProMedium.otf	0	Avenir LT Pro 65 Medium	Regular	AvenirLTPro-Medium	AvenirLTPro-Medium	Avenir LT Pro	65 Medium	Version 1.000;PS 001.000;hotconv 1.0.38	1.000	500	5	0		388	0	0		0	128	4	0	liga,dlig,frac,sups,ordn,aalt,locl	kern	otf	CFF	44856	no	Adrian Frutiger	Linotype GmbH	LINO	http://www.linotype.com/license	
/Users/bardiasamiee/Library/Application Support/design-tools/fonts/owned/Avenir-LT-Pro/AvenirLTProMediumOblique.otf	0	Avenir LT Pro 65 Medium	Italic	AvenirLTPro-MediumOblique	AvenirLTPro-MediumOblique	Avenir LT Pro	65 Medium Oblique	Version 1.000;PS 001.000;hotconv 1.0.38	1.000	500	5	1		388	0	0		0	128	4	0	liga,dlig,frac,sups,ordn,aalt,locl	kern	otf	CFF	43940	no	Adrian Frutiger	Linotype GmbH	LINO	http://www.linotype.com/license	
/Users/bardiasamiee/Library/Application Support/design-tools/fonts/owned/Avenir-LT-Pro/AvenirLTProOblique.otf	0	Avenir LT Pro 55 Roman	Italic	AvenirLTPro-Oblique	AvenirLTPro-Oblique	Avenir LT Pro	55 Oblique	Version 1.000;PS 001.000;hotconv 1.0.38	1.000	400	5	1		388	0	0		0	128	4	0	liga,dlig,frac,sups,ordn,aalt,locl	kern	otf	CFF	44688	no	Adrian Frutiger	Linotype GmbH	LINO	http://www.linotype.com/license	
/Users/bardiasamiee/Library/Application Support/design-tools/fonts/owned/Avenir-LT-Pro/AvenirLTProRoman.otf	0	Avenir LT Pro 55 Roman	Regular	AvenirLTPro-Roman	AvenirLTPro-Roman	Avenir LT Pro	55 Roman	Version 1.000;PS 001.000;hotconv 1.0.38	1.000	400	5	0		388	0	0		0	128	4	0	liga,dlig,frac,sups,ordn,aalt,locl	kern	otf	CFF	44072	no	Adrian Frutiger	Linotype GmbH	LINO	http://www.linotype.com/license	
/Users/bardiasamiee/Library/Application Support/design-tools/fonts/owned/Bauer-Bodoni-Std/BauerBodoniStd-Black.ttf	0	Bauer Bodoni Std	Black	BauerBodoniStd-Black	BauerBodoniStd-Black			Version 2.030;PS 002.000;hotconv 1.0.51;makeotf.lib2.0.18671	2.003	900	5	0		263	0	0		0	11	3	0	liga,frac,sups,ordn,aalt	kern	ttf	glyf	33992	no	Heinrich Jost, Louis Höll		ADBE	http://www.adobe.com/type/legal.html	
/Users/bardiasamiee/Library/Application Support/design-tools/fonts/owned/Bauer-Bodoni-Std/BauerBodoniStd-BlackCondensed.ttf	0	Bauer Bodoni Std	Black Condensed	BauerBodoniStd-BlackCondensed	BauerBodoniStd-BlackCondensed			Version 2.030;PS 002.000;hotconv 1.0.51;makeotf.lib2.0.18671	2.003	900	3	0		263	0	0		0	11	3	0	liga,frac,sups,ordn,aalt	kern	ttf	glyf	33048	no	Heinrich Jost, Louis Höll		ADBE	http://www.adobe.com/type/legal.html	
/Users/bardiasamiee/Library/Application Support/design-tools/fonts/owned/Bauer-Bodoni-Std/BauerBodoniStd-BlackItalic.ttf	0	Bauer Bodoni Std	Black Italic	BauerBodoniStd-BlackItalic	BauerBodoniStd-BlackItalic			Version 2.030;PS 002.000;hotconv 1.0.51;makeotf.lib2.0.18671	2.003	900	5	1		263	0	0		0	11	3	0	liga,frac,sups,ordn,aalt	kern	ttf	glyf	36844	no	Heinrich Jost, Louis Höll		ADBE	http://www.adobe.com/type/legal.html	
/Users/bardiasamiee/Library/Application Support/design-tools/fonts/owned/Bauer-Bodoni-Std/BauerBodoniStd-Bold.ttf	0	Bauer Bodoni Std	Bold	BauerBodoniStd-Bold	BauerBodoniStd-Bold			Version 2.030;PS 002.000;hotconv 1.0.51;makeotf.lib2.0.18671	2.003	700	5	0		287	0	0		0	11	3	0	liga,onum,lnum,tnum,pnum,frac,sups,ordn,aalt	kern	ttf	glyf	41152	no	Heinrich Jost, Louis Höll		ADBE	http://www.adobe.com/type/legal.html	
/Users/bardiasamiee/Library/Application Support/design-tools/fonts/owned/Bauer-Bodoni-Std/BauerBodoniStd-BoldCondensed.ttf	0	Bauer Bodoni Std	Bold Condensed	BauerBodoniStd-BoldCondensed	BauerBodoniStd-BoldCondensed			Version 2.030;PS 002.000;hotconv 1.0.51;makeotf.lib2.0.18671	2.003	700	3	0		263	0	0		0	11	3	0	liga,frac,sups,ordn,aalt	kern	ttf	glyf	33468	no	Heinrich Jost, Louis Höll		ADBE	http://www.adobe.com/type/legal.html	
/Users/bardiasamiee/Library/Application Support/design-tools/fonts/owned/Bauer-Bodoni-Std/BauerBodoniStd-BoldItalic.ttf	0	Bauer Bodoni Std	Bold Italic	BauerBodoniStd-BoldItalic	BauerBodoniStd-BoldItalic			Version 2.030;PS 002.000;hotconv 1.0.51;makeotf.lib2.0.18671	2.003	700	5	1		287	0	0		0	11	3	0	liga,onum,lnum,tnum,pnum,frac,sups,ordn,aalt	kern	ttf	glyf	45244	no	Heinrich Jost, Louis Höll		ADBE	http://www.adobe.com/type/legal.html	
/Users/bardiasamiee/Library/Application Support/design-tools/fonts/owned/Bauer-Bodoni-Std/BauerBodoniStd-Roman.ttf	0	Bauer Bodoni Std	Roman	BauerBodoniStd-Roman	BauerBodoniStd-Roman			Version 2.030;PS 002.000;hotconv 1.0.51;makeotf.lib2.0.18671	2.003	400	5	0		431	0	0		0	11	3	0	liga,smcp,c2sc,onum,lnum,tnum,pnum,frac,sups,ordn,aalt	kern	ttf	glyf	64196	no	Heinrich Jost, Louis Höll		ADBE	http://www.adobe.com/type/legal.html	
/Users/bardiasamiee/Library/Application Support/design-tools/fonts/owned/Bauer-Bodoni-Std/BauerBodoniStd-RomanItalic.ttf	0	Bauer Bodoni Std	Roman Italic	BauerBodoniStd-RomanItalic	BauerBodoniStd-RomanItalic			Version 2.030;PS 002.000;hotconv 1.0.51;makeotf.lib2.0.18671	2.003	400	5	1		287	0	0		0	11	3	0	liga,onum,lnum,tnum,pnum,frac,sups,ordn,aalt	kern	ttf	glyf	45636	no	Heinrich Jost, Louis Höll		ADBE	http://www.adobe.com/type/legal.html	
/Users/bardiasamiee/Library/Application Support/design-tools/fonts/owned/Bembo-Std/BemboStd-Bold.ttf	0	Bembo Std	Bold	BemboStd-Bold	BemboStd-Bold			Version 2.045;PS 002.000;hotconv 1.0.51;makeotf.lib2.0.18671	2.045	700	5	0		356	0	0		0	11	3	0	liga,onum,lnum,tnum,pnum,salt,frac,sups,subs,ordn,aalt,numr,dnom	kern	ttf	glyf	55856	no	Stanley Morison, Monotype Staff		ADBE	http://www.adobe.com/type/legal.html	
/Users/bardiasamiee/Library/Application Support/design-tools/fonts/owned/Bembo-Std/BemboStd-BoldItalic.ttf	0	Bembo Std	Bold Italic	BemboStd-BoldItalic	BemboStd-BoldItalic			Version 2.045;PS 002.000;hotconv 1.0.51;makeotf.lib2.0.18671	2.045	700	5	1		356	0	0		0	11	3	0	liga,onum,lnum,tnum,pnum,salt,frac,sups,subs,ordn,aalt,numr,dnom	kern	ttf	glyf	58996	no	Stanley Morison, Monotype Staff		ADBE	http://www.adobe.com/type/legal.html	
/Users/bardiasamiee/Library/Application Support/design-tools/fonts/owned/Bembo-Std/BemboStd-ExtraBold.ttf	0	Bembo Std ExtraBold	Regular	BemboStd-ExtraBold	BemboStd-ExtraBold	Bembo Std	Extra Bold	Version 2.045;PS 002.000;hotconv 1.0.51;makeotf.lib2.0.18671	2.045	800	5	0		356	0	0		0	11	3	0	liga,onum,lnum,tnum,pnum,salt,frac,sups,subs,ordn,aalt,numr,dnom	kern	ttf	glyf	56436	no	Stanley Morison, Monotype Staff		ADBE	http://www.adobe.com/type/legal.html	
/Users/bardiasamiee/Library/Application Support/design-tools/fonts/owned/Bembo-Std/BemboStd-ExtraBoldItalic.ttf	0	Bembo Std ExtraBold	Italic	BemboStd-ExtraBoldItalic	BemboStd-ExtraBoldItalic	Bembo Std	Extra Bold Italic	Version 2.045;PS 002.000;hotconv 1.0.51;makeotf.lib2.0.18671	2.045	800	5	1		355	0	0		0	11	3	0	liga,onum,lnum,tnum,pnum,frac,sups,subs,ordn,aalt,numr,dnom	kern	ttf	glyf	58652	no	Stanley Morison, Monotype Staff		ADBE	http://www.adobe.com/type/legal.html	
/Users/bardiasamiee/Library/Application Support/design-tools/fonts/owned/Bembo-Std/BemboStd-Italic.ttf	0	Bembo Std	Italic	BemboStd-Italic	BemboStd-Italic			Version 2.045;PS 002.000;hotconv 1.0.51;makeotf.lib2.0.18671	2.045	400	5	1		356	0	0		0	11	3	0	liga,onum,lnum,tnum,pnum,salt,frac,sups,subs,ordn,aalt,numr,dnom	kern	ttf	glyf	58456	no	Stanley Morison, Monotype Staff		ADBE	http://www.adobe.com/type/legal.html	
/Users/bardiasamiee/Library/Application Support/design-tools/fonts/owned/Bembo-Std/BemboStd-Semibold.ttf	0	Bembo Std Semibold	Regular	BemboStd-Semibold	BemboStd-Semibold	Bembo Std	Semibold	Version 2.045;PS 002.000;hotconv 1.0.51;makeotf.lib2.0.18671	2.045	600	5	0		356	0	0		0	11	3	0	liga,onum,lnum,tnum,pnum,salt,frac,sups,subs,ordn,aalt,numr,dnom	kern	ttf	glyf	56776	no	Stanley Morison, Monotype Staff		ADBE	http://www.adobe.com/type/legal.html	
/Users/bardiasamiee/Library/Application Support/design-tools/fonts/owned/Bembo-Std/BemboStd-SemiboldItalic.ttf	0	Bembo Std Semibold	Italic	BemboStd-SemiboldItalic	BemboStd-SemiboldItalic	Bembo Std	Semibold Italic	Version 2.045;PS 002.000;hotconv 1.0.51;makeotf.lib2.0.18671	2.045	600	5	1		356	0	0		0	11	3	0	liga,onum,lnum,tnum,pnum,salt,frac,sups,subs,ordn,aalt,numr,dnom	kern	ttf	glyf	58972	no	Stanley Morison, Monotype Staff		ADBE	http://www.adobe.com/type/legal.html	
/Users/bardiasamiee/Library/Application Support/design-tools/fonts/owned/Bembo-Std/BemboStd.ttf	0	Bembo Std	Regular	BemboStd	BemboStd			Version 2.045;PS 002.000;hotconv 1.0.51;makeotf.lib2.0.18671	2.045	400	5	0		500	0	0		0	11	3	0	liga,smcp,c2sc,onum,lnum,tnum,pnum,salt,frac,sups,subs,ordn,aalt,numr,dnom	kern	ttf	glyf	88208	no	Stanley Morison, Monotype Staff		ADBE	http://www.adobe.com/type/legal.html	
/Users/bardiasamiee/Library/Application Support/design-tools/fonts/owned/Berlin-Sans-FB-Demi/BRLNSDB.TTF	0	Berlin Sans FB Demi	Bold	Berlin Sans FB Demi Bold	BerlinSansFBDemi-Bold			Version 1.00	1.000	700	5	0		364	0	0		0	11	4	0			ttf	glyf	96852	no	David Berlow	The Font Bureau, Inc.	FBI		
/Users/bardiasamiee/Library/Application Support/design-tools/fonts/owned/Berlin-Sans-FB/BRLNSB.TTF	0	Berlin Sans FB	Bold	Berlin Sans FB Bold	BerlinSansFB-Bold			Version 1.00	1.000	700	5	0		363	0	0		0	11	4	0			ttf	glyf	96880	no	David Berlow	The Font Bureau, Inc.	FBI		
/Users/bardiasamiee/Library/Application Support/design-tools/fonts/owned/Berlin-Sans-FB/BRLNSR.TTF	0	Berlin Sans FB	Regular	Berlin Sans FB	BerlinSansFB-Reg			Version 1.00	1.000	400	5	0		363	0	0		0	11	4	0			ttf	glyf	97284	no	David Berlow	The Font Bureau, Inc.	FBI		
/Users/bardiasamiee/Library/Application Support/design-tools/fonts/owned/Bradley-Hand-ITC/bradhitc.ttf	0	Bradley Hand ITC	Regular	Bradley Hand ITC	BradleyHandITC			Version 1.05	1.000	400	5	0		251	0	0		0	11	1	0			ttf	glyf	105296	no			ITC		
/Users/bardiasamiee/Library/Application Support/design-tools/fonts/owned/Brush-Script-Std/BrushScriptStd.otf	0	Brush Script Std	Regular	BrushScriptStd	BrushScriptStd		Medium	Version 2.071;PS 002.000;hotconv 1.0.67;makeotf.lib2.5.33168	2.071	500	5	0		261	0	0		0	11	3	0	liga,frac,sups,ordn,aalt	kern	otf	CFF	37060	no	Robert E. Smith	Adobe Systems Incorporated	ADBE	http://www.adobe.com/type/legal.html	
/Users/bardiasamiee/Library/Application Support/design-tools/fonts/owned/CODEINK/CODEINK-Italic.ttf	0	CODEINK	Italic	CODEINK Italic	CODEINK-Italic			Version 1.000	1.000	400	5	1		110	0	0		0	2	0	0			ttf	glyf	56548	no	HEROINK		HERO		
/Users/bardiasamiee/Library/Application Support/design-tools/fonts/owned/CODEINK/CODEINK-Regular.ttf	0	CODEINK	Regular	CODEINK Regular	CODEINK-Regular			Version 1.000	1.000	400	5	0		112	0	0		0	2	0	0			ttf	glyf	69256	no					
/Users/bardiasamiee/Library/Application Support/design-tools/fonts/owned/DIN-Schrift/DINMittelschrift-Alternate.ttf	0	DINMittelschrift Alternate	Regular	DINMittelschrift-Alternate	DINMittelschrift-Alternate	DIN Schrift	1451 Mittelschrift Alt	OTF 1.0;PS 001.001;Core 1.0.22	1.000	400	5	0		232	0	0		0	11	1	0		kern	ttf	glyf	25108	no			ADBE		
/Users/bardiasamiee/Library/Application Support/design-tools/fonts/owned/DIN-Schrift/DINMittelschrift.ttf	0	DINMittelschrift	Regular	DINMittelschrift	DINMittelschrift	DIN Schrift	1451 Mittelschrift	OTF 1.0;PS 001.001;Core 1.0.22	1.000	400	5	0		232	0	0		0	11	1	0		kern	ttf	glyf	24920	no			ADBE		
/Users/bardiasamiee/Library/Application Support/design-tools/fonts/owned/Franklin-Gothic-Medium/franklin-gothic-medium.ttf	0	Franklin Gothic Medium	Regular	Franklin Gothic Medium	FranklinGothic-Medium			Version 2.20	2.200	400	5	0		660	0	0		0	135	73	94			ttf	glyf	135984	no	Victor Caruso	International Typeface Corporation	ITC	http://www.itcfonts.com/itc/licensing.html	
/Users/bardiasamiee/Library/Application Support/design-tools/fonts/owned/Frutiger-LT-Std/FrutigerLTStd-Black.ttf	0	Frutiger LT Std 55 Roman	Bold	FrutigerLTStd-Black	FrutigerLTStd-Black	Frutiger LT Std	75 Black	Version 2.035;PS 002.000;hotconv 1.0.51;makeotf.lib2.0.18671	2.035	850	5	0		263	0	0		0	11	3	0	liga,frac,sups,ordn,aalt	kern	ttf	glyf	26692	no	Adrian Frutiger		ADBE	http://www.adobe.com/type/legal.html	
/Users/bardiasamiee/Library/Application Support/design-tools/fonts/owned/Frutiger-LT-Std/FrutigerLTStd-BlackCn.ttf	0	Frutiger LT Std 57 Cn	Bold	FrutigerLTStd-BlackCn	FrutigerLTStd-BlackCn	Frutiger LT Std	77 Black Condensed	Version 2.035;PS 002.000;hotconv 1.0.51;makeotf.lib2.0.18671	2.035	850	3	0		263	0	0		0	11	3	0	liga,frac,sups,ordn,aalt	kern	ttf	glyf	28768	no	Adrian Frutiger		ADBE	http://www.adobe.com/type/legal.html	
/Users/bardiasamiee/Library/Application Support/design-tools/fonts/owned/Frutiger-LT-Std/FrutigerLTStd-BlackItalic.ttf	0	Frutiger LT Std 55 Roman	Bold Italic	FrutigerLTStd-BlackItalic	FrutigerLTStd-BlackItalic	Frutiger LT Std	76 Black Italic	Version 2.035;PS 002.000;hotconv 1.0.51;makeotf.lib2.0.18671	2.035	850	5	1		263	0	0		0	11	3	0	liga,frac,sups,ordn,aalt	kern	ttf	glyf	28548	no	Adrian Frutiger		ADBE	http://www.adobe.com/type/legal.html	
/Users/bardiasamiee/Library/Application Support/design-tools/fonts/owned/Frutiger-LT-Std/FrutigerLTStd-Bold.ttf	0	Frutiger LT Std 45 Light	Bold	FrutigerLTStd-Bold	FrutigerLTStd-Bold	Frutiger LT Std	65 Bold	Version 2.035;PS 002.000;hotconv 1.0.51;makeotf.lib2.0.18671	2.035	700	5	0		263	0	0		0	11	3	0	liga,frac,sups,ordn,aalt	kern	ttf	glyf	27304	no	Adrian Frutiger		ADBE	http://www.adobe.com/type/legal.html	
/Users/bardiasamiee/Library/Application Support/design-tools/fonts/owned/Frutiger-LT-Std/FrutigerLTStd-BoldCn.ttf	0	Frutiger LT Std 47 Light Cn	Bold	FrutigerLTStd-BoldCn	FrutigerLTStd-BoldCn	Frutiger LT Std	67 Bold Condensed	Version 2.035;PS 002.000;hotconv 1.0.51;makeotf.lib2.0.18671	2.035	700	3	0		263	0	0		0	11	3	0	liga,frac,sups,ordn,aalt	kern	ttf	glyf	29068	no	Adrian Frutiger		ADBE	http://www.adobe.com/type/legal.html	
/Users/bardiasamiee/Library/Application Support/design-tools/fonts/owned/Frutiger-LT-Std/FrutigerLTStd-BoldItalic.ttf	0	Frutiger LT Std 45 Light	Bold Italic	FrutigerLTStd-BoldItalic	FrutigerLTStd-BoldItalic	Frutiger LT Std	66 Bold Italic	Version 2.035;PS 002.000;hotconv 1.0.51;makeotf.lib2.0.18671	2.035	700	5	1		263	0	0		0	11	3	0	liga,frac,sups,ordn,aalt	kern	ttf	glyf	28408	no	Adrian Frutiger		ADBE	http://www.adobe.com/type/legal.html	
/Users/bardiasamiee/Library/Application Support/design-tools/fonts/owned/Frutiger-LT-Std/FrutigerLTStd-Cn.ttf	0	Frutiger LT Std 57 Cn	Regular	FrutigerLTStd-Cn	FrutigerLTStd-Cn	Frutiger LT Std	57 Condensed	Version 2.035;PS 002.000;hotconv 1.0.51;makeotf.lib2.0.18671	2.035	400	3	0		263	0	0		0	11	3	0	liga,frac,sups,ordn,aalt	kern	ttf	glyf	28012	no	Adrian Frutiger		ADBE	http://www.adobe.com/type/legal.html	
/Users/bardiasamiee/Library/Application Support/design-tools/fonts/owned/Frutiger-LT-Std/FrutigerLTStd-ExtraBlackCn.ttf	0	Frutiger LT Std 87 ExtraBlk Cn	Regular	FrutigerLTStd-ExtraBlackCn	FrutigerLTStd-ExtraBlackCn	Frutiger LT Std	87 Extra Black Condensed	Version 2.035;PS 002.000;hotconv 1.0.51;makeotf.lib2.0.18671	2.035	900	3	0		263	0	0		0	11	3	0	liga,frac,sups,ordn,aalt	kern	ttf	glyf	28624	no	Adrian Frutiger		ADBE	http://www.adobe.com/type/legal.html	
/Users/bardiasamiee/Library/Application Support/design-tools/fonts/owned/Frutiger-LT-Std/FrutigerLTStd-Italic.ttf	0	Frutiger LT Std 55 Roman	Italic	FrutigerLTStd-Italic	FrutigerLTStd-Italic	Frutiger LT Std	56 Italic	Version 2.035;PS 002.000;hotconv 1.0.51;makeotf.lib2.0.18671	2.035	400	5	1		263	0	0		0	11	3	0	liga,frac,sups,ordn,aalt	kern	ttf	glyf	28540	no	Adrian Frutiger		ADBE	http://www.adobe.com/type/legal.html	
/Users/bardiasamiee/Library/Application Support/design-tools/fonts/owned/Frutiger-LT-Std/FrutigerLTStd-Light.ttf	0	Frutiger LT Std 45 Light	Regular	FrutigerLTStd-Light	FrutigerLTStd-Light	Frutiger LT Std	45 Light	Version 2.035;PS 002.000;hotconv 1.0.51;makeotf.lib2.0.18671	2.035	300	5	0		263	0	0		0	11	3	0	liga,frac,sups,ordn,aalt	kern	ttf	glyf	27528	no	Adrian Frutiger		ADBE	http://www.adobe.com/type/legal.html	
/Users/bardiasamiee/Library/Application Support/design-tools/fonts/owned/Frutiger-LT-Std/FrutigerLTStd-LightCn.ttf	0	Frutiger LT Std 47 Light Cn	Regular	FrutigerLTStd-LightCn	FrutigerLTStd-LightCn	Frutiger LT Std	47 Light Condensed	Version 2.035;PS 002.000;hotconv 1.0.51;makeotf.lib2.0.18671	2.035	300	3	0		263	0	0		0	11	3	0	liga,frac,sups,ordn,aalt	kern	ttf	glyf	30532	no	Adrian Frutiger		ADBE	http://www.adobe.com/type/legal.html	
/Users/bardiasamiee/Library/Application Support/design-tools/fonts/owned/Frutiger-LT-Std/FrutigerLTStd-LightItalic.ttf	0	Frutiger LT Std 45 Light	Italic	FrutigerLTStd-LightItalic	FrutigerLTStd-LightItalic	Frutiger LT Std	46 Light Italic	Version 2.035;PS 002.000;hotconv 1.0.51;makeotf.lib2.0.18671	2.035	300	5	1		263	0	0		0	11	3	0	liga,frac,sups,ordn,aalt	kern	ttf	glyf	28712	no	Adrian Frutiger		ADBE	http://www.adobe.com/type/legal.html	
/Users/bardiasamiee/Library/Application Support/design-tools/fonts/owned/Frutiger-LT-Std/FrutigerLTStd-Roman.ttf	0	Frutiger LT Std 55 Roman	Regular	FrutigerLTStd-Roman	FrutigerLTStd-Roman	Frutiger LT Std	55 Roman	Version 2.035;PS 002.000;hotconv 1.0.51;makeotf.lib2.0.18671	2.035	400	5	0		263	0	0		0	11	3	0	liga,frac,sups,ordn,aalt	kern	ttf	glyf	27224	no	Adrian Frutiger		ADBE	http://www.adobe.com/type/legal.html	
/Users/bardiasamiee/Library/Application Support/design-tools/fonts/owned/Frutiger-LT-Std/FrutigerLTStd-UltraBlack.ttf	0	Frutiger LT Std 95 UltraBlack	Regular	FrutigerLTStd-UltraBlack	FrutigerLTStd-UltraBlack	Frutiger LT Std	95 Ultra Black	Version 2.035;PS 002.000;hotconv 1.0.51;makeotf.lib2.0.18671	2.035	950	5	0		263	0	0		0	11	3	0	liga,frac,sups,ordn,aalt	kern	ttf	glyf	27192	no	Adrian Frutiger		ADBE	http://www.adobe.com/type/legal.html	
/Users/bardiasamiee/Library/Application Support/design-tools/fonts/owned/Frutiger-Neue-LT-W1G/FrutigerNeueLTW1G-Black.ttf	0	Frutiger Neue LT W1G Medium	Bold	FrutigerNeueLTW1G-Black	FrutigerNeueLTW1G-Black	Frutiger Neue LT W1G	Black	Version 1.00	1.000	750	5	0		655	0	0		0	133	75	98	liga,dlig,pnum,salt,frac,sups,subs,ordn,aalt,locl,numr,dnom,ss01	kern	ttf	glyf	122424	no	Adrian Frutiger and Linotype Design Studio	Linotype GmbH	LINO	http://www.linotype.com/license	
/Users/bardiasamiee/Library/Application Support/design-tools/fonts/owned/Frutiger-Neue-LT-W1G/FrutigerNeueLTW1G-BlackIt.ttf	0	Frutiger Neue LT W1G Medium	Bold Italic	FrutigerNeueLTW1G-BlackIt	FrutigerNeueLTW1G-BlackIt	Frutiger Neue LT W1G	Black Italic	Version 1.00	1.000	750	5	1		655	0	0		0	133	75	98	liga,dlig,pnum,salt,frac,sups,subs,ordn,aalt,locl,numr,dnom,ss01	kern	ttf	glyf	123744	no	Adrian Frutiger and Linotype Design Studio	Linotype GmbH	LINO	http://www.linotype.com/license	
/Users/bardiasamiee/Library/Application Support/design-tools/fonts/owned/Frutiger-Neue-LT-W1G/FrutigerNeueLTW1G-Bold.ttf	0	Frutiger Neue LT W1G Book	Bold	FrutigerNeueLTW1G-Bold	FrutigerNeueLTW1G-Bold	Frutiger Neue LT W1G		Version 1.00	1.000	700	5	0		655	0	0		0	133	75	98	liga,dlig,pnum,salt,frac,sups,subs,ordn,aalt,locl,numr,dnom,ss01	kern	ttf	glyf	123836	no	Adrian Frutiger and Linotype Design Studio	Linotype GmbH	LINO	http://www.linotype.com/license	
/Users/bardiasamiee/Library/Application Support/design-tools/fonts/owned/Frutiger-Neue-LT-W1G/FrutigerNeueLTW1G-BoldIt.ttf	0	Frutiger Neue LT W1G Book	Bold Italic	FrutigerNeueLTW1G-BoldIt	FrutigerNeueLTW1G-BoldIt	Frutiger Neue LT W1G		Version 1.00	1.000	700	5	1		655	0	0		0	133	75	98	liga,dlig,pnum,salt,frac,sups,subs,ordn,aalt,locl,numr,dnom,ss01	kern	ttf	glyf	120052	no	Adrian Frutiger and Linotype Design Studio	Linotype GmbH	LINO	http://www.linotype.com/license	
/Users/bardiasamiee/Library/Application Support/design-tools/fonts/owned/Frutiger-Neue-LT-W1G/FrutigerNeueLTW1G-Book.ttf	0	Frutiger Neue LT W1G Book	Regular	FrutigerNeueLTW1G-Book	FrutigerNeueLTW1G-Book	Frutiger Neue LT W1G	Book	Version 1.00	1.000	350	5	0		655	0	0		0	133	75	98	liga,dlig,pnum,salt,frac,sups,subs,ordn,aalt,locl,numr,dnom,ss01	kern	ttf	glyf	114488	no	Adrian Frutiger and Linotype Design Studio	Linotype GmbH	LINO	http://www.linotype.com/license	
/Users/bardiasamiee/Library/Application Support/design-tools/fonts/owned/Frutiger-Neue-LT-W1G/FrutigerNeueLTW1G-BookIt.ttf	0	Frutiger Neue LT W1G Book	Italic	FrutigerNeueLTW1G-BookIt	FrutigerNeueLTW1G-BookIt	Frutiger Neue LT W1G	Book Italic	Version 1.00	1.000	350	5	1		655	0	0		0	133	75	98	liga,dlig,pnum,salt,frac,sups,subs,ordn,aalt,locl,numr,dnom,ss01	kern	ttf	glyf	122580	no	Adrian Frutiger and Linotype Design Studio	Linotype GmbH	LINO	http://www.linotype.com/license	
/Users/bardiasamiee/Library/Application Support/design-tools/fonts/owned/Frutiger-Neue-LT-W1G/FrutigerNeueLTW1G-CnBlk.ttf	0	Frutiger Neue LT W1G Cn Medium	Bold	FrutigerNeueLTW1G-CnBlk	FrutigerNeueLTW1G-CnBlk	Frutiger Neue LT W1G	Condensed Black	Version 1.00	1.000	750	3	0		654	0	0		0	133	75	98	liga,dlig,pnum,salt,frac,sups,subs,ordn,aalt,locl,numr,dnom,ss01	kern	ttf	glyf	92448	no	Adrian Frutiger and Akria Kobayashi	Linotype GmbH	LINO	http://www.linotype.com/license	
/Users/bardiasamiee/Library/Application Support/design-tools/fonts/owned/Frutiger-Neue-LT-W1G/FrutigerNeueLTW1G-CnBlkIt.ttf	0	Frutiger Neue LT W1G Cn Medium	Bold Italic	FrutigerNeueLTW1G-CnBlkIt	FrutigerNeueLTW1G-CnBlkIt	Frutiger Neue LT W1G	Condensed Black Italic	Version 1.00	1.000	750	3	1		654	0	0		0	133	75	98	liga,dlig,pnum,salt,frac,sups,subs,ordn,aalt,locl,numr,dnom,ss01	kern	ttf	glyf	97456	no	Adrian Frutiger and Akria Kobayashi	Linotype GmbH	LINO	http://www.linotype.com/license	
/Users/bardiasamiee/Library/Application Support/design-tools/fonts/owned/Frutiger-Neue-LT-W1G/FrutigerNeueLTW1G-CnBold.ttf	0	Frutiger Neue LT W1G Cn Book	Bold	FrutigerNeueLTW1G-CnBold	FrutigerNeueLTW1G-CnBold	Frutiger Neue LT W1G	Condensed Bold	Version 1.00	1.000	700	3	0		654	0	0		0	133	75	98	liga,dlig,pnum,salt,frac,sups,subs,ordn,aalt,locl,numr,dnom,ss01	kern	ttf	glyf	93708	no	Adrian Frutiger and Akria Kobayashi	Linotype GmbH	LINO	http://www.linotype.com/license	
/Users/bardiasamiee/Library/Application Support/design-tools/fonts/owned/Frutiger-Neue-LT-W1G/FrutigerNeueLTW1G-CnBoldIt.ttf	0	Frutiger Neue LT W1G Cn Book	Bold Italic	FrutigerNeueLTW1G-CnBoldIt	FrutigerNeueLTW1G-CnBoldIt	Frutiger Neue LT W1G	Condensed Bold Italic	Version 1.00	1.000	700	3	1		654	0	0		0	133	75	98	liga,dlig,pnum,salt,frac,sups,subs,ordn,aalt,locl,numr,dnom,ss01	kern	ttf	glyf	96408	no	Adrian Frutiger and Akria Kobayashi	Linotype GmbH	LINO	http://www.linotype.com/license	
/Users/bardiasamiee/Library/Application Support/design-tools/fonts/owned/Frutiger-Neue-LT-W1G/FrutigerNeueLTW1G-CnBook.ttf	0	Frutiger Neue LT W1G Cn Book	Regular	FrutigerNeueLTW1G-CnBook	FrutigerNeueLTW1G-CnBook	Frutiger Neue LT W1G	Condensed Book	Version 1.00	1.000	350	3	0		654	0	0		0	133	75	98	liga,dlig,pnum,salt,frac,sups,subs,ordn,aalt,locl,numr,dnom,ss01	kern	ttf	glyf	91192	no	Adrian Frutiger and Akria Kobayashi	Linotype GmbH	LINO	http://www.linotype.com/license	
/Users/bardiasamiee/Library/Application Support/design-tools/fonts/owned/Frutiger-Neue-LT-W1G/FrutigerNeueLTW1G-CnBookIt.ttf	0	Frutiger Neue LT W1G Cn Book	Italic	FrutigerNeueLTW1G-CnBookIt	FrutigerNeueLTW1G-CnBookIt	Frutiger Neue LT W1G	Condensed Book Italic	Version 1.00	1.000	350	3	1		654	0	0		0	133	75	98	liga,dlig,pnum,salt,frac,sups,subs,ordn,aalt,locl,numr,dnom,ss01	kern	ttf	glyf	94888	no	Adrian Frutiger and Akria Kobayashi	Linotype GmbH	LINO	http://www.linotype.com/license	
/Users/bardiasamiee/Library/Application Support/design-tools/fonts/owned/Frutiger-Neue-LT-W1G/FrutigerNeueLTW1G-CnHv.ttf	0	Frutiger Neue LT W1G Cn Regular	Bold	FrutigerNeueLTW1G-CnHv	FrutigerNeueLTW1G-CnHv	Frutiger Neue LT W1G	Condensed Heavy	Version 1.00	1.000	725	3	0		654	0	0		0	133	75	98	liga,dlig,pnum,salt,frac,sups,subs,ordn,aalt,locl,numr,dnom,ss01	kern	ttf	glyf	93292	no	Adrian Frutiger and Akria Kobayashi	Linotype GmbH	LINO	http://www.linotype.com/license	
/Users/bardiasamiee/Library/Application Support/design-tools/fonts/owned/Frutiger-Neue-LT-W1G/FrutigerNeueLTW1G-CnHvIt.ttf	0	Frutiger Neue LT W1G Cn Regular	Bold Italic	FrutigerNeueLTW1G-CnHvIt	FrutigerNeueLTW1G-CnHvIt	Frutiger Neue LT W1G	Condensed Heavy Italic	Version 1.00	1.000	725	3	1		654	0	0		0	133	75	98	liga,dlig,pnum,salt,frac,sups,subs,ordn,aalt,locl,numr,dnom,ss01	kern	ttf	glyf	97260	no	Adrian Frutiger and Akria Kobayashi	Linotype GmbH	LINO	http://www.linotype.com/license	
/Users/bardiasamiee/Library/Application Support/design-tools/fonts/owned/Frutiger-Neue-LT-W1G/FrutigerNeueLTW1G-CnItalic.ttf	0	Frutiger Neue LT W1G Cn Regular	Italic	FrutigerNeueLTW1G-CnItalic	FrutigerNeueLTW1G-CnItalic	Frutiger Neue LT W1G	Condensed Italic	Version 1.00	1.000	400	3	1		654	0	0		0	133	75	98	liga,dlig,pnum,salt,frac,sups,subs,ordn,aalt,locl,numr,dnom,ss01	kern	ttf	glyf	96584	no	Adrian Frutiger and Akria Kobayashi	Linotype GmbH	LINO	http://www.linotype.com/license	
/Users/bardiasamiee/Library/Application Support/design-tools/fonts/owned/Frutiger-Neue-LT-W1G/FrutigerNeueLTW1G-CnLt.ttf	0	Frutiger Neue LT W1G Cn Light	Regular	FrutigerNeueLTW1G-CnLt	FrutigerNeueLTW1G-CnLt	Frutiger Neue LT W1G	Condensed Light	Version 1.00	1.000	300	3	0		654	0	0		0	133	75	98	liga,dlig,pnum,salt,frac,sups,subs,ordn,aalt,locl,numr,dnom,ss01	kern	ttf	glyf	90404	no	Adrian Frutiger and Akria Kobayashi	Linotype GmbH	LINO	http://www.linotype.com/license	
/Users/bardiasamiee/Library/Application Support/design-tools/fonts/owned/Frutiger-Neue-LT-W1G/FrutigerNeueLTW1G-CnLtIt.ttf	0	Frutiger Neue LT W1G Cn Light	Italic	FrutigerNeueLTW1G-CnLtIt	FrutigerNeueLTW1G-CnLtIt	Frutiger Neue LT W1G	Condensed Light Italic	Version 1.00	1.000	300	3	1		654	0	0		0	133	75	98	liga,dlig,pnum,salt,frac,sups,subs,ordn,aalt,locl,numr,dnom,ss01	kern	ttf	glyf	95732	no	Adrian Frutiger and Akria Kobayashi	Linotype GmbH	LINO	http://www.linotype.com/license	
/Users/bardiasamiee/Library/Application Support/design-tools/fonts/owned/Frutiger-Neue-LT-W1G/FrutigerNeueLTW1G-CnMd.ttf	0	Frutiger Neue LT W1G Cn Medium	Regular	FrutigerNeueLTW1G-CnMd	FrutigerNeueLTW1G-CnMd	Frutiger Neue LT W1G	Condensed Medium	Version 1.00	1.000	500	3	0		654	0	0		0	133	75	98	liga,dlig,pnum,salt,frac,sups,subs,ordn,aalt,locl,numr,dnom,ss01	kern	ttf	glyf	93292	no	Adrian Frutiger and Akria Kobayashi	Linotype GmbH	LINO	http://www.linotype.com/license	
/Users/bardiasamiee/Library/Application Support/design-tools/fonts/owned/Frutiger-Neue-LT-W1G/FrutigerNeueLTW1G-CnMdIt.ttf	0	Frutiger Neue LT W1G Cn Medium	Italic	FrutigerNeueLTW1G-CnMdIt	FrutigerNeueLTW1G-CnMdIt	Frutiger Neue LT W1G	Condensed Medium Italic	Version 1.00	1.000	500	3	1		654	0	0		0	133	75	98	liga,dlig,pnum,salt,frac,sups,subs,ordn,aalt,locl,numr,dnom,ss01	kern	ttf	glyf	95692	no	Adrian Frutiger and Akria Kobayashi	Linotype GmbH	LINO	http://www.linotype.com/license	
/Users/bardiasamiee/Library/Application Support/design-tools/fonts/owned/Frutiger-Neue-LT-W1G/FrutigerNeueLTW1G-CnRg.ttf	0	Frutiger Neue LT W1G Cn Regular	Regular	FrutigerNeueLTW1G-CnRg	FrutigerNeueLTW1G-CnRg	Frutiger Neue LT W1G	Condensed	Version 1.00	1.000	400	3	0		654	0	0		0	133	75	98	liga,dlig,pnum,salt,frac,sups,subs,ordn,aalt,locl,numr,dnom,ss01	kern	ttf	glyf	93004	no	Adrian Frutiger and Akria Kobayashi	Linotype GmbH	LINO	http://www.linotype.com/license	
/Users/bardiasamiee/Library/Application Support/design-tools/fonts/owned/Frutiger-Neue-LT-W1G/FrutigerNeueLTW1G-CnThin.ttf	0	Frutiger Neue LT W1G Cn Thin	Regular	FrutigerNeueLTW1G-CnThin	FrutigerNeueLTW1G-CnThin	Frutiger Neue LT W1G	Condensed Thin	Version 1.00	1.000	275	3	0		654	0	0		0	133	75	98	liga,dlig,pnum,salt,frac,sups,subs,ordn,aalt,locl,numr,dnom,ss01	kern	ttf	glyf	90936	no	Adrian Frutiger and Akria Kobayashi	Linotype GmbH	LINO	http://www.linotype.com/license	
/Users/bardiasamiee/Library/Application Support/design-tools/fonts/owned/Frutiger-Neue-LT-W1G/FrutigerNeueLTW1G-CnThinIt.ttf	0	Frutiger Neue LT W1G Cn Thin	Italic	FrutigerNeueLTW1G-CnThinIt	FrutigerNeueLTW1G-CnThinIt	Frutiger Neue LT W1G	Condensed Thin Italic	Version 1.00	1.000	275	3	1		654	0	0		0	133	75	98	liga,dlig,pnum,salt,frac,sups,subs,ordn,aalt,locl,numr,dnom,ss01	kern	ttf	glyf	95712	no	Adrian Frutiger and Akria Kobayashi	Linotype GmbH	LINO	http://www.linotype.com/license	
/Users/bardiasamiee/Library/Application Support/design-tools/fonts/owned/Frutiger-Neue-LT-W1G/FrutigerNeueLTW1G-CnUltLt.ttf	0	Frutiger Neue LT W1G Cn UltLt	Regular	FrutigerNeueLTW1G-CnUltLt	FrutigerNeueLTW1G-CnUltLt	Frutiger Neue LT W1G	Condensed Ultra Light	Version 1.00	1.000	250	3	0		654	0	0		0	133	75	98	liga,dlig,pnum,salt,frac,sups,subs,ordn,aalt,locl,numr,dnom,ss01	kern	ttf	glyf	90788	no	Adrian Frutiger and Akria Kobayashi	Linotype GmbH	LINO	http://www.linotype.com/license	
/Users/bardiasamiee/Library/Application Support/design-tools/fonts/owned/Frutiger-Neue-LT-W1G/FrutigerNeueLTW1G-CnUltLtIt.ttf	0	Frutiger Neue LT W1G Cn UltLt	Italic	FrutigerNeueLTW1G-CnUltLtIt	FrutigerNeueLTW1G-CnUltLtIt	Frutiger Neue LT W1G	Condensed Ultra Light Italic	Version 1.00	1.000	250	3	1		654	0	0		0	133	75	98	liga,dlig,pnum,salt,frac,sups,subs,ordn,aalt,locl,numr,dnom,ss01	kern	ttf	glyf	96384	no	Adrian Frutiger and Akria Kobayashi	Linotype GmbH	LINO	http://www.linotype.com/license	
/Users/bardiasamiee/Library/Application Support/design-tools/fonts/owned/Frutiger-Neue-LT-W1G/FrutigerNeueLTW1G-CnXBlk.ttf	0	Frutiger Neue LT W1G Cn XBlack	Regular	FrutigerNeueLTW1G-CnXBlk	FrutigerNeueLTW1G-CnXBlk	Frutiger Neue LT W1G	Condensed Extra Black	Version 1.00	1.000	900	3	0		654	0	0		0	133	75	98	liga,dlig,pnum,salt,frac,sups,subs,ordn,aalt,locl,numr,dnom,ss01	kern	ttf	glyf	94036	no	Adrian Frutiger and Akria Kobayashi	Linotype GmbH	LINO	http://www.linotype.com/license	
/Users/bardiasamiee/Library/Application Support/design-tools/fonts/owned/Frutiger-Neue-LT-W1G/FrutigerNeueLTW1G-CnXBlkIt.ttf	0	Frutiger Neue LT W1G Cn XBlack	Italic	FrutigerNeueLTW1G-CnXBlkIt	FrutigerNeueLTW1G-CnXBlkIt	Frutiger Neue LT W1G	Condensed Extra Black Italic	Version 1.00	1.000	900	3	1		654	0	0		0	133	75	98	liga,dlig,pnum,salt,frac,sups,subs,ordn,aalt,locl,numr,dnom,ss01	kern	ttf	glyf	97996	no	Adrian Frutiger and Akria Kobayashi	Linotype GmbH	LINO	http://www.linotype.com/license	
/Users/bardiasamiee/Library/Application Support/design-tools/fonts/owned/Frutiger-Neue-LT-W1G/FrutigerNeueLTW1G-Heavy.ttf	0	Frutiger Neue LT W1G	Bold	FrutigerNeueLTW1G-Heavy	FrutigerNeueLTW1G-Heavy		Heavy	Version 1.00	1.000	725	5	0		655	0	0		0	133	75	98	liga,dlig,pnum,salt,frac,sups,subs,ordn,aalt,locl,numr,dnom,ss01	kern	ttf	glyf	124192	no	Adrian Frutiger and Linotype Design Studio	Linotype GmbH	LINO	http://www.linotype.com/license	
/Users/bardiasamiee/Library/Application Support/design-tools/fonts/owned/Frutiger-Neue-LT-W1G/FrutigerNeueLTW1G-HeavyIt.ttf	0	Frutiger Neue LT W1G	Bold Italic	FrutigerNeueLTW1G-HeavyIt	FrutigerNeueLTW1G-HeavyIt		Heavy Italic	Version 1.00	1.000	725	5	1		655	0	0		0	133	75	98	liga,dlig,pnum,salt,frac,sups,subs,ordn,aalt,locl,numr,dnom,ss01	kern	ttf	glyf	119820	no	Adrian Frutiger and Linotype Design Studio	Linotype GmbH	LINO	http://www.linotype.com/license	
/Users/bardiasamiee/Library/Application Support/design-tools/fonts/owned/Frutiger-Neue-LT-W1G/FrutigerNeueLTW1G-Italic.ttf	0	Frutiger Neue LT W1G	Italic	FrutigerNeueLTW1G-Italic	FrutigerNeueLTW1G-Italic			Version 1.00	1.000	400	5	1		655	0	0		0	133	75	98	liga,dlig,pnum,salt,frac,sups,subs,ordn,aalt,locl,numr,dnom,ss01	kern	ttf	glyf	120276	no	Adrian Frutiger and Linotype Design Studio	Linotype GmbH	LINO	http://www.linotype.com/license	
/Users/bardiasamiee/Library/Application Support/design-tools/fonts/owned/Frutiger-Neue-LT-W1G/FrutigerNeueLTW1G-Light.ttf	0	Frutiger Neue LT W1G Light	Regular	FrutigerNeueLTW1G-Light	FrutigerNeueLTW1G-Light	Frutiger Neue LT W1G	Light	Version 1.00	1.000	300	5	0		655	0	0		0	133	75	98	liga,dlig,pnum,salt,frac,sups,subs,ordn,aalt,locl,numr,dnom,ss01	kern	ttf	glyf	114956	no	Adrian Frutiger and Linotype Design Studio	Linotype GmbH	LINO	http://www.linotype.com/license	
/Users/bardiasamiee/Library/Application Support/design-tools/fonts/owned/Frutiger-Neue-LT-W1G/FrutigerNeueLTW1G-LightIt.ttf	0	Frutiger Neue LT W1G Light	Italic	FrutigerNeueLTW1G-LightIt	FrutigerNeueLTW1G-LightIt	Frutiger Neue LT W1G	Light Italic	Version 1.00	1.000	300	5	1		655	0	0		0	133	75	98	liga,dlig,pnum,salt,frac,sups,subs,ordn,aalt,locl,numr,dnom,ss01	kern	ttf	glyf	129040	no	Adrian Frutiger and Linotype Design Studio	Linotype GmbH	LINO	http://www.linotype.com/license	
/Users/bardiasamiee/Library/Application Support/design-tools/fonts/owned/Frutiger-Neue-LT-W1G/FrutigerNeueLTW1G-Medium.ttf	0	Frutiger Neue LT W1G Medium	Regular	FrutigerNeueLTW1G-Medium	FrutigerNeueLTW1G-Medium	Frutiger Neue LT W1G	Medium	Version 1.00	1.000	500	5	0		655	0	0		0	133	75	98	liga,dlig,pnum,salt,frac,sups,subs,ordn,aalt,locl,numr,dnom,ss01	kern	ttf	glyf	125256	no	Adrian Frutiger and Linotype Design Studio	Linotype GmbH	LINO	http://www.linotype.com/license	
/Users/bardiasamiee/Library/Application Support/design-tools/fonts/owned/Frutiger-Neue-LT-W1G/FrutigerNeueLTW1G-MediumIt.ttf	0	Frutiger Neue LT W1G Medium	Italic	FrutigerNeueLTW1G-MediumIt	FrutigerNeueLTW1G-MediumIt	Frutiger Neue LT W1G	Medium Italic	Version 1.00	1.000	500	5	1		655	0	0		0	133	75	98	liga,dlig,pnum,salt,frac,sups,subs,ordn,aalt,locl,numr,dnom,ss01	kern	ttf	glyf	123528	no	Adrian Frutiger and Linotype Design Studio	Linotype GmbH	LINO	http://www.linotype.com/license	
/Users/bardiasamiee/Library/Application Support/design-tools/fonts/owned/Frutiger-Neue-LT-W1G/FrutigerNeueLTW1G-Regular.ttf	0	Frutiger Neue LT W1G	Regular	FrutigerNeueLTW1G-Regular	FrutigerNeueLTW1G-Regular			Version 1.00	1.000	400	5	0		655	0	0		0	133	75	98	liga,dlig,pnum,salt,frac,sups,subs,ordn,aalt,locl,numr,dnom,ss01	kern	ttf	glyf	124832	no	Adrian Frutiger and Linotype Design Studio	Linotype GmbH	LINO	http://www.linotype.com/license	
/Users/bardiasamiee/Library/Application Support/design-tools/fonts/owned/Frutiger-Neue-LT-W1G/FrutigerNeueLTW1G-Thin.ttf	0	Frutiger Neue LT W1G Thin	Regular	FrutigerNeueLTW1G-Thin	FrutigerNeueLTW1G-Thin	Frutiger Neue LT W1G	Thin	Version 1.00	1.000	275	5	0		655	0	0		0	133	75	98	liga,dlig,pnum,salt,frac,sups,subs,ordn,aalt,locl,numr,dnom,ss01	kern	ttf	glyf	118428	no	Adrian Frutiger and Linotype Design Studio	Linotype GmbH	LINO	http://www.linotype.com/license	
/Users/bardiasamiee/Library/Application Support/design-tools/fonts/owned/Frutiger-Neue-LT-W1G/FrutigerNeueLTW1G-ThinIt.ttf	0	Frutiger Neue LT W1G Thin	Italic	FrutigerNeueLTW1G-ThinIt	FrutigerNeueLTW1G-ThinIt	Frutiger Neue LT W1G	Thin Italic	Version 1.00	1.000	275	5	1		655	0	0		0	133	75	98	liga,dlig,pnum,salt,frac,sups,subs,ordn,aalt,locl,numr,dnom,ss01	kern	ttf	glyf	122776	no	Adrian Frutiger and Linotype Design Studio	Linotype GmbH	LINO	http://www.linotype.com/license	
/Users/bardiasamiee/Library/Application Support/design-tools/fonts/owned/Frutiger-Neue-LT-W1G/FrutigerNeueLTW1G-UltLt.ttf	0	Frutiger Neue LT W1G UltLt	Regular	FrutigerNeueLTW1G-UltLt	FrutigerNeueLTW1G-UltLt	Frutiger Neue LT W1G	Ultra Light	Version 1.00	1.000	250	5	0		655	0	0		0	133	75	98	liga,dlig,pnum,salt,frac,sups,subs,ordn,aalt,locl,numr,dnom,ss01	kern	ttf	glyf	117332	no	Adrian Frutiger and Linotype Design Studio	Linotype GmbH	LINO	http://www.linotype.com/license	
/Users/bardiasamiee/Library/Application Support/design-tools/fonts/owned/Frutiger-Neue-LT-W1G/FrutigerNeueLTW1G-UltLtIt.ttf	0	Frutiger Neue LT W1G UltLt	Italic	FrutigerNeueLTW1G-UltLtIt	FrutigerNeueLTW1G-UltLtIt	Frutiger Neue LT W1G	Ultra Light Italic	Version 1.00	1.000	250	5	1		655	0	0		0	133	75	98	liga,dlig,pnum,salt,frac,sups,subs,ordn,aalt,locl,numr,dnom,ss01	kern	ttf	glyf	121176	no	Adrian Frutiger and Linotype Design Studio	Linotype GmbH	LINO	http://www.linotype.com/license	
/Users/bardiasamiee/Library/Application Support/design-tools/fonts/owned/Frutiger-Neue-LT-W1G/FrutigerNeueLTW1G-XBlack.ttf	0	Frutiger Neue LT W1G XBlack	Regular	FrutigerNeueLTW1G-XBlack	FrutigerNeueLTW1G-XBlack	Frutiger Neue LT W1G	Extra Black	Version 1.00	1.000	900	5	0		655	0	0		0	133	75	98	liga,dlig,pnum,salt,frac,sups,subs,ordn,aalt,locl,numr,dnom,ss01	kern	ttf	glyf	123432	no	Adrian Frutiger and Linotype Design Studio	Linotype GmbH	LINO	http://www.linotype.com/license	
/Users/bardiasamiee/Library/Application Support/design-tools/fonts/owned/Frutiger-Neue-LT-W1G/FrutigerNeueLTW1G-XBlackIt.ttf	0	Frutiger Neue LT W1G XBlack	Italic	FrutigerNeueLTW1G-XBlackIt	FrutigerNeueLTW1G-XBlackIt	Frutiger Neue LT W1G	Extra Black Italic	Version 1.00	1.000	900	5	1		655	0	0		0	133	75	98	liga,dlig,pnum,salt,frac,sups,subs,ordn,aalt,locl,numr,dnom,ss01	kern	ttf	glyf	125836	no	Adrian Frutiger and Linotype Design Studio	Linotype GmbH	LINO	http://www.linotype.com/license	
/Users/bardiasamiee/Library/Application Support/design-tools/fonts/owned/Futura-Black/unicode.futurabb.ttf	0	Futura-Black	Bold	Futura-Black Bold	Futura-Black-Bold			1.0	1.000	700	5	0		423	0	0		0	19	0	0			ttf	glyf	78650	no					
/Users/bardiasamiee/Library/Application Support/design-tools/fonts/owned/Futura-LT-Pro/FuturaLTPro-Bold.ttf	0	Futura LT Pro Book	Bold	Futura LT Pro Book Bold	FuturaLTPro-Bold	Futura LT Pro		Version 1.00 Build 1000	1.000	700	5	0		393	0	0		0	128	4	0	liga,dlig,frac,sups,ordn,aalt,locl	kern	ttf	glyf	70052	no	Paul Renner	Monotype Imaging Inc.	MONO	http://www.monotype.com	
/Users/bardiasamiee/Library/Application Support/design-tools/fonts/owned/Futura-LT-Pro/FuturaLTPro-Book.ttf	0	Futura LT Pro Book	Regular	Futura LT Pro Book	FuturaLTPro-Book	Futura LT Pro	Book	Version 1.00 Build 1000	1.000	400	5	0		393	0	0		0	128	4	0	liga,dlig,frac,sups,ordn,aalt,locl	kern	ttf	glyf	69708	no	Paul Renner	Monotype Imaging Inc.	MONO	http://www.monotype.com	
/Users/bardiasamiee/Library/Application Support/design-tools/fonts/owned/Futura-LT-Pro/FuturaLTPro-Light.ttf	0	Futura LT Pro Light	Regular	Futura LT Pro Light	FuturaLTPro-Light	Futura LT Pro	Light	Version 1.00 Build 1000	1.000	300	5	0		393	0	0		0	128	4	0	liga,dlig,frac,sups,ordn,aalt,locl	kern	ttf	glyf	69652	no	Paul Renner	Monotype Imaging Inc.	MONO	http://www.monotype.com	
/Users/bardiasamiee/Library/Application Support/design-tools/fonts/owned/Futura-LT/FuturaLT-Bold.ttf	0	Futura LT	Bold	Futura LT Bold	FuturaLT-Bold			Version 006.000	6.000	700	5	0		235	0	0		0	11	1	0			ttf	glyf	22304	no			PfEd		
/Users/bardiasamiee/Library/Application Support/design-tools/fonts/owned/Futura-LT/FuturaLT-BoldOblique.ttf	0	Futura LT	BoldOblique	Futura LT Bold Oblique	FuturaLT-BoldOblique			Version 006.000	6.000	700	5	1		235	0	0		0	11	1	0			ttf	glyf	24748	no			PfEd		
/Users/bardiasamiee/Library/Application Support/design-tools/fonts/owned/Futura-LT/FuturaLT-Book.ttf	0	Futura LT	Book	Futura LT Book	FuturaLT-Book			Version 006.000	6.000	400	5	0		235	0	0		0	11	1	0			ttf	glyf	22384	no			PfEd		
/Users/bardiasamiee/Library/Application Support/design-tools/fonts/owned/Futura-LT/FuturaLT-BookOblique.ttf	0	Futura LT	BookOblique	Futura LT Book Oblique	FuturaLT-BookOblique			Version 006.000	6.000	400	5	1		235	0	0		0	11	1	0			ttf	glyf	24640	no			PfEd		
/Users/bardiasamiee/Library/Application Support/design-tools/fonts/owned/Futura-LT/FuturaLT-Condensed.ttf	0	Futura LT	Condensed	Futura LT Condensed Medium	FuturaLT-Condensed			Version 006.000	6.000	500	3	0		234	0	0		0	11	1	0			ttf	glyf	25088	no			PfEd		
/Users/bardiasamiee/Library/Application Support/design-tools/fonts/owned/Futura-LT/FuturaLT-CondensedBold.ttf	0	Futura LT	CondensedBold	Futura LT Condensed Bold	FuturaLT-CondensedBold			Version 006.000	6.000	700	3	0		234	0	0		0	11	1	0			ttf	glyf	23468	no			PfEd		
/Users/bardiasamiee/Library/Application Support/design-tools/fonts/owned/Futura-LT/FuturaLT-CondensedBoldOblique.ttf	0	Futura LT	CondensedBoldOblique	Futura LT Condensed Bold Oblique	FuturaLT-CondensedBoldOblique			Version 006.000	6.000	700	3	1		234	0	0		0	11	1	0			ttf	glyf	26464	no			PfEd		
/Users/bardiasamiee/Library/Application Support/design-tools/fonts/owned/Futura-LT/FuturaLT-CondensedExtraBold.ttf	0	Futura LT	CondensedExtraBold	Futura LT Condensed Extra Bold	FuturaLT-CondensedExtraBold			Version 006.000	6.000	700	2	0		234	0	0		0	11	1	0			ttf	glyf	22676	no			PfEd		
/Users/bardiasamiee/Library/Application Support/design-tools/fonts/owned/Futura-LT/FuturaLT-CondensedLight.ttf	0	Futura LT	CondensedLight	Futura LT Condensed Light	FuturaLT-CondensedLight			Version 006.000	6.000	200	3	0		234	0	0		0	11	1	0			ttf	glyf	24024	no			PfEd		
/Users/bardiasamiee/Library/Application Support/design-tools/fonts/owned/Futura-LT/FuturaLT-CondensedLightObl.ttf	0	Futura LT	CondensedLightObl	Futura LT Condensed Light Oblique	FuturaLT-CondensedLightObl			Version 006.000	6.000	200	3	1		234	0	0		0	11	1	0			ttf	glyf	26896	no			PfEd		
/Users/bardiasamiee/Library/Application Support/design-tools/fonts/owned/Futura-LT/FuturaLT-CondensedOblique.ttf	0	Futura LT	CondensedOblique	Futura LT Condensed Medium Oblique	FuturaLT-CondensedOblique			Version 006.000	6.000	500	3	1		235	0	0		0	11	1	0			ttf	glyf	28268	no			PfEd		
/Users/bardiasamiee/Library/Application Support/design-tools/fonts/owned/Futura-LT/FuturaLT-CondExtraBoldObl.ttf	0	Futura LT	CondExtraBoldObl	Futura LT Condensed Extra Bold Oblique	FuturaLT-CondExtraBoldObl			Version 006.000	6.000	700	5	1		234	0	0		0	11	1	0			ttf	glyf	25500	no			PfEd		
/Users/bardiasamiee/Library/Application Support/design-tools/fonts/owned/Futura-LT/FuturaLT-ExtraBold.ttf	0	Futura LT	ExtraBold	Futura LT Extra Bold	FuturaLT-ExtraBold			Version 006.000	6.000	700	5	0		235	0	0		0	11	1	0			ttf	glyf	22952	no			PfEd		
/Users/bardiasamiee/Library/Application Support/design-tools/fonts/owned/Futura-LT/FuturaLT-ExtraBoldOblique.ttf	0	Futura LT	ExtraBoldOblique	Futura LT Extra Bold Oblique	FuturaLT-ExtraBoldOblique			Version 006.000	6.000	700	5	1		235	0	0		0	11	1	0			ttf	glyf	25324	no			PfEd		
/Users/bardiasamiee/Library/Application Support/design-tools/fonts/owned/Futura-LT/FuturaLT-Heavy.ttf	0	Futura LT	Heavy	Futura LT Heavy	FuturaLT-Heavy			Version 006.000	6.000	800	5	0		235	0	0		0	11	1	0			ttf	glyf	21800	no			PfEd		
/Users/bardiasamiee/Library/Application Support/design-tools/fonts/owned/Futura-LT/FuturaLT-HeavyOblique.ttf	0	Futura LT	HeavyOblique	Futura LT Heavy Oblique	FuturaLT-HeavyOblique			Version 006.000	6.000	800	5	1		235	0	0		0	11	1	0			ttf	glyf	24196	no			PfEd		
/Users/bardiasamiee/Library/Application Support/design-tools/fonts/owned/Futura-LT/FuturaLT-Light.ttf	0	Futura LT	Light	Futura LT Light	FuturaLT-Light			Version 006.000	6.000	200	5	0		235	0	0		0	11	1	0			ttf	glyf	22808	no			PfEd		
/Users/bardiasamiee/Library/Application Support/design-tools/fonts/owned/Futura-LT/FuturaLT-LightOblique.ttf	0	Futura LT	LightOblique	Futura LT Light Oblique	FuturaLT-LightOblique			Version 006.000	6.000	200	5	1		235	0	0		0	11	1	0			ttf	glyf	25016	no			PfEd		
/Users/bardiasamiee/Library/Application Support/design-tools/fonts/owned/Futura-LT/FuturaLT-Oblique.ttf	0	Futura LT	Oblique	Futura LT Medium Oblique	FuturaLT-Oblique			Version 006.000	6.000	400	5	1		235	0	0		0	11	1	0			ttf	glyf	24508	no			PfEd		
/Users/bardiasamiee/Library/Application Support/design-tools/fonts/owned/Futura-LT/FuturaLT.ttf	0	Futura LT	Regular	Futura LT Medium	FuturaLT			Version 006.000	6.000	400	5	0		235	0	0		0	11	1	0			ttf	glyf	22396	no			PfEd		
/Users/bardiasamiee/Library/Application Support/design-tools/fonts/owned/Futura-PT/FuturaPTBold.otf	0	Futura PT Bold	Regular	Futura PT Bold	FuturaPT-Bold	Futura PT	Bold	Version 1.007	1.007	700	5	0		624	0	0		0	125	4	175	liga,tnum,pnum,frac,sups,case,ordn,aalt,locl,ccmp	kern	otf	CFF	129072	no	Paul Renner,Vladimir Yefimov, Isabella Chaeva	ParaType Ltd	PARA	http://www.paratype.com/eula	
/Users/bardiasamiee/Library/Application Support/design-tools/fonts/owned/Futura-PT/FuturaPTBook.otf	0	Futura PT Book	Regular	Futura PT Book	FuturaPT-Book	Futura PT	Book	Version 1.007	1.007	400	5	0		633	0	0		0	125	4	175	liga,tnum,pnum,frac,sups,subs,case,ordn,aalt,locl,ccmp	kern	otf	CFF	112916	no	Paul Renner,Vladimir Yefimov, Isabella Chaeva	ParaType Ltd	PARA	http://www.paratype.com/eula	
/Users/bardiasamiee/Library/Application Support/design-tools/fonts/owned/Futura-PT/FuturaPTDemi.otf	0	Futura PT Demi	Regular	Futura PT Demi	FuturaPT-Demi	Futura PT	Demi	Version 1.007	1.007	500	5	0		633	0	0		0	125	4	175	liga,tnum,pnum,frac,sups,subs,case,ordn,aalt,locl,ccmp	kern	otf	CFF	120660	no	Paul Renner,Vladimir Yefimov, Isabella Chaeva	ParaType Ltd	PARA	http://www.paratype.com/eula	
/Users/bardiasamiee/Library/Application Support/design-tools/fonts/owned/Futura-PT/FuturaPTHeavy.otf	0	Futura PT Heavy	Regular	Futura PT Heavy	FuturaPT-Heavy	Futura PT	Heavy	Version 1.007	1.007	600	5	0		624	0	0		0	125	4	175	liga,tnum,pnum,frac,sups,case,ordn,aalt,locl,ccmp	kern	otf	CFF	124104	no	Paul Renner,Vladimir Yefimov, Isabella Chaeva	ParaType Ltd	PARA	http://www.paratype.com/eula	
/Users/bardiasamiee/Library/Application Support/design-tools/fonts/owned/Futura-PT/FuturaPTLight.otf	0	Futura PT Light	Regular	Futura PT Light	FuturaPT-Light	Futura PT	Light	Version 1.007	1.007	300	5	0		634	0	0		0	125	4	175	liga,tnum,pnum,frac,sups,subs,case,ordn,aalt,locl,ccmp	kern	otf	CFF	115904	no	Paul Renner,Vladimir Yefimov, Isabella Chaeva	ParaType Ltd	PARA	http://www.paratype.com/eula	
/Users/bardiasamiee/Library/Application Support/design-tools/fonts/owned/Futura-PT/FuturaPTMedium.otf	0	Futura PT Medium	Regular	Futura PT Medium	FuturaPT-Medium	Futura PT	Medium	Version 1.007	1.007	450	5	0		640	0	0		0	125	4	175	liga,tnum,pnum,frac,sups,subs,case,ordn,aalt,locl,ccmp	kern	otf	CFF	118072	no	Paul Renner,Vladimir Yefimov, Isabella Chaeva	ParaType Ltd	PARA	http://www.paratype.com/eula	
/Users/bardiasamiee/Library/Application Support/design-tools/fonts/owned/Futura-Std/Futura Std Heavy.otf	0	Futura Std Medium	Bold	FuturaStd-Heavy	FuturaStd-Heavy	Futura Std	Heavy	OTF 1.029;PS 001.002;Core 1.0.33;makeotf.lib1.4.1585	1.029	650	5	0		253	0	0		0	11	3	0	liga,frac,sups,ordn,aalt	kern	otf	CFF	26380	no	Paul Renner		ADBE	http://www.adobe.com/type/legal.html	
/Users/bardiasamiee/Library/Application Support/design-tools/fonts/owned/Futura-XBlk-BT/FuturaBT-ExtraBlack.ttf	0	Futura XBlk BT	Extra Black	Futura Extra Black BT	FuturaBT-ExtraBlack			mfgpctt-v4.4 Jan 1 1999	1.000	400	5	0		261	0	0		0	21	2	0			ttf	glyf	38860	no			Bits		
/Users/bardiasamiee/Library/Application Support/design-tools/fonts/owned/Futura/Futura-CondensedLight.otf	0	Futura CondensedLight	Regular	Futura-CondensedLight	Futura-CondensedLight	Futura	Light Condensed	OTF 1.0;PS 001.003;Core 1.0.22	1.000	300	3	0		230	0	0		0	11	1	0		kern	otf	CFF	17072	no			ADBE		
/Users/bardiasamiee/Library/Application Support/design-tools/fonts/owned/Futura/FuturaBT-BoldCondensed.ttf	0	Futura BdCn BT	Bold	Futura Bold Condensed BT	FuturaBT-BoldCondensed			mfgpctt-v1.52 Wednesday, January 13, 1993 4:09:13 pm (EST)	1.000	400	3	0		260	0	0		0	21	2	0			ttf	glyf	39444	no			Bits		
/Users/bardiasamiee/Library/Application Support/design-tools/fonts/owned/Futura/FuturaBT-BoldItalic.ttf	0	Futura Md BT	Bold Italic	Futura Bold Italic BT	FuturaBT-BoldItalic			mfgpctt-v1.52 Tuesday, January 12, 1993 3:40:15 pm (EST)	1.000	700	5	1		260	0	0		0	21	2	0			ttf	glyf	39444	no			Bits		
/Users/bardiasamiee/Library/Application Support/design-tools/fonts/owned/Futura/FuturaBT-Book.ttf	0	Futura Bk BT	Book	Futura Book BT	FuturaBT-Book			mfgpctt-v1.54 Tuesday, February 9, 1993 8:09:25 am (EST)	1.000	400	5	0		260	0	0		0	21	2	0			ttf	glyf	37688	no			Bits		
/Users/bardiasamiee/Library/Application Support/design-tools/fonts/owned/Futura/FuturaBT-BookItalic.ttf	0	Futura Bk BT	Book Italic	Futura Book Italic BT	FuturaBT-BookItalic			mfgpctt-v1.54 Tuesday, February 9, 1993 8:11:58 am (EST)	1.000	400	5	1		260	0	0		0	21	2	0			ttf	glyf	38672	no			Bits		
/Users/bardiasamiee/Library/Application Support/design-tools/fonts/owned/Futura/FuturaBT-ExtraBlackCondItalic.ttf	0	Futura XBlkCnIt BT	Extra Black Italic	Futura Extra Black Condensed Italic BT	FuturaBT-ExtraBlackCondItalic			mfgpctt-v1.52 Wednesday, January 13, 1993 4:16:56 pm (EST)	1.000	400	3	0		260	0	0		0	21	2	0			ttf	glyf	41644	no			Bits		
/Users/bardiasamiee/Library/Application Support/design-tools/fonts/owned/Futura/FuturaBT-Heavy.ttf	0	Futura Hv BT	Heavy	Futura Heavy BT	FuturaBT-Heavy			mfgpctt-v1.52 Tuesday, January 12, 1993 3:42:48 pm (EST)	1.000	400	5	0		260	0	0		0	21	2	0			ttf	glyf	38980	no			Bits		
/Users/bardiasamiee/Library/Application Support/design-tools/fonts/owned/Futura/FuturaBT-HeavyItalic.ttf	0	Futura Hv BT	Heavy Italic	Futura Heavy Italic BT	FuturaBT-HeavyItalic			mfgpctt-v1.52 Tuesday, January 12, 1993 3:46:56 pm (EST)	1.000	400	5	1		260	0	0		0	21	2	0			ttf	glyf	39564	no			Bits		
/Users/bardiasamiee/Library/Application Support/design-tools/fonts/owned/Futura/FuturaBT-Light.ttf	0	Futura Lt BT	Light	Futura Light BT	FuturaBT-Light			mfgpctt-v1.52 Tuesday, January 12, 1993 3:25:03 pm (EST)	1.000	400	5	0		260	0	0		0	21	2	0			ttf	glyf	37432	no			Bits		
/Users/bardiasamiee/Library/Application Support/design-tools/fonts/owned/Futura/FuturaBT-LightCondensed.ttf	0	Futura LtCn BT	Light	Futura Light Condensed BT	FuturaBT-LightCondensed			mfgpctt-v1.52 Wednesday, January 13, 1993 4:03:50 pm (EST)	1.000	400	3	0		260	0	0		0	21	2	0			ttf	glyf	35704	no			Bits		
/Users/bardiasamiee/Library/Application Support/design-tools/fonts/owned/Futura/FuturaBT-LightItalic.ttf	0	Futura Lt BT	Light Italic	Futura Light Italic BT	FuturaBT-LightItalic			mfgpctt-v1.52 Tuesday, January 12, 1993 3:27:55 pm (EST)	1.000	400	5	1		260	0	0		0	21	2	0			ttf	glyf	38052	no			Bits		
/Users/bardiasamiee/Library/Application Support/design-tools/fonts/owned/Futura/FuturaBT-Medium.ttf	0	Futura Md BT	Medium	Futura Medium BT	FuturaBT-Medium			mfgpctt-v1.52 Tuesday, January 12, 1993 3:32:04 pm (EST)	1.000	400	5	0		260	0	0		0	21	2	0			ttf	glyf	38764	no			Bits		
/Users/bardiasamiee/Library/Application Support/design-tools/fonts/owned/Futura/FuturaBT-MediumCondensed.ttf	0	Futura MdCn BT	Medium	Futura Medium Condensed BT	FuturaBT-MediumCondensed			mfgpctt-v1.52 Wednesday, January 13, 1993 4:06:34 pm (EST)	1.000	400	3	0		260	0	0		0	21	2	0			ttf	glyf	36336	no			Bits		
/Users/bardiasamiee/Library/Application Support/design-tools/fonts/owned/Futura/FuturaBT-MediumItalic.ttf	0	Futura Md BT	Medium Italic	Futura Medium Italic BT	FuturaBT-MediumItalic			mfgpctt-v1.52 Tuesday, January 12, 1993 3:34:53 pm (EST)	1.000	400	5	1		260	0	0		0	21	2	0			ttf	glyf	39172	no			Bits		
/Users/bardiasamiee/Library/Application Support/design-tools/fonts/owned/Gill-Sans-Nova-Deco/GillSansNovaDeco-Regular.ttf	0	Gill Sans Nova Deco Regular	Regular	Gill Sans Nova Deco	GillSansNovaDeco-Regular	Gill Sans Nova Deco	Regular	Version 1.00	1.000	400	5	0		611	0	0		1	141	75	136	liga,salt,aalt,locl,ss01,ss02,ss03,ss04	kern	ttf	glyf	162448	no	Geoge Ryan/Eric Gill	Monotype Imaging Inc.	MONO	http://www.monotype.com	
/Users/bardiasamiee/Library/Application Support/design-tools/fonts/owned/Gill-Sans-Nova-Inline/GillSansNovaInline-Bold.ttf	0	Gill Sans Nova Inline Regular	Bold	Gill Sans Nova Inline Bold	GillSansNovaInline-Bold	Gill Sans Nova Inline	Bold	Version 1.00	1.000	700	5	0		844	0	0		1	145	75	136	liga,tnum,pnum,salt,frac,sups,subs,ordn,aalt,locl,numr,dnom,ss01,ss02	kern	ttf	glyf	141972	no	Geoge Ryan/Eric Gill	Monotype Imaging Inc.	MONO	http://www.monotype.com	
/Users/bardiasamiee/Library/Application Support/design-tools/fonts/owned/Gill-Sans-Nova-Inline/GillSansNovaInline-Cond.ttf	0	Gill Sans Nova Inline Condensed	Regular	Gill Sans Nova Inline Condensed	GillSansNovaInline-Cond	Gill Sans Nova Inline	Condensed	Version 1.00	1.000	400	3	0		753	0	0		1	145	75	136	liga,tnum,pnum,salt,frac,sups,subs,ordn,aalt,locl,numr,dnom,ss01	kern	ttf	glyf	116372	no	Geoge Ryan/Eric Gill	Monotype Imaging Inc.	MONO	http://www.monotype.com	
/Users/bardiasamiee/Library/Application Support/design-tools/fonts/owned/Gill-Sans-Nova-Inline/GillSansNovaInline-ExtraLt.ttf	0	Gill Sans Nova Inline ExtraLt	Regular	Gill Sans Nova Inline ExtraLt	GillSansNovaInline-ExtraLt	Gill Sans Nova Inline	ExtraLight	Version 1.00	1.000	250	5	0		844	0	0		1	145	75	136	liga,tnum,pnum,salt,frac,sups,subs,ordn,aalt,locl,numr,dnom,ss01,ss02	kern	ttf	glyf	142200	no	Geoge Ryan/Eric Gill	Monotype Imaging Inc.	MONO	http://www.monotype.com	
/Users/bardiasamiee/Library/Application Support/design-tools/fonts/owned/Gill-Sans-Nova-Inline/GillSansNovaInline-Light.ttf	0	Gill Sans Nova Inline Light	Regular	Gill Sans Nova Inline Light	GillSansNovaInline-Light	Gill Sans Nova Inline	Light	Version 1.00	1.000	300	5	0		844	0	0		1	145	75	136	liga,tnum,pnum,salt,frac,sups,subs,ordn,aalt,locl,numr,dnom,ss01,ss02	kern	ttf	glyf	143548	no	Geoge Ryan/Eric Gill	Monotype Imaging Inc.	MONO	http://www.monotype.com	
/Users/bardiasamiee/Library/Application Support/design-tools/fonts/owned/Gill-Sans-Nova-Inline/GillSansNovaInline-Regular.ttf	0	Gill Sans Nova Inline Regular	Regular	Gill Sans Nova Inline	GillSansNovaInline-Regular	Gill Sans Nova Inline	Regular	Version 1.00	1.000	400	5	0		844	0	0		1	145	75	136	liga,tnum,pnum,salt,frac,sups,subs,ordn,aalt,locl,numr,dnom,ss01,ss02	kern	ttf	glyf	143264	no	Geoge Ryan/Eric Gill	Monotype Imaging Inc.	MONO	http://www.monotype.com	
/Users/bardiasamiee/Library/Application Support/design-tools/fonts/owned/Gill-Sans-Nova-Inline/GillSansNovaInline-SemiBold.ttf	0	Gill Sans Nova Inline SemiBold	Regular	Gill Sans Nova Inline SemiBold	GillSansNovaInline-SemiBold	Gill Sans Nova Inline	SemiBold	Version 1.00	1.000	600	5	0		844	0	0		1	145	75	136	liga,tnum,pnum,salt,frac,sups,subs,ordn,aalt,locl,numr,dnom,ss01,ss02	kern	ttf	glyf	142396	no	Geoge Ryan/Eric Gill	Monotype Imaging Inc.	MONO	http://www.monotype.com	
/Users/bardiasamiee/Library/Application Support/design-tools/fonts/owned/Gill-Sans-Nova-Shadowed/GillSansNovaShadowed-Light.ttf	0	Gill Sans Nova Shadowed Light	Regular	Gill Sans Nova Shadowed Light	GillSansNovaShadowed-Light	Gill Sans Nova Shadowed	Light	Version 1.00	1.000	300	5	0		606	0	0		1	141	75	136	liga,salt,aalt,locl,ss01	kern	ttf	glyf	146788	no	Geoge Ryan/Eric Gill	Monotype Imaging Inc.	MONO	http://www.monotype.com	
/Users/bardiasamiee/Library/Application Support/design-tools/fonts/owned/Gill-Sans-Nova-Shadowed/GillSansNovaShadowed-Medium.ttf	0	Gill Sans Nova Shadowed Medium	Regular	Gill Sans Nova Shadowed Medium	GillSansNovaShadowed-Medium	Gill Sans Nova Shadowed	Medium	Version 1.00	1.000	500	5	0		601	0	0		1	141	75	136	liga,aalt,locl	kern	ttf	glyf	149728	no	Geoge Ryan/Eric Gill	Monotype Imaging Inc.	MONO	http://www.monotype.com	
/Users/bardiasamiee/Library/Application Support/design-tools/fonts/owned/Gill-Sans-Nova-Shadowed/GillSansNovaShadowed-Outln.ttf	0	Gill Sans Nova Shadowed Outline	Regular	Gill Sans Nova Shadowed Outline	GillSansNovaShadowed-Outln	Gill Sans Nova Shadowed	Outline	Version 1.00	1.000	400	5	0		602	0	0		1	141	75	136	liga,salt,aalt,locl,ss01	kern	ttf	glyf	131596	no	Geoge Ryan/Eric Gill	Monotype Imaging Inc.	MONO	http://www.monotype.com	
/Users/bardiasamiee/Library/Application Support/design-tools/fonts/owned/Gill-Sans-Nova/GillSansNova-Bold.ttf	0	Gill Sans Nova Book	Bold	Gill Sans Nova Bold	GillSansNova-Bold	Gill Sans Nova	Bold	Version 1.00	1.000	700	5	0		1100	0	0		1	145	75	136	liga,smcp,c2sc,onum,lnum,tnum,pnum,frac,sups,subs,case,ordn,aalt,locl,numr,dnom,ss01,ss02,ss03	kern	ttf	glyf	168504	no	Geoge Ryan/Eric Gill	Monotype Imaging Inc.	MONO	http://www.monotype.com	
/Users/bardiasamiee/Library/Application Support/design-tools/fonts/owned/Gill-Sans-Nova/GillSansNova-BoldItalic.ttf	0	Gill Sans Nova Book	Bold Italic	Gill Sans Nova Bold Italic	GillSansNova-BoldItalic	Gill Sans Nova	Bold Italic	Version 1.00	1.000	700	5	1		1167	0	0		1	145	75	136	liga,smcp,c2sc,onum,lnum,tnum,pnum,swsh,frac,sups,subs,case,ordn,aalt,locl,numr,dnom,ss01,ss02,ss03	kern	ttf	glyf	181348	no	Geoge Ryan/Eric Gill	Monotype Imaging Inc.	MONO	http://www.monotype.com	
/Users/bardiasamiee/Library/Application Support/design-tools/fonts/owned/Gill-Sans-Nova/GillSansNova-Book.ttf	0	Gill Sans Nova Book	Regular	Gill Sans Nova Book	GillSansNova-Book	Gill Sans Nova	Book	Version 1.00	1.000	400	5	0		1100	0	0		1	145	75	136	liga,smcp,c2sc,onum,lnum,tnum,pnum,frac,sups,subs,case,ordn,aalt,locl,numr,dnom,ss01,ss02,ss03	kern	ttf	glyf	165432	no	Geoge Ryan/Eric Gill	Monotype Imaging Inc.	MONO	http://www.monotype.com	
/Users/bardiasamiee/Library/Application Support/design-tools/fonts/owned/Gill-Sans-Nova/GillSansNova-BookItalic.ttf	0	Gill Sans Nova Book	Italic	Gill Sans Nova Book Italic	GillSansNova-BookItalic	Gill Sans Nova	Book Italic	Version 1.00	1.000	400	5	1		1167	0	0		1	145	75	136	liga,smcp,c2sc,onum,lnum,tnum,pnum,swsh,frac,sups,subs,case,ordn,aalt,locl,numr,dnom,ss01,ss02,ss03	kern	ttf	glyf	178700	no	Geoge Ryan/Eric Gill	Monotype Imaging Inc.	MONO	http://www.monotype.com	
/Users/bardiasamiee/Library/Application Support/design-tools/fonts/owned/Gill-Sans-Nova/GillSansNova-CnBold.ttf	0	Gill Sans Nova Cn Book	Bold	Gill Sans Nova Cn Bold	GillSansNova-CnBold	Gill Sans Nova	Condensed Bold	Version 1.00	1.000	700	3	0		1113	0	0		1	145	75	136	liga,smcp,c2sc,onum,lnum,tnum,pnum,frac,sups,subs,case,ordn,aalt,locl,numr,dnom,ss01,ss02	kern	ttf	glyf	166348	no	Geoge Ryan/Eric Gill	Monotype Imaging Inc.	MONO	http://www.monotype.com	
/Users/bardiasamiee/Library/Application Support/design-tools/fonts/owned/Gill-Sans-Nova/GillSansNova-CnBoldIt.ttf	0	Gill Sans Nova Cn Book	Bold Italic	Gill Sans Nova Cn Bold It	GillSansNova-CnBoldIt	Gill Sans Nova	Condensed Bold Italic	Version 1.00	1.000	700	3	1		1158	0	0		1	145	75	136	liga,smcp,c2sc,onum,lnum,tnum,pnum,frac,sups,subs,case,ordn,aalt,locl,numr,dnom,ss01,ss02,ss03,ss04	kern	ttf	glyf	172808	no	Geoge Ryan/Eric Gill	Monotype Imaging Inc.	MONO	http://www.monotype.com	
/Users/bardiasamiee/Library/Application Support/design-tools/fonts/owned/Gill-Sans-Nova/GillSansNova-CnBook.ttf	0	Gill Sans Nova Cn Book	Regular	Gill Sans Nova Cn Book	GillSansNova-CnBook	Gill Sans Nova	Condensed Book	Version 1.00	1.000	400	3	0		1108	0	0		1	145	75	136	liga,smcp,c2sc,onum,lnum,tnum,pnum,frac,sups,subs,case,ordn,aalt,locl,numr,dnom,ss01,ss02	kern	ttf	glyf	163080	no	Geoge Ryan/Eric Gill	Monotype Imaging Inc.	MONO	http://www.monotype.com	
/Users/bardiasamiee/Library/Application Support/design-tools/fonts/owned/Gill-Sans-Nova/GillSansNova-CnBookIt.ttf	0	Gill Sans Nova Cn Book	Italic	Gill Sans Nova Cn Book It	GillSansNova-CnBookIt	Gill Sans Nova	Condensed Book Italic	Version 1.00	1.000	400	3	1		1153	0	0		1	145	75	136	liga,smcp,c2sc,onum,lnum,tnum,pnum,frac,sups,subs,case,ordn,aalt,locl,numr,dnom,ss01,ss02,ss03,ss04	kern	ttf	glyf	175540	no	Geoge Ryan/Eric Gill	Monotype Imaging Inc.	MONO	http://www.monotype.com	
/Users/bardiasamiee/Library/Application Support/design-tools/fonts/owned/Gill-Sans-Nova/GillSansNova-CnExtraBold.ttf	0	Gill Sans Nova Cn ExtraBold	Regular	Gill Sans Nova Cn ExtraBold	GillSansNova-CnExtraBold	Gill Sans Nova	Condensed ExtraBold	Version 1.00	1.000	900	3	0		1114	0	0		1	145	75	136	liga,smcp,c2sc,onum,lnum,tnum,pnum,frac,sups,subs,case,ordn,aalt,locl,numr,dnom,ss01,ss02	kern	ttf	glyf	171488	no	Geoge Ryan/Eric Gill	Monotype Imaging Inc.	MONO	http://www.monotype.com	
/Users/bardiasamiee/Library/Application Support/design-tools/fonts/owned/Gill-Sans-Nova/GillSansNova-CnHeavy.ttf	0	Gill Sans Nova Cn Heavy	Regular	Gill Sans Nova Cn Heavy	GillSansNova-CnHeavy	Gill Sans Nova	Condensed Heavy	Version 1.00	1.000	800	3	0		1113	0	0		1	145	75	136	liga,smcp,c2sc,onum,lnum,tnum,pnum,frac,sups,subs,case,ordn,aalt,locl,numr,dnom,ss01,ss02	kern	ttf	glyf	171284	no	Geoge Ryan/Eric Gill	Monotype Imaging Inc.	MONO	http://www.monotype.com	
/Users/bardiasamiee/Library/Application Support/design-tools/fonts/owned/Gill-Sans-Nova/GillSansNova-CnHeavyIt.ttf	0	Gill Sans Nova Cn Heavy	Italic	Gill Sans Nova Cn Heavy It	GillSansNova-CnHeavyIt	Gill Sans Nova	Condensed Heavy Italic	Version 1.00	1.000	800	3	1		1158	0	0		1	145	75	136	liga,smcp,c2sc,onum,lnum,tnum,pnum,frac,sups,subs,case,ordn,aalt,locl,numr,dnom,ss01,ss02,ss03,ss04	kern	ttf	glyf	172344	no	Geoge Ryan/Eric Gill	Monotype Imaging Inc.	MONO	http://www.monotype.com	
/Users/bardiasamiee/Library/Application Support/design-tools/fonts/owned/Gill-Sans-Nova/GillSansNova-CnLight.ttf	0	Gill Sans Nova Cn Light	Regular	Gill Sans Nova Cn Light	GillSansNova-CnLight	Gill Sans Nova	Condensed Light	Version 1.00	1.000	300	3	0		1108	0	0		1	145	75	136	liga,smcp,c2sc,onum,lnum,tnum,pnum,frac,sups,subs,case,ordn,aalt,locl,numr,dnom,ss01,ss02	kern	ttf	glyf	160528	no	Geoge Ryan/Eric Gill	Monotype Imaging Inc.	MONO	http://www.monotype.com	
/Users/bardiasamiee/Library/Application Support/design-tools/fonts/owned/Gill-Sans-Nova/GillSansNova-CnLightIt.ttf	0	Gill Sans Nova Cn Light	Italic	Gill Sans Nova Cn Light It	GillSansNova-CnLightIt	Gill Sans Nova	Condensed Light Italic	Version 1.00	1.000	300	3	1		1154	0	0		1	145	75	136	liga,smcp,c2sc,onum,lnum,tnum,pnum,frac,sups,subs,case,ordn,aalt,locl,numr,dnom,ss01,ss02,ss03,ss04	kern	ttf	glyf	170960	no	Geoge Ryan/Eric Gill	Monotype Imaging Inc.	MONO	http://www.monotype.com	
/Users/bardiasamiee/Library/Application Support/design-tools/fonts/owned/Gill-Sans-Nova/GillSansNova-CnMedium.ttf	0	Gill Sans Nova Cn Medium	Regular	Gill Sans Nova Cn Medium	GillSansNova-CnMedium	Gill Sans Nova	Condensed Medium	Version 1.00	1.000	500	3	0		1113	0	0		1	145	75	136	liga,smcp,c2sc,onum,lnum,tnum,pnum,frac,sups,subs,case,ordn,aalt,locl,numr,dnom,ss01,ss02	kern	ttf	glyf	164308	no	Geoge Ryan/Eric Gill	Monotype Imaging Inc.	MONO	http://www.monotype.com	
/Users/bardiasamiee/Library/Application Support/design-tools/fonts/owned/Gill-Sans-Nova/GillSansNova-CnMediumIt.ttf	0	Gill Sans Nova Cn Medium	Italic	Gill Sans Nova Cn Medium It	GillSansNova-CnMediumIt	Gill Sans Nova	Condensed Medium Italic	Version 1.00	1.000	500	3	1		1158	0	0		1	145	75	136	liga,smcp,c2sc,onum,lnum,tnum,pnum,frac,sups,subs,case,ordn,aalt,locl,numr,dnom,ss01,ss02,ss03,ss04	kern	ttf	glyf	171584	no	Geoge Ryan/Eric Gill	Monotype Imaging Inc.	MONO	http://www.monotype.com	
/Users/bardiasamiee/Library/Application Support/design-tools/fonts/owned/Gill-Sans-Nova/GillSansNova-CnSemiBold.ttf	0	Gill Sans Nova Cn SemiBold	Regular	Gill Sans Nova Cn SemiBold	GillSansNova-CnSemiBold	Gill Sans Nova	Condensed SemiBold	Version 1.00	1.000	600	3	0		1113	0	0		1	145	75	136	liga,smcp,c2sc,onum,lnum,tnum,pnum,frac,sups,subs,case,ordn,aalt,locl,numr,dnom,ss01,ss02	kern	ttf	glyf	165964	no	Geoge Ryan/Eric Gill	Monotype Imaging Inc.	MONO	http://www.monotype.com	
/Users/bardiasamiee/Library/Application Support/design-tools/fonts/owned/Gill-Sans-Nova/GillSansNova-CnSemiBoldIt.ttf	0	Gill Sans Nova Cn SemiBold	Italic	Gill Sans Nova Cn SemiBold It	GillSansNova-CnSemiBoldIt	Gill Sans Nova	Condensed SemiBold Italic	Version 1.00	1.000	600	3	1		1158	0	0		1	145	75	136	liga,smcp,c2sc,onum,lnum,tnum,pnum,frac,sups,subs,case,ordn,aalt,locl,numr,dnom,ss01,ss02,ss03,ss04	kern	ttf	glyf	174040	no	Geoge Ryan/Eric Gill	Monotype Imaging Inc.	MONO	http://www.monotype.com	
/Users/bardiasamiee/Library/Application Support/design-tools/fonts/owned/Gill-Sans-Nova/GillSansNova-CnUltraBold.ttf	0	Gill Sans Nova Cn UltraBold	Regular	Gill Sans Nova Cn UltraBold	GillSansNova-CnUltraBold	Gill Sans Nova	Condensed UltraBold	Version 1.00	1.000	1000	3	0		1006	0	0		1	145	75	136	liga,smcp,c2sc,onum,lnum,tnum,pnum,salt,frac,sups,subs,case,ordn,aalt,locl,numr,dnom,ss01	kern	ttf	glyf	149632	no	Geoge Ryan/Eric Gill	Monotype Imaging Inc.	MONO	http://www.monotype.com	
/Users/bardiasamiee/Library/Application Support/design-tools/fonts/owned/Gill-Sans-Nova/GillSansNova-CnUltraLight.ttf	0	Gill Sans Nova Cn UltraLight	Regular	Gill Sans Nova Cn UltraLight	GillSansNova-CnUltraLight	Gill Sans Nova	Condensed UltraLight	Version 1.00	1.000	250	3	0		1108	0	0		1	145	75	136	liga,smcp,c2sc,onum,lnum,tnum,pnum,frac,sups,subs,case,ordn,aalt,locl,numr,dnom,ss01,ss02	kern	ttf	glyf	159596	no	Geoge Ryan/Eric Gill	Monotype Imaging Inc.	MONO	http://www.monotype.com	
/Users/bardiasamiee/Library/Application Support/design-tools/fonts/owned/Gill-Sans-Nova/GillSansNova-CnUltraLightIt.ttf	0	Gill Sans Nova Cn UltraLight	Italic	Gill Sans Nova Cn UltraLight It	GillSansNova-CnUltraLightIt	Gill Sans Nova	Condensed UltraLight Italic	Version 1.00	1.000	250	3	1		1154	0	0		1	145	75	136	liga,smcp,c2sc,onum,lnum,tnum,pnum,frac,sups,subs,case,ordn,aalt,locl,numr,dnom,ss01,ss02,ss03,ss04	kern	ttf	glyf	171632	no	Geoge Ryan/Eric Gill	Monotype Imaging Inc.	MONO	http://www.monotype.com	
/Users/bardiasamiee/Library/Application Support/design-tools/fonts/owned/Gill-Sans-Nova/GillSansNova-ExtraBold.ttf	0	Gill Sans Nova ExtraBold	Regular	Gill Sans Nova ExtraBold	GillSansNova-ExtraBold	Gill Sans Nova	ExtraBold	Version 1.00	1.000	900	5	0		1101	0	0		1	145	75	136	liga,smcp,c2sc,onum,lnum,tnum,pnum,frac,sups,subs,case,ordn,aalt,locl,numr,dnom,ss01,ss02,ss03	kern	ttf	glyf	166036	no	Geoge Ryan/Eric Gill	Monotype Imaging Inc.	MONO	http://www.monotype.com	
/Users/bardiasamiee/Library/Application Support/design-tools/fonts/owned/Gill-Sans-Nova/GillSansNova-ExtraCondBold.ttf	0	Gill Sans Nova ExtraCond Bold	Regular	Gill Sans Nova ExtraCond Bold	GillSansNova-ExtraCondBold	Gill Sans Nova	ExtraCondensed Bold	Version 1.00	1.000	700	2	0		1014	0	0		1	145	75	136	liga,smcp,c2sc,onum,lnum,tnum,pnum,salt,frac,sups,subs,case,ordn,aalt,locl,numr,dnom	kern	ttf	glyf	163752	no	Geoge Ryan/Eric Gill	Monotype Imaging Inc.	MONO	http://www.monotype.com	
/Users/bardiasamiee/Library/Application Support/design-tools/fonts/owned/Gill-Sans-Nova/GillSansNova-Heavy.ttf	0	Gill Sans Nova Heavy	Regular	Gill Sans Nova Heavy	GillSansNova-Heavy	Gill Sans Nova	Heavy	Version 1.00	1.000	800	5	0		1100	0	0		1	145	75	136	liga,smcp,c2sc,onum,lnum,tnum,pnum,frac,sups,subs,case,ordn,aalt,locl,numr,dnom,ss01,ss02,ss03	kern	ttf	glyf	168888	no	Geoge Ryan/Eric Gill	Monotype Imaging Inc.	MONO	http://www.monotype.com	
/Users/bardiasamiee/Library/Application Support/design-tools/fonts/owned/Gill-Sans-Nova/GillSansNova-HeavyItalic.ttf	0	Gill Sans Nova Heavy	Italic	Gill Sans Nova Heavy Italic	GillSansNova-HeavyItalic	Gill Sans Nova	Heavy Italic	Version 1.00	1.000	800	5	1		1167	0	0		1	145	75	136	liga,smcp,c2sc,onum,lnum,tnum,pnum,swsh,frac,sups,subs,case,ordn,aalt,locl,numr,dnom,ss01,ss02,ss03	kern	ttf	glyf	183812	no	Geoge Ryan/Eric Gill	Monotype Imaging Inc.	MONO	http://www.monotype.com	
/Users/bardiasamiee/Library/Application Support/design-tools/fonts/owned/Gill-Sans-Nova/GillSansNova-Light.ttf	0	Gill Sans Nova Light	Regular	Gill Sans Nova Light	GillSansNova-Light	Gill Sans Nova	Light	Version 1.00	1.000	300	5	0		1100	0	0		1	145	75	136	liga,smcp,c2sc,onum,lnum,tnum,pnum,frac,sups,subs,case,ordn,aalt,locl,numr,dnom,ss01,ss02,ss03	kern	ttf	glyf	176960	no	Geoge Ryan/Eric Gill	Monotype Imaging Inc.	MONO	http://www.monotype.com	
/Users/bardiasamiee/Library/Application Support/design-tools/fonts/owned/Gill-Sans-Nova/GillSansNova-LightItalic.ttf	0	Gill Sans Nova Light	Italic	Gill Sans Nova Light Italic	GillSansNova-LightItalic	Gill Sans Nova	Light Italic	Version 1.00	1.000	300	5	1		1167	0	0		1	145	75	136	liga,smcp,c2sc,onum,lnum,tnum,pnum,swsh,frac,sups,subs,case,ordn,aalt,locl,numr,dnom,ss01,ss02,ss03	kern	ttf	glyf	185728	no	Geoge Ryan/Eric Gill	Monotype Imaging Inc.	MONO	http://www.monotype.com	
/Users/bardiasamiee/Library/Application Support/design-tools/fonts/owned/Gill-Sans-Nova/GillSansNova-Medium.ttf	0	Gill Sans Nova Medium	Regular	Gill Sans Nova Medium	GillSansNova-Medium	Gill Sans Nova	Medium	Version 1.00	1.000	500	5	0		1100	0	0		1	145	75	136	liga,smcp,c2sc,onum,lnum,tnum,pnum,frac,sups,subs,case,ordn,aalt,locl,numr,dnom,ss01,ss02,ss03	kern	ttf	glyf	161660	no	Geoge Ryan/Eric Gill	Monotype Imaging Inc.	MONO	http://www.monotype.com	
/Users/bardiasamiee/Library/Application Support/design-tools/fonts/owned/Gill-Sans-Nova/GillSansNova-MediumItalic.ttf	0	Gill Sans Nova Medium	Italic	Gill Sans Nova Medium Italic	GillSansNova-MediumItalic	Gill Sans Nova	Medium Italic	Version 1.00	1.000	500	5	1		1167	0	0		1	145	75	136	liga,smcp,c2sc,onum,lnum,tnum,pnum,swsh,frac,sups,subs,case,ordn,aalt,locl,numr,dnom,ss01,ss02,ss03	kern	ttf	glyf	181504	no	Geoge Ryan/Eric Gill	Monotype Imaging Inc.	MONO	http://www.monotype.com	
/Users/bardiasamiee/Library/Application Support/design-tools/fonts/owned/Gill-Sans-Nova/GillSansNova-SemiBold.ttf	0	Gill Sans Nova SemiBold	Regular	Gill Sans Nova SemiBold	GillSansNova-SemiBold	Gill Sans Nova	SemiBold	Version 1.00	1.000	600	5	0		1100	0	0		1	145	75	136	liga,smcp,c2sc,onum,lnum,tnum,pnum,frac,sups,subs,case,ordn,aalt,locl,numr,dnom,ss01,ss02,ss03	kern	ttf	glyf	163204	no	Geoge Ryan/Eric Gill	Monotype Imaging Inc.	MONO	http://www.monotype.com	
/Users/bardiasamiee/Library/Application Support/design-tools/fonts/owned/Gill-Sans-Nova/GillSansNova-SemiBoldItalic.ttf	0	Gill Sans Nova SemiBold	Italic	Gill Sans Nova SemiBold Italic	GillSansNova-SemiBoldItalic	Gill Sans Nova	SemiBold Italic	Version 1.00	1.000	600	5	1		1167	0	0		1	145	75	136	liga,smcp,c2sc,onum,lnum,tnum,pnum,swsh,frac,sups,subs,case,ordn,aalt,locl,numr,dnom,ss01,ss02,ss03	kern	ttf	glyf	179168	no	Geoge Ryan/Eric Gill	Monotype Imaging Inc.	MONO	http://www.monotype.com	
/Users/bardiasamiee/Library/Application Support/design-tools/fonts/owned/Gill-Sans-Nova/GillSansNova-UltraBold.ttf	0	Gill Sans Nova UltraBold	Regular	Gill Sans Nova UltraBold	GillSansNova-UltraBold	Gill Sans Nova	UltraBold	Version 1.00	1.000	1000	5	0		1006	0	0		1	145	75	136	liga,smcp,c2sc,onum,lnum,tnum,pnum,salt,frac,sups,subs,case,ordn,aalt,locl,numr,dnom,ss01	kern	ttf	glyf	155628	no	Geoge Ryan/Eric Gill	Monotype Imaging Inc.	MONO	http://www.monotype.com	
/Users/bardiasamiee/Library/Application Support/design-tools/fonts/owned/Gill-Sans-Nova/GillSansNova-UltraLight.ttf	0	Gill Sans Nova UltraLight	Regular	Gill Sans Nova UltraLight	GillSansNova-UltraLight	Gill Sans Nova	UltraLight	Version 1.00	1.000	250	5	0		1100	0	0		1	145	75	136	liga,smcp,c2sc,onum,lnum,tnum,pnum,frac,sups,subs,case,ordn,aalt,locl,numr,dnom,ss01,ss02,ss03	kern	ttf	glyf	167832	no	Geoge Ryan/Eric Gill	Monotype Imaging Inc.	MONO	http://www.monotype.com	
/Users/bardiasamiee/Library/Application Support/design-tools/fonts/owned/Gill-Sans-Nova/GillSansNova-UltraLightIt.ttf	0	Gill Sans Nova UltraLight	Italic	Gill Sans Nova UltraLight It	GillSansNova-UltraLightIt	Gill Sans Nova	UltraLight Italic	Version 1.00	1.000	250	5	1		1167	0	0		1	145	75	136	liga,smcp,c2sc,onum,lnum,tnum,pnum,swsh,frac,sups,subs,case,ordn,aalt,locl,numr,dnom,ss01,ss02,ss03	kern	ttf	glyf	172080	no	Geoge Ryan/Eric Gill	Monotype Imaging Inc.	MONO	http://www.monotype.com	
/Users/bardiasamiee/Library/Application Support/design-tools/fonts/owned/Gilroy/Gilroy-ExtraBold.otf	0	Gilroy ExtraBold	Regular	Gilroy-ExtraBold	Gilroy-ExtraBold	Gilroy	ExtraBold	Version 1.000;PS 001.000;hotconv 1.0.88;makeotf.lib2.5.64775	1.000	800	5	0		554	0	0		0	104	3	94	liga,dlig,tnum,pnum,salt,frac,sups,ordn,aalt,locl,numr,dnom,ccmp,ss01	kern,mark	otf	CFF	54956	no	Radomir Tinkov	Radomir Tinkov	UKWN		
/Users/bardiasamiee/Library/Application Support/design-tools/fonts/owned/Gilroy/Gilroy-Light.otf	0	Gilroy Light	Regular	Gilroy-Light	Gilroy-Light	Gilroy	Light	Version 1.000;PS 001.000;hotconv 1.0.88;makeotf.lib2.5.64775	1.000	300	5	0		554	0	0		0	104	3	94	liga,dlig,tnum,pnum,salt,frac,sups,ordn,aalt,locl,numr,dnom,ccmp,ss01	kern,mark	otf	CFF	54704	no	Radomir Tinkov	Radomir Tinkov	UKWN		
/Users/bardiasamiee/Library/Application Support/design-tools/fonts/owned/Gotham/Gotham-Black.ttf	0	Gotham Black	Regular	Gotham-Black	Gotham-Black	Gotham	Black	Version 3.301	3.301	900	5	0		773	0	0		0	117	72	170	liga,calt,tnum,pnum,salt,frac,sups,subs,aalt,locl,numr,dnom,ss01,ss02,ss03,ss04,ss05,ss06,ss07	kern	ttf	glyf	119776	no	Hoefler & Co.	Hoefler & Co.	H&Co	http://www.typography.com/webfont-software	
/Users/bardiasamiee/Library/Application Support/design-tools/fonts/owned/Gotham/Gotham-BlackItalic.ttf	0	Gotham Black	Italic	Gotham-BlackItalic	Gotham-BlackItalic	Gotham	Black Italic	Version 3.301	3.301	900	5	1		773	0	0		0	117	72	170	liga,calt,tnum,pnum,salt,frac,sups,subs,aalt,locl,numr,dnom,ss01,ss02,ss03,ss04,ss05,ss06,ss07	kern	ttf	glyf	129108	no	Hoefler & Co.	Hoefler & Co.	H&Co	http://www.typography.com/webfont-software	
/Users/bardiasamiee/Library/Application Support/design-tools/fonts/owned/Gotham/Gotham-Bold.ttf	0	Gotham	Bold	Gotham-Bold	Gotham-Bold	Gotham	Bold	Version 3.301	3.301	700	5	0		773	0	0		0	117	72	170	liga,calt,tnum,pnum,salt,frac,sups,subs,aalt,locl,numr,dnom,ss01,ss02,ss03,ss04,ss05,ss06,ss07	kern	ttf	glyf	117576	no	Hoefler & Co.	Hoefler & Co.	H&Co	http://www.typography.com/webfont-software	
/Users/bardiasamiee/Library/Application Support/design-tools/fonts/owned/Gotham/Gotham-BoldItalic.ttf	0	Gotham	Bold Italic	Gotham-BoldItalic	Gotham-BoldItalic	Gotham	Bold Italic	Version 3.301	3.301	700	5	1		773	0	0		0	117	72	170	liga,calt,tnum,pnum,salt,frac,sups,subs,aalt,locl,numr,dnom,ss01,ss02,ss03,ss04,ss05,ss06,ss07	kern	ttf	glyf	124440	no	Hoefler & Co.	Hoefler & Co.	H&Co	http://www.typography.com/webfont-software	
/Users/bardiasamiee/Library/Application Support/design-tools/fonts/owned/Gotham/Gotham-Book.ttf	0	Gotham	Regular	Gotham-Book	Gotham-Book	Gotham	Book	Version 3.301	3.301	400	5	0		773	0	0		0	117	72	170	liga,calt,tnum,pnum,salt,frac,sups,subs,aalt,locl,numr,dnom,ss01,ss02,ss03,ss04,ss05,ss06,ss07	kern	ttf	glyf	119892	no	Hoefler & Co.	Hoefler & Co.	H&Co	http://www.typography.com/webfont-software	
/Users/bardiasamiee/Library/Application Support/design-tools/fonts/owned/Gotham/Gotham-BookItalic.ttf	0	Gotham	Italic	Gotham-BookItalic	Gotham-BookItalic	Gotham	Book Italic	Version 3.301	3.301	400	5	1		773	0	0		0	117	72	170	liga,calt,tnum,pnum,salt,frac,sups,subs,aalt,locl,numr,dnom,ss01,ss02,ss03,ss04,ss05,ss06,ss07	kern	ttf	glyf	127440	no	Hoefler & Co.	Hoefler & Co.	H&Co	http://www.typography.com/webfont-software	
/Users/bardiasamiee/Library/Application Support/design-tools/fonts/owned/Gotham/Gotham-Light.ttf	0	Gotham Light	Regular	Gotham-Light	Gotham-Light	Gotham	Light	Version 3.301	3.301	300	5	0		773	0	0		0	117	72	170	liga,calt,tnum,pnum,salt,frac,sups,subs,aalt,locl,numr,dnom,ss01,ss02,ss03,ss04,ss05,ss06,ss07	kern	ttf	glyf	119228	no	Hoefler & Co.	Hoefler & Co.	H&Co	http://www.typography.com/webfont-software	
/Users/bardiasamiee/Library/Application Support/design-tools/fonts/owned/Gotham/Gotham-LightItalic.ttf	0	Gotham Light	Italic	Gotham-LightItalic	Gotham-LightItalic	Gotham	Light Italic	Version 3.301	3.301	300	5	1		773	0	0		0	117	72	170	liga,calt,tnum,pnum,salt,frac,sups,subs,aalt,locl,numr,dnom,ss01,ss02,ss03,ss04,ss05,ss06,ss07	kern	ttf	glyf	126268	no	Hoefler & Co.	Hoefler & Co.	H&Co	http://www.typography.com/webfont-software	
/Users/bardiasamiee/Library/Application Support/design-tools/fonts/owned/Gotham/Gotham-Medium.ttf	0	Gotham Medium	Regular	Gotham-Medium	Gotham-Medium	Gotham	Medium	Version 3.301	3.301	500	5	0		773	0	0		0	117	72	170	liga,calt,tnum,pnum,salt,frac,sups,subs,aalt,locl,numr,dnom,ss01,ss02,ss03,ss04,ss05,ss06,ss07	kern	ttf	glyf	119512	no	Hoefler & Co.	Hoefler & Co.	H&Co	http://www.typography.com/webfont-software	
/Users/bardiasamiee/Library/Application Support/design-tools/fonts/owned/Gotham/Gotham-MediumItalic.ttf	0	Gotham Medium	Italic	Gotham-MediumItalic	Gotham-MediumItalic	Gotham	Medium Italic	Version 3.301	3.301	500	5	1		773	0	0		0	117	72	170	liga,calt,tnum,pnum,salt,frac,sups,subs,aalt,locl,numr,dnom,ss01,ss02,ss03,ss04,ss05,ss06,ss07	kern	ttf	glyf	127020	no	Hoefler & Co.	Hoefler & Co.	H&Co	http://www.typography.com/webfont-software	
/Users/bardiasamiee/Library/Application Support/design-tools/fonts/owned/Gotham/Gotham-Thin.ttf	0	Gotham Thin	Regular	Gotham-Thin	Gotham-Thin	Gotham	Thin	Version 3.301	3.301	250	5	0		773	0	0		0	117	72	170	liga,calt,tnum,pnum,salt,frac,sups,subs,aalt,locl,numr,dnom,ss01,ss02,ss03,ss04,ss05,ss06,ss07	kern	ttf	glyf	120448	no	Hoefler & Co.	Hoefler & Co.	H&Co	http://www.typography.com/webfont-software	
/Users/bardiasamiee/Library/Application Support/design-tools/fonts/owned/Gotham/Gotham-ThinItalic.ttf	0	Gotham Thin	Italic	Gotham-ThinItalic	Gotham-ThinItalic	Gotham	Thin Italic	Version 3.301	3.301	250	5	1		773	0	0		0	117	72	170	liga,calt,tnum,pnum,salt,frac,sups,subs,aalt,locl,numr,dnom,ss01,ss02,ss03,ss04,ss05,ss06,ss07	kern	ttf	glyf	128536	no	Hoefler & Co.	Hoefler & Co.	H&Co	http://www.typography.com/webfont-software	
/Users/bardiasamiee/Library/Application Support/design-tools/fonts/owned/Gotham/Gotham-Ultra.ttf	0	Gotham Ultra	Regular	Gotham-Ultra	Gotham-Ultra	Gotham	Ultra	Version 3.301	3.301	1000	5	0		773	0	0		0	117	72	170	liga,calt,tnum,pnum,salt,frac,sups,subs,aalt,locl,numr,dnom,ss01,ss02,ss03,ss04,ss05,ss06,ss07	kern	ttf	glyf	117504	no	Hoefler & Co.	Hoefler & Co.	H&Co	http://www.typography.com/webfont-software	
/Users/bardiasamiee/Library/Application Support/design-tools/fonts/owned/Gotham/Gotham-UltraItalic.ttf	0	Gotham Ultra	Italic	Gotham-UltraItalic	Gotham-UltraItalic	Gotham	Ultra Italic	Version 3.301	3.301	1000	5	1		773	0	0		0	117	72	170	liga,calt,tnum,pnum,salt,frac,sups,subs,aalt,locl,numr,dnom,ss01,ss02,ss03,ss04,ss05,ss06,ss07	kern	ttf	glyf	127352	no	Hoefler & Co.	Hoefler & Co.	H&Co	http://www.typography.com/webfont-software	
/Users/bardiasamiee/Library/Application Support/design-tools/fonts/owned/Gotham/Gotham-XLight.ttf	0	Gotham ExtraLight	Regular	Gotham-XLight	Gotham-XLight	Gotham	ExtraLight	Version 3.301	3.301	275	5	0		773	0	0		0	117	72	170	liga,calt,tnum,pnum,salt,frac,sups,subs,aalt,locl,numr,dnom,ss01,ss02,ss03,ss04,ss05,ss06,ss07	kern	ttf	glyf	121148	no	Hoefler & Co.	Hoefler & Co.	H&Co	http://www.typography.com/webfont-software	
/Users/bardiasamiee/Library/Application Support/design-tools/fonts/owned/Gotham/Gotham-XLightItalic.ttf	0	Gotham ExtraLight	Italic	Gotham-XLightItalic	Gotham-XLightItalic	Gotham	ExtraLight Italic	Version 3.301	3.301	275	5	1		773	0	0		0	117	72	170	liga,calt,tnum,pnum,salt,frac,sups,subs,aalt,locl,numr,dnom,ss01,ss02,ss03,ss04,ss05,ss06,ss07	kern	ttf	glyf	128600	no	Hoefler & Co.	Hoefler & Co.	H&Co	http://www.typography.com/webfont-software	
/Users/bardiasamiee/Library/Application Support/design-tools/fonts/owned/Helvetica/helvetica-compressed-5871d14b6903a.otf	0	Helvetica Compressed	Regular	Helvetica-Compressed	Helvetica-Compressed			001.000	1.000	500	5	0		229	0	0		0	11	0	0		kern	otf	CFF	24240	no					
/Users/bardiasamiee/Library/Application Support/design-tools/fonts/owned/Helvetica/helvetica-rounded-bold-5871d05ead8de.otf	0	Helvetica Rounded	Bold	HelveticaRounded-Bold	HelveticaRounded-Bold			001.000	1.000	700	5	0		229	0	0		0	11	0	0		kern	otf	CFF	31681	no					
/Users/bardiasamiee/Library/Application Support/design-tools/fonts/owned/Inter-Variable/InterVariable-Italic.ttf	0	Inter Variable	Italic	Inter Variable Italic	InterVariableItalic			Version 4.001;git-9221beed3	4.001	400	5	1	opsz[14..14..32];wght[100..400..900]	2901	0	0		1	334	105	248	dlig,calt,tnum,pnum,salt,frac,sups,subs,zero,case,ordn,aalt,locl,numr,dnom,ccmp,ss01,ss02,ss03,ss04,ss05,ss06,ss07,ss08,cv01,cv02,cv03	kern,mark,mkmk	ttf	glyf	910252	no	Rasmus Andersson	rsms	RSMS	http://scripts.sil.org/OFL	
/Users/bardiasamiee/Library/Application Support/design-tools/fonts/owned/Inter-Variable/InterVariable.ttf	0	Inter Variable	Regular	Inter Variable	InterVariable			Version 4.001;git-9221beed3	4.001	400	5	0	opsz[14..14..32];wght[100..400..900]	2937	0	0		1	334	105	248	dlig,calt,tnum,pnum,salt,frac,sups,subs,zero,case,ordn,aalt,locl,numr,dnom,ccmp,ss01,ss02,ss03,ss04,ss05,ss06,ss07,ss08,cv01,cv02,cv03	kern,mark,mkmk	ttf	glyf	879708	no	Rasmus Andersson	rsms	RSMS	http://scripts.sil.org/OFL	
/Users/bardiasamiee/Library/Application Support/design-tools/fonts/owned/Ivar-Display/IvarDisplay-Bold.otf	0	Ivar Display Bold	Regular	Ivar Display Bold	IvarDisplay-Bold	Ivar Display	Bold	Version 1.802;Glyphs 3.1.2 (3151)	1.802	700	5	0		493	0	0		0	104	0	0	liga,calt,smcp,c2sc,onum,lnum,tnum,pnum,frac,sups,subs,case,ordn,aalt,locl,numr,dnom,ccmp,ss01,ss02,ss12	kern,mark,mkmk	otf	CFF	63100	no	Goran Soderstrom	Letters from Sweden	UKWN		
/Users/bardiasamiee/Library/Application Support/design-tools/fonts/owned/Ivar-Display/IvarDisplay-BoldItalic.otf	0	Ivar Display Bold Italic	Regular	Ivar Display Bold Italic	IvarDisplay-BoldItalic	Ivar Display	Bold Italic	Version 1.802;Glyphs 3.1.2 (3151)	1.802	700	5	0		488	0	0		0	104	0	0	liga,calt,smcp,c2sc,onum,lnum,tnum,pnum,frac,sups,subs,case,ordn,aalt,locl,numr,dnom,ccmp,ss01	kern,mark,mkmk	otf	CFF	65340	no	Goran Soderstrom	Letters from Sweden	UKWN		
/Users/bardiasamiee/Library/Application Support/design-tools/fonts/owned/Ivar-Display/IvarDisplay-Italic.otf	0	Ivar Display Italic	Regular	Ivar Display Italic	IvarDisplay-Italic	Ivar Display	Italic	Version 1.802;Glyphs 3.1.2 (3151)	1.802	400	5	0		488	0	0		0	104	0	0	liga,calt,smcp,c2sc,onum,lnum,tnum,pnum,frac,sups,subs,case,ordn,aalt,locl,numr,dnom,ccmp,ss01	kern,mark,mkmk	otf	CFF	61548	no	Goran Soderstrom	Letters from Sweden	UKWN		
/Users/bardiasamiee/Library/Application Support/design-tools/fonts/owned/Ivar-Display/IvarDisplay-Medium.otf	0	Ivar Display Medium	Regular	Ivar Display Medium	IvarDisplay-Medium	Ivar Display	Medium	Version 1.802;Glyphs 3.1.2 (3151)	1.802	500	5	0		493	0	0		0	104	0	0	liga,calt,smcp,c2sc,onum,lnum,tnum,pnum,frac,sups,subs,case,ordn,aalt,locl,numr,dnom,ccmp,ss01,ss02,ss12	kern,mark,mkmk	otf	CFF	62104	no	Goran Soderstrom	Letters from Sweden	UKWN		
/Users/bardiasamiee/Library/Application Support/design-tools/fonts/owned/Ivar-Display/IvarDisplay-MediumItalic.otf	0	Ivar Display Medium Italic	Regular	Ivar Display Medium Italic	IvarDisplay-MediumItalic	Ivar Display	Medium Italic	Version 1.802;Glyphs 3.1.2 (3151)	1.802	500	5	0		488	0	0		0	104	0	0	liga,calt,smcp,c2sc,onum,lnum,tnum,pnum,frac,sups,subs,case,ordn,aalt,locl,numr,dnom,ccmp,ss01	kern,mark,mkmk	otf	CFF	63472	no	Goran Soderstrom	Letters from Sweden	UKWN		
/Users/bardiasamiee/Library/Application Support/design-tools/fonts/owned/Ivar-Display/IvarDisplay-Regular.otf	0	Ivar Display	Regular	Ivar Display Regular	IvarDisplay-Regular	Ivar Display	Regular	Version 1.802;Glyphs 3.1.2 (3151)	1.802	400	5	0		493	0	0		0	104	0	0	liga,calt,smcp,c2sc,onum,lnum,tnum,pnum,frac,sups,subs,case,ordn,aalt,locl,numr,dnom,ccmp,ss01,ss02,ss12	kern,mark,mkmk	otf	CFF	61324	no	Goran Soderstrom	Letters from Sweden	UKWN		
/Users/bardiasamiee/Library/Application Support/design-tools/fonts/owned/Ivar-Display/IvarDisplay-SemiBold.otf	0	Ivar Display SemiBold	Regular	Ivar Display SemiBold	IvarDisplay-SemiBold	Ivar Display	SemiBold	Version 1.802;Glyphs 3.1.2 (3151)	1.802	600	5	0		493	0	0		0	104	0	0	liga,calt,smcp,c2sc,onum,lnum,tnum,pnum,frac,sups,subs,case,ordn,aalt,locl,numr,dnom,ccmp,ss01,ss02,ss12	kern,mark,mkmk	otf	CFF	63312	no	Goran Soderstrom	Letters from Sweden	UKWN		
/Users/bardiasamiee/Library/Application Support/design-tools/fonts/owned/Ivar-Display/IvarDisplay-SemiBoldItalic.otf	0	Ivar Display SemiBold Italic	Regular	Ivar Display SemiBold Italic	IvarDisplay-SemiBoldItalic	Ivar Display	SemiBold Italic	Version 1.802;Glyphs 3.1.2 (3151)	1.802	600	5	0		488	0	0		0	104	0	0	liga,calt,smcp,c2sc,onum,lnum,tnum,pnum,frac,sups,subs,case,ordn,aalt,locl,numr,dnom,ccmp,ss01	kern,mark,mkmk	otf	CFF	64168	no	Goran Soderstrom	Letters from Sweden	UKWN		
/Users/bardiasamiee/Library/Application Support/design-tools/fonts/owned/Ivar-Fine/IvarFine-Bold.otf	0	Ivar Fine Bold	Regular	Ivar Fine Bold	IvarFine-Bold	Ivar Fine	Bold	Version 1.802;Glyphs 3.1.2 (3151)	1.802	700	5	0		493	0	0		0	104	0	0	liga,calt,smcp,c2sc,onum,lnum,tnum,pnum,frac,sups,subs,case,ordn,aalt,locl,numr,dnom,ccmp,ss01,ss02,ss12	kern,mark,mkmk	otf	CFF	66340	no	Goran Soderstrom	Letters from Sweden	UKWN		
/Users/bardiasamiee/Library/Application Support/design-tools/fonts/owned/Ivar-Fine/IvarFine-BoldItalic.otf	0	Ivar Fine Bold Italic	Regular	Ivar Fine Bold Italic	IvarFine-BoldItalic	Ivar Fine	Bold Italic	Version 1.802;Glyphs 3.1.2 (3151)	1.802	700	5	0		488	0	0		0	104	0	0	liga,calt,smcp,c2sc,onum,lnum,tnum,pnum,frac,sups,subs,case,ordn,aalt,locl,numr,dnom,ccmp,ss01	kern,mark,mkmk	otf	CFF	65388	no	Goran Soderstrom	Letters from Sweden	UKWN		
/Users/bardiasamiee/Library/Application Support/design-tools/fonts/owned/Ivar-Fine/IvarFine-Italic.otf	0	Ivar Fine Italic	Regular	Ivar Fine Italic	IvarFine-Italic	Ivar Fine	Italic	Version 1.802;Glyphs 3.1.2 (3151)	1.802	400	5	0		488	0	0		0	104	0	0	liga,calt,smcp,c2sc,onum,lnum,tnum,pnum,frac,sups,subs,case,ordn,aalt,locl,numr,dnom,ccmp,ss01	kern,mark,mkmk	otf	CFF	63060	no	Goran Soderstrom	Letters from Sweden	UKWN		
/Users/bardiasamiee/Library/Application Support/design-tools/fonts/owned/Ivar-Fine/IvarFine-Light.otf	0	Ivar Fine Light	Regular	Ivar Fine Light	IvarFine-Light	Ivar Fine	Light	Version 1.802;Glyphs 3.1.2 (3151)	1.802	300	5	0		493	0	0		0	104	0	0	liga,calt,smcp,c2sc,onum,lnum,tnum,pnum,frac,sups,subs,case,ordn,aalt,locl,numr,dnom,ccmp,ss01,ss02,ss12	kern,mark,mkmk	otf	CFF	63432	no	Goran Soderstrom	Letters from Sweden	UKWN		
/Users/bardiasamiee/Library/Application Support/design-tools/fonts/owned/Ivar-Fine/IvarFine-LightItalic.otf	0	Ivar Fine Light Italic	Regular	Ivar Fine Light Italic	IvarFine-LightItalic	Ivar Fine	Light Italic	Version 1.802;Glyphs 3.1.2 (3151)	1.802	300	5	0		488	0	0		0	104	0	0	liga,calt,smcp,c2sc,onum,lnum,tnum,pnum,frac,sups,subs,case,ordn,aalt,locl,numr,dnom,ccmp,ss01	kern,mark,mkmk	otf	CFF	62400	no	Goran Soderstrom	Letters from Sweden	UKWN		
/Users/bardiasamiee/Library/Application Support/design-tools/fonts/owned/Ivar-Fine/IvarFine-Medium.otf	0	Ivar Fine Medium	Regular	Ivar Fine Medium	IvarFine-Medium	Ivar Fine	Medium	Version 1.802;Glyphs 3.1.2 (3151)	1.802	500	5	0		493	0	0		0	104	0	0	liga,calt,smcp,c2sc,onum,lnum,tnum,pnum,frac,sups,subs,case,ordn,aalt,locl,numr,dnom,ccmp,ss01,ss02,ss12	kern,mark,mkmk	otf	CFF	64476	no	Goran Soderstrom	Letters from Sweden	UKWN		
/Users/bardiasamiee/Library/Application Support/design-tools/fonts/owned/Ivar-Fine/IvarFine-MediumItalic.otf	0	Ivar Fine Medium Italic	Regular	Ivar Fine Medium Italic	IvarFine-MediumItalic	Ivar Fine	Medium Italic	Version 1.802;Glyphs 3.1.2 (3151)	1.802	500	5	0		488	0	0		0	104	0	0	liga,calt,smcp,c2sc,onum,lnum,tnum,pnum,frac,sups,subs,case,ordn,aalt,locl,numr,dnom,ccmp,ss01	kern,mark,mkmk	otf	CFF	63760	no	Goran Soderstrom	Letters from Sweden	UKWN		
/Users/bardiasamiee/Library/Application Support/design-tools/fonts/owned/Ivar-Fine/IvarFine-Regular.otf	0	Ivar Fine	Regular	Ivar Fine Regular	IvarFine-Regular	Ivar Fine	Regular	Version 1.802;Glyphs 3.1.2 (3151)	1.802	400	5	0		493	0	0		0	104	0	0	liga,calt,smcp,c2sc,onum,lnum,tnum,pnum,frac,sups,subs,case,ordn,aalt,locl,numr,dnom,ccmp,ss01,ss02,ss12	kern,mark,mkmk	otf	CFF	64652	no	Goran Soderstrom	Letters from Sweden	UKWN		
/Users/bardiasamiee/Library/Application Support/design-tools/fonts/owned/Ivar-Fine/IvarFine-SemiBold.otf	0	Ivar Fine SemiBold	Regular	Ivar Fine SemiBold	IvarFine-SemiBold	Ivar Fine	SemiBold	Version 1.802;Glyphs 3.1.2 (3151)	1.802	600	5	0		493	0	0		0	104	0	0	liga,calt,smcp,c2sc,onum,lnum,tnum,pnum,frac,sups,subs,case,ordn,aalt,locl,numr,dnom,ccmp,ss01,ss02,ss12	kern,mark,mkmk	otf	CFF	65360	no	Goran Soderstrom	Letters from Sweden	UKWN		
/Users/bardiasamiee/Library/Application Support/design-tools/fonts/owned/Ivar-Fine/IvarFine-SemiBoldItalic.otf	0	Ivar Fine SemiBold Italic	Regular	Ivar Fine SemiBold Italic	IvarFine-SemiBoldItalic	Ivar Fine	SemiBold Italic	Version 1.802;Glyphs 3.1.2 (3151)	1.802	600	5	0		488	0	0		0	104	0	0	liga,calt,smcp,c2sc,onum,lnum,tnum,pnum,frac,sups,subs,case,ordn,aalt,locl,numr,dnom,ccmp,ss01	kern,mark,mkmk	otf	CFF	63576	no	Goran Soderstrom	Letters from Sweden	UKWN		
/Users/bardiasamiee/Library/Application Support/design-tools/fonts/owned/Ivar-Headline/IvarHeadline-Bold.otf	0	Ivar Headline Bold	Regular	Ivar Headline Bold	IvarHeadline-Bold	Ivar Headline	Bold	Version 1.802;Glyphs 3.1.2 (3151)	1.802	700	5	0		493	0	0		0	104	0	0	liga,calt,smcp,c2sc,onum,lnum,tnum,pnum,frac,sups,subs,case,ordn,aalt,locl,numr,dnom,ccmp,ss01,ss02,ss12	kern,mark,mkmk	otf	CFF	63768	no	Goran Soderstrom	Letters from Sweden	UKWN		
/Users/bardiasamiee/Library/Application Support/design-tools/fonts/owned/Ivar-Headline/IvarHeadline-BoldItalic.otf	0	Ivar Headline Bold Italic	Regular	Ivar Headline Bold Italic	IvarHeadline-BoldItalic	Ivar Headline	Bold Italic	Version 1.802;Glyphs 3.1.2 (3151)	1.802	700	5	0		488	0	0		0	104	0	0	liga,calt,smcp,c2sc,onum,lnum,tnum,pnum,frac,sups,subs,case,ordn,aalt,locl,numr,dnom,ccmp,ss01	kern,mark,mkmk	otf	CFF	64628	no	Goran Soderstrom	Letters from Sweden	UKWN		
/Users/bardiasamiee/Library/Application Support/design-tools/fonts/owned/Ivar-Headline/IvarHeadline-Italic.otf	0	Ivar Headline Italic	Regular	Ivar Headline Italic	IvarHeadline-Italic	Ivar Headline	Italic	Version 1.802;Glyphs 3.1.2 (3151)	1.802	400	5	0		488	0	0		0	104	0	0	liga,calt,smcp,c2sc,onum,lnum,tnum,pnum,frac,sups,subs,case,ordn,aalt,locl,numr,dnom,ccmp,ss01	kern,mark,mkmk	otf	CFF	63260	no	Goran Soderstrom	Letters from Sweden	UKWN		
/Users/bardiasamiee/Library/Application Support/design-tools/fonts/owned/Ivar-Headline/IvarHeadline-Medium.otf	0	Ivar Headline Medium	Regular	Ivar Headline Medium	IvarHeadline-Medium	Ivar Headline	Medium	Version 1.802;Glyphs 3.1.2 (3151)	1.802	500	5	0		493	0	0		0	104	0	0	liga,calt,smcp,c2sc,onum,lnum,tnum,pnum,frac,sups,subs,case,ordn,aalt,locl,numr,dnom,ccmp,ss01,ss02,ss12	kern,mark,mkmk	otf	CFF	63672	no	Goran Soderstrom	Letters from Sweden	UKWN		
/Users/bardiasamiee/Library/Application Support/design-tools/fonts/owned/Ivar-Headline/IvarHeadline-MediumItalic.otf	0	Ivar Headline Medium Italic	Regular	Ivar Headline Medium Italic	IvarHeadline-MediumItalic	Ivar Headline	Medium Italic	Version 1.802;Glyphs 3.1.2 (3151)	1.802	500	5	0		488	0	0		0	104	0	0	liga,calt,smcp,c2sc,onum,lnum,tnum,pnum,frac,sups,subs,case,ordn,aalt,locl,numr,dnom,ccmp,ss01	kern,mark,mkmk	otf	CFF	64084	no	Goran Soderstrom	Letters from Sweden	UKWN		
/Users/bardiasamiee/Library/Application Support/design-tools/fonts/owned/Ivar-Headline/IvarHeadline-Regular.otf	0	Ivar Headline	Regular	Ivar Headline Regular	IvarHeadline-Regular	Ivar Headline	Regular	Version 1.802;Glyphs 3.1.2 (3151)	1.802	400	5	0		493	0	0		0	104	0	0	liga,calt,smcp,c2sc,onum,lnum,tnum,pnum,frac,sups,subs,case,ordn,aalt,locl,numr,dnom,ccmp,ss01,ss02,ss12	kern,mark,mkmk	otf	CFF	62788	no	Goran Soderstrom	Letters from Sweden	UKWN		
/Users/bardiasamiee/Library/Application Support/design-tools/fonts/owned/Ivar-Headline/IvarHeadline-SemiBold.otf	0	Ivar Headline SemiBold	Regular	Ivar Headline SemiBold	IvarHeadline-SemiBold	Ivar Headline	SemiBold	Version 1.802;Glyphs 3.1.2 (3151)	1.802	600	5	0		493	0	0		0	104	0	0	liga,calt,smcp,c2sc,onum,lnum,tnum,pnum,frac,sups,subs,case,ordn,aalt,locl,numr,dnom,ccmp,ss01,ss02,ss12	kern,mark,mkmk	otf	CFF	64208	no	Goran Soderstrom	Letters from Sweden	UKWN		
/Users/bardiasamiee/Library/Application Support/design-tools/fonts/owned/Ivar-Headline/IvarHeadline-SemiBoldItalic.otf	0	Ivar Headline SemiBold Italic	Regular	Ivar Headline SemiBold Italic	IvarHeadline-SemiBoldItalic	Ivar Headline	SemiBold Italic	Version 1.802;Glyphs 3.1.2 (3151)	1.802	600	5	0		488	0	0		0	104	0	0	liga,calt,smcp,c2sc,onum,lnum,tnum,pnum,frac,sups,subs,case,ordn,aalt,locl,numr,dnom,ccmp,ss01	kern,mark,mkmk	otf	CFF	63760	no	Goran Soderstrom	Letters from Sweden	UKWN		
/Users/bardiasamiee/Library/Application Support/design-tools/fonts/owned/Ivar-Text/IvarText-Bold.otf	0	Ivar Text Bold	Regular	Ivar Text Bold	IvarText-Bold	Ivar Text	Bold	Version 1.802;Glyphs 3.1.2 (3151)	1.802	700	5	0		614	0	0		0	104	0	0	liga,calt,smcp,c2sc,onum,lnum,tnum,pnum,frac,sups,subs,case,ordn,aalt,locl,numr,dnom,ccmp,ss01,ss02,ss12	kern,mark,mkmk	otf	CFF	80308	no	Goran Soderstrom	Letters from Sweden	UKWN		
/Users/bardiasamiee/Library/Application Support/design-tools/fonts/owned/Ivar-Text/IvarText-BoldItalic.otf	0	Ivar Text Bold Italic	Regular	Ivar Text Bold Italic	IvarText-BoldItalic	Ivar Text	Bold Italic	Version 1.802;Glyphs 3.1.2 (3151)	1.802	700	5	0		608	0	0		0	104	0	0	liga,calt,smcp,c2sc,onum,lnum,tnum,pnum,salt,frac,sups,subs,case,ordn,aalt,locl,numr,dnom,ccmp,ss01	kern,mark,mkmk	otf	CFF	81344	no	Goran Soderstrom	Letters from Sweden	UKWN		
/Users/bardiasamiee/Library/Application Support/design-tools/fonts/owned/Ivar-Text/IvarText-Italic.otf	0	Ivar Text Italic	Regular	Ivar Text Italic	IvarText-Italic	Ivar Text	Italic	Version 1.802;Glyphs 3.1.2 (3151)	1.802	400	5	0		608	0	0		0	104	0	0	liga,calt,smcp,c2sc,onum,lnum,tnum,pnum,salt,frac,sups,subs,case,ordn,aalt,locl,numr,dnom,ccmp,ss01	kern,mark,mkmk	otf	CFF	78620	no	Goran Soderstrom	Letters from Sweden	UKWN		
/Users/bardiasamiee/Library/Application Support/design-tools/fonts/owned/Ivar-Text/IvarText-Medium.otf	0	Ivar Text Medium	Regular	Ivar Text Medium	IvarText-Medium	Ivar Text	Medium	Version 1.802;Glyphs 3.1.2 (3151)	1.802	500	5	0		614	0	0		0	104	0	0	liga,calt,smcp,c2sc,onum,lnum,tnum,pnum,frac,sups,subs,case,ordn,aalt,locl,numr,dnom,ccmp,ss01,ss02,ss12	kern,mark,mkmk	otf	CFF	79680	no	Goran Soderstrom	Letters from Sweden	UKWN		
/Users/bardiasamiee/Library/Application Support/design-tools/fonts/owned/Ivar-Text/IvarText-MediumItalic.otf	0	Ivar Text Medium Italic	Regular	Ivar Text Medium Italic	IvarText-MediumItalic	Ivar Text	Medium Italic	Version 1.802;Glyphs 3.1.2 (3151)	1.802	500	5	0		608	0	0		0	104	0	0	liga,calt,smcp,c2sc,onum,lnum,tnum,pnum,salt,frac,sups,subs,case,ordn,aalt,locl,numr,dnom,ccmp,ss01	kern,mark,mkmk	otf	CFF	79632	no	Goran Soderstrom	Letters from Sweden	UKWN		
/Users/bardiasamiee/Library/Application Support/design-tools/fonts/owned/Ivar-Text/IvarText-Regular.otf	0	Ivar Text	Regular	Ivar Text Regular	IvarText-Regular	Ivar Text	Regular	Version 1.802;Glyphs 3.1.2 (3151)	1.802	400	5	0		614	0	0		0	104	0	0	liga,calt,smcp,c2sc,onum,lnum,tnum,pnum,frac,sups,subs,case,ordn,aalt,locl,numr,dnom,ccmp,ss01,ss02,ss12	kern,mark,mkmk	otf	CFF	78692	no	Goran Soderstrom	Letters from Sweden	UKWN		
/Users/bardiasamiee/Library/Application Support/design-tools/fonts/owned/Ivar-Text/IvarText-SemiBold.otf	0	Ivar Text SemiBold	Regular	Ivar Text SemiBold	IvarText-SemiBold	Ivar Text	SemiBold	Version 1.802;Glyphs 3.1.2 (3151)	1.802	600	5	0		614	0	0		0	104	0	0	liga,calt,smcp,c2sc,onum,lnum,tnum,pnum,frac,sups,subs,case,ordn,aalt,locl,numr,dnom,ccmp,ss01,ss02,ss12	kern,mark,mkmk	otf	CFF	80588	no	Goran Soderstrom	Letters from Sweden	UKWN		
/Users/bardiasamiee/Library/Application Support/design-tools/fonts/owned/Ivar-Text/IvarText-SemiBoldItalic.otf	0	Ivar Text SemiBold Italic	Regular	Ivar Text SemiBold Italic	IvarText-SemiBoldItalic	Ivar Text	SemiBold Italic	Version 1.802;Glyphs 3.1.2 (3151)	1.802	600	5	0		608	0	0		0	104	0	0	liga,calt,smcp,c2sc,onum,lnum,tnum,pnum,salt,frac,sups,subs,case,ordn,aalt,locl,numr,dnom,ccmp,ss01	kern,mark,mkmk	otf	CFF	81496	no	Goran Soderstrom	Letters from Sweden	UKWN		
/Users/bardiasamiee/Library/Application Support/design-tools/fonts/owned/Lato/Lato-Black.ttf	0	Lato Black	Regular	Lato Black	Lato-Black	Lato	Black	Version 3.100; https://www.latofonts.com/	3.100	900	5	0		3055	0	0		1	336	127	255		kern,mark,mkmk	ttf	glyf	683648	no	Lukasz Dziedzic with Adam Twardoch and Botio Nikoltchev	tyPoland Lukasz Dziedzic	tyPL	http://scripts.sil.org/OFL	
/Users/bardiasamiee/Library/Application Support/design-tools/fonts/owned/Lato/Lato-BlackItalic.ttf	0	Lato Black	Italic	Lato Black Italic	Lato-BlackItalic	Lato	Black Italic	Version 3.100; https://www.latofonts.com/	3.100	900	5	1		3053	0	0		1	336	127	255	liga,dlig,calt,onum,lnum,tnum,pnum,salt,frac,sups,subs,case,ordn,aalt,locl,numr,dnom,hist,ccmp,ss01,ss02,ss03,ss04,ss05,ss06,ss07,ss08		ttf	glyf	423172	no	Lukasz Dziedzic with Adam Twardoch and Botio Nikoltchev	tyPoland Lukasz Dziedzic	tyPL	http://scripts.sil.org/OFL	
/Users/bardiasamiee/Library/Application Support/design-tools/fonts/owned/Lato/Lato-Bold.ttf	0	Lato	Bold	Lato Bold	Lato-Bold			Version 3.100; https://www.latofonts.com/	3.100	700	5	0		3055	0	0		1	336	127	255		kern,mark,mkmk	ttf	glyf	722664	no	Lukasz Dziedzic with Adam Twardoch and Botio Nikoltchev	tyPoland Lukasz Dziedzic	tyPL	http://scripts.sil.org/OFL	
/Users/bardiasamiee/Library/Application Support/design-tools/fonts/owned/Lato/Lato-BoldItalic.ttf	0	Lato	Bold Italic	Lato Bold Italic	Lato-BoldItalic			Version 3.100; https://www.latofonts.com/	3.100	700	5	1		3053	0	0		1	336	127	255	liga,dlig,calt,onum,lnum,tnum,pnum,salt,frac,sups,subs,case,ordn,aalt,locl,numr,dnom,hist,ccmp,ss01,ss02,ss03,ss04,ss05,ss06,ss07,ss08		ttf	glyf	422280	no	Lukasz Dziedzic with Adam Twardoch and Botio Nikoltchev	tyPoland Lukasz Dziedzic	tyPL	http://scripts.sil.org/OFL	
/Users/bardiasamiee/Library/Application Support/design-tools/fonts/owned/Lato/Lato-Hairline.ttf	0	Lato Hairline	Regular	Lato Hairline	Lato-Hairline	Lato	Hairline	Version 3.100; https://www.latofonts.com/	3.100	100	5	0		3055	0	0		1	336	127	255		kern,mark,mkmk	ttf	glyf	718264	no	Lukasz Dziedzic with Adam Twardoch and Botio Nikoltchev	tyPoland Lukasz Dziedzic	tyPL	http://scripts.sil.org/OFL	
/Users/bardiasamiee/Library/Application Support/design-tools/fonts/owned/Lato/Lato-HairlineItalic.ttf	0	Lato Hairline	Italic	Lato Hairline Italic	Lato-HairlineItalic	Lato	Hairline Italic	Version 3.100; https://www.latofonts.com/	3.100	100	5	1		3053	0	0		1	336	127	255	liga,dlig,calt,onum,lnum,tnum,pnum,salt,frac,sups,subs,case,ordn,aalt,locl,numr,dnom,hist,ccmp,ss01,ss02,ss03,ss04,ss05,ss06,ss07,ss08		ttf	glyf	408764	no	Lukasz Dziedzic with Adam Twardoch and Botio Nikoltchev	tyPoland Lukasz Dziedzic	tyPL	http://scripts.sil.org/OFL	
/Users/bardiasamiee/Library/Application Support/design-tools/fonts/owned/Lato/Lato-Heavy.ttf	0	Lato Heavy	Regular	Lato Heavy	Lato-Heavy	Lato	Heavy	Version 3.100; https://www.latofonts.com/	3.100	800	5	0		3055	0	0		1	336	127	255		kern,mark,mkmk	ttf	glyf	724520	no	Lukasz Dziedzic with Adam Twardoch and Botio Nikoltchev	tyPoland Lukasz Dziedzic	tyPL	http://scripts.sil.org/OFL	
/Users/bardiasamiee/Library/Application Support/design-tools/fonts/owned/Lato/Lato-HeavyItalic.ttf	0	Lato Heavy	Italic	Lato Heavy Italic	Lato-HeavyItalic	Lato	Heavy Italic	Version 3.100; https://www.latofonts.com/	3.100	800	5	1		3053	0	0		1	336	127	255	liga,dlig,calt,onum,lnum,tnum,pnum,salt,frac,sups,subs,case,ordn,aalt,locl,numr,dnom,hist,ccmp,ss01,ss02,ss03,ss04,ss05,ss06,ss07,ss08		ttf	glyf	423640	no	Lukasz Dziedzic with Adam Twardoch and Botio Nikoltchev	tyPoland Lukasz Dziedzic	tyPL	http://scripts.sil.org/OFL	
/Users/bardiasamiee/Library/Application Support/design-tools/fonts/owned/Lato/Lato-Italic.ttf	0	Lato	Italic	Lato Italic	Lato-Italic			Version 3.100; https://www.latofonts.com/	3.100	400	5	1		3053	0	0		1	336	127	255	liga,dlig,calt,onum,lnum,tnum,pnum,salt,frac,sups,subs,case,ordn,aalt,locl,numr,dnom,hist,ccmp,ss01,ss02,ss03,ss04,ss05,ss06,ss07,ss08		ttf	glyf	417368	no	Lukasz Dziedzic with Adam Twardoch and Botio Nikoltchev	tyPoland Lukasz Dziedzic	tyPL	http://scripts.sil.org/OFL	
/Users/bardiasamiee/Library/Application Support/design-tools/fonts/owned/Lato/Lato-Light.ttf	0	Lato Light	Regular	Lato Light	Lato-Light	Lato	Light	Version 3.100; https://www.latofonts.com/	3.100	300	5	0		3055	0	0		1	336	127	255		kern,mark,mkmk	ttf	glyf	716184	no	Lukasz Dziedzic with Adam Twardoch and Botio Nikoltchev	tyPoland Lukasz Dziedzic	tyPL	http://scripts.sil.org/OFL	
/Users/bardiasamiee/Library/Application Support/design-tools/fonts/owned/Lato/Lato-LightItalic.ttf	0	Lato Light	Italic	Lato Light Italic	Lato-LightItalic	Lato	Light Italic	Version 3.100; https://www.latofonts.com/	3.100	300	5	1		3053	0	0		1	336	127	255	liga,dlig,calt,onum,lnum,tnum,pnum,salt,frac,sups,subs,case,ordn,aalt,locl,numr,dnom,hist,ccmp,ss01,ss02,ss03,ss04,ss05,ss06,ss07,ss08		ttf	glyf	412084	no	Lukasz Dziedzic with Adam Twardoch and Botio Nikoltchev	tyPoland Lukasz Dziedzic	tyPL	http://scripts.sil.org/OFL	
/Users/bardiasamiee/Library/Application Support/design-tools/fonts/owned/Lato/Lato-Medium.ttf	0	Lato Medium	Regular	Lato Medium	Lato-Medium	Lato	Medium	Version 3.100; https://www.latofonts.com/	3.100	500	5	0		3055	0	0		1	336	127	255		kern,mark,mkmk	ttf	glyf	720624	no	Lukasz Dziedzic with Adam Twardoch and Botio Nikoltchev	tyPoland Lukasz Dziedzic	tyPL	http://scripts.sil.org/OFL	
/Users/bardiasamiee/Library/Application Support/design-tools/fonts/owned/Lato/Lato-MediumItalic.ttf	0	Lato Medium	Italic	Lato Medium Italic	Lato-MediumItalic	Lato	Medium Italic	Version 3.100; https://www.latofonts.com/	3.100	500	5	1		3053	0	0		1	336	127	255	liga,dlig,calt,onum,lnum,tnum,pnum,salt,frac,sups,subs,case,ordn,aalt,locl,numr,dnom,hist,ccmp,ss01,ss02,ss03,ss04,ss05,ss06,ss07,ss08		ttf	glyf	417708	no	Lukasz Dziedzic with Adam Twardoch and Botio Nikoltchev	tyPoland Lukasz Dziedzic	tyPL	http://scripts.sil.org/OFL	
/Users/bardiasamiee/Library/Application Support/design-tools/fonts/owned/Lato/Lato-Regular.ttf	0	Lato	Regular	Lato Regular	Lato-Regular			Version 3.100; https://www.latofonts.com/	3.100	400	5	0		3055	0	0		1	336	127	255		kern,mark,mkmk	ttf	glyf	720528	no	Lukasz Dziedzic with Adam Twardoch and Botio Nikoltchev	tyPoland Lukasz Dziedzic	tyPL	http://scripts.sil.org/OFL	
/Users/bardiasamiee/Library/Application Support/design-tools/fonts/owned/Lato/Lato-Semibold.ttf	0	Lato Semibold	Regular	Lato Semibold	Lato-Semibold	Lato	Semibold	Version 3.100; https://www.latofonts.com/	3.100	600	5	0		3055	0	0		1	336	127	255		kern,mark,mkmk	ttf	glyf	721776	no	Lukasz Dziedzic with Adam Twardoch and Botio Nikoltchev	tyPoland Lukasz Dziedzic	tyPL	http://scripts.sil.org/OFL	
/Users/bardiasamiee/Library/Application Support/design-tools/fonts/owned/Lato/Lato-SemiboldItalic.ttf	0	Lato Semibold	Italic	Lato Semibold Italic	Lato-SemiboldItalic	Lato	Semibold Italic	Version 3.100; https://www.latofonts.com/	3.100	600	5	1		3053	0	0		1	336	127	255	liga,dlig,calt,onum,lnum,tnum,pnum,salt,frac,sups,subs,case,ordn,aalt,locl,numr,dnom,hist,ccmp,ss01,ss02,ss03,ss04,ss05,ss06,ss07,ss08		ttf	glyf	418956	no	Lukasz Dziedzic with Adam Twardoch and Botio Nikoltchev	tyPoland Lukasz Dziedzic	tyPL	http://scripts.sil.org/OFL	
/Users/bardiasamiee/Library/Application Support/design-tools/fonts/owned/Lato/Lato-Thin.ttf	0	Lato Thin	Regular	Lato Thin	Lato-Thin	Lato	Thin	Version 3.100; https://www.latofonts.com/	3.100	200	5	0		3055	0	0		1	336	127	255		kern,mark,mkmk	ttf	glyf	728428	no	Lukasz Dziedzic with Adam Twardoch and Botio Nikoltchev	tyPoland Lukasz Dziedzic	tyPL	http://scripts.sil.org/OFL	
/Users/bardiasamiee/Library/Application Support/design-tools/fonts/owned/Lato/Lato-ThinItalic.ttf	0	Lato Thin	Italic	Lato Thin Italic	Lato-ThinItalic	Lato	Thin Italic	Version 3.100; https://www.latofonts.com/	3.100	200	5	1		3053	0	0		1	336	127	255	liga,dlig,calt,onum,lnum,tnum,pnum,salt,frac,sups,subs,case,ordn,aalt,locl,numr,dnom,hist,ccmp,ss01,ss02,ss03,ss04,ss05,ss06,ss07,ss08		ttf	glyf	413064	no	Lukasz Dziedzic with Adam Twardoch and Botio Nikoltchev	tyPoland Lukasz Dziedzic	tyPL	http://scripts.sil.org/OFL	
/Users/bardiasamiee/Library/Application Support/design-tools/fonts/owned/Less/less-light.otf	0	Less	Light	Less Light	LessLight	Less	Light	Version 1.015;Fontself Maker 1.1.1	1.000	500	5	0		87	0	0		0	0	0	0			otf	CFF	20568	no			XXXX		
/Users/bardiasamiee/Library/Application Support/design-tools/fonts/owned/Less/less.otf	0	Less	Regular	Less	LessRegular	Less	Regular	Version 1.020;Fontself Maker 1.1.1	1.000	500	5	0		86	0	0		0	0	0	0			otf	CFF	19408	no			XXXX		
/Users/bardiasamiee/Library/Application Support/design-tools/fonts/owned/Memphis-Bold/Memphis-Bold.ttf	0	Memphis-Bold	Regular	Memphis-Bold	Memphis-Bold				0.000	500	5	0		399	0	0		0	62	12	0			ttf	glyf	57504	no					
/Users/bardiasamiee/Library/Application Support/design-tools/fonts/owned/Memphis-Light/Memphis-Light.ttf	0	Memphis-Light	Regular	Memphis-Light	Memphis-Light				0.000	500	5	0		399	0	0		0	62	12	0			ttf	glyf	57272	no					
/Users/bardiasamiee/Library/Application Support/design-tools/fonts/owned/Memphis-LightItalic/Memphis-LightItalic.ttf	0	Memphis-LightItalic	Regular	Memphis-LightItalic	Memphis-LightItalic				0.000	500	5	0		399	0	0		0	62	12	0			ttf	glyf	57684	no					
/Users/bardiasamiee/Library/Application Support/design-tools/fonts/owned/Memphis-LT-Std/Memphis-Bold-Italic.ttf	0	Memphis LT Std Medium	Bold Italic	MemphisLTStd-BoldItalic	MemphisLTStd-BoldItalic	Memphis LT Std		OTF 1.029;PS 001.002;Core 1.0.33;makeotf.lib1.4.1585	1.029	700	5	1		253	0	0		0	11	3	0	liga,frac,sups,ordn,aalt	kern	ttf	CFF	30720	no	Dr. Rudolf Wolf		ADBE	http://www.adobe.com/type/legal.html	
/Users/bardiasamiee/Library/Application Support/design-tools/fonts/owned/Memphis-LT-Std/Memphis-Medium-Italic.ttf	0	Memphis LT Std Medium	Italic	MemphisLTStd-MediumItalic	MemphisLTStd-MediumItalic	Memphis LT Std	Medium Italic	OTF 1.029;PS 001.002;Core 1.0.33;makeotf.lib1.4.1585	1.029	500	5	1		253	0	0		0	11	3	0	liga,frac,sups,ordn,aalt	kern	ttf	CFF	30396	no	Dr. Rudolf Wolf		ADBE	http://www.adobe.com/type/legal.html	
/Users/bardiasamiee/Library/Application Support/design-tools/fonts/owned/Memphis/Memphis-Extra-Bold.ttf	0	Memphis Extra Bold	Regular	Memphis Extra Bold	Memphis-ExtraBold			1.001; 05-25-93	2.000	800	5	0		258	0	0		0	21	1	0			ttf	glyf	42468	no			LINO		
/Users/bardiasamiee/Library/Application Support/design-tools/fonts/owned/Memphis/Memphis-Medium.ttf	0	Memphis Medium	Regular	Memphis Medium	Memphis-Medium			1.001; 05-25-93	2.000	500	5	0		258	0	0		0	21	1	0			ttf	glyf	43732	no			LINO		
/Users/bardiasamiee/Library/Application Support/design-tools/fonts/owned/Meta-Pro/FFMetaProBlk.TTF	0	Meta Pro Black	Regular	Meta Pro Black	MetaPro-Black	Meta Pro	Black	Version 7.600, build 1027, FoPs, FL 5.04	7.600	900	5	0		1195	0	0		1	155	79	136	liga,dlig,smcp,c2sc,lnum,tnum,pnum,rlig,salt,frac,sups,subs,case,ordn,aalt,locl,numr,dnom,ss02,ss05,ss09,ss10,ss11,ss12	kern	ttf	glyf	268100	no	Erik Spiekermann, greek version by Panos Haratzopoulos	Monotype GmbH	MONO	http://www.monotype.com	
/Users/bardiasamiee/Library/Application Support/design-tools/fonts/owned/Meta-Pro/FFMetaProBlkIt.TTF	0	Meta Pro Black	Italic	Meta Pro Black Italic	MetaPro-BlackItalic	Meta Pro	Black Italic	Version 7.600, build 1027, FoPs, FL 5.04	7.600	900	5	1		1188	0	0		1	155	79	136	liga,dlig,smcp,c2sc,lnum,tnum,pnum,rlig,salt,frac,sups,subs,case,ordn,aalt,locl,numr,dnom,ss05,ss09,ss10,ss12	kern	ttf	glyf	272080	no	Erik Spiekermann, greek version by Panos Haratzopoulos	Monotype GmbH	MONO	http://www.monotype.com	
/Users/bardiasamiee/Library/Application Support/design-tools/fonts/owned/Meta-Pro/FFMetaProBold.TTF	0	Meta Pro	Bold	Meta Pro Bold	MetaPro-Bold	Meta Pro	Bold	Version 7.600, build 1027, FoPs, FL 5.04	7.600	700	5	0		1205	0	0		1	155	79	136	liga,dlig,smcp,c2sc,lnum,tnum,pnum,rlig,salt,frac,sups,subs,case,ordn,aalt,locl,numr,dnom,ss02,ss05,ss07,ss09,ss10,ss11	kern	ttf	glyf	279208	no	Erik Spiekermann, greek version by Panos Haratzopoulos	Monotype GmbH	MONO	http://www.monotype.com	
/Users/bardiasamiee/Library/Application Support/design-tools/fonts/owned/Meta-Pro/FFMetaProBoldIt.TTF	0	Meta Pro	Bold Italic	Meta Pro Bold Italic	MetaPro-BoldItalic	Meta Pro	Bold Italic	Version 7.600, build 1027, FoPs, FL 5.04	7.600	700	5	1		1184	0	0		1	155	79	136	liga,dlig,smcp,c2sc,lnum,tnum,pnum,rlig,salt,frac,sups,subs,case,ordn,aalt,locl,numr,dnom,ss05,ss09,ss10	kern	ttf	glyf	277144	no	Erik Spiekermann, greek version by Panos Haratzopoulos	Monotype GmbH	MONO	http://www.monotype.com	
/Users/bardiasamiee/Library/Application Support/design-tools/fonts/owned/Meta-Pro/FFMetaProBook.TTF	0	Meta Pro Book	Regular	Meta Pro Book	MetaPro-Book	Meta Pro	Book	Version 7.600, build 1027, FoPs, FL 5.04	7.600	450	5	0		1197	0	0		1	155	79	136	liga,dlig,smcp,c2sc,lnum,tnum,pnum,rlig,salt,frac,sups,subs,case,ordn,aalt,locl,numr,dnom,ss02,ss05,ss07,ss09,ss10	kern	ttf	glyf	281456	no	Erik Spiekermann, greek version by Panos Haratzopoulos	Monotype GmbH	MONO	http://www.monotype.com	
/Users/bardiasamiee/Library/Application Support/design-tools/fonts/owned/Meta-Pro/FFMetaProBookIt.TTF	0	Meta Pro Book	Italic	Meta Pro Book Italic	MetaPro-BookItalic	Meta Pro	Book Italic	Version 7.600, build 1027, FoPs, FL 5.04	7.600	450	5	1		1192	0	0		1	155	79	136	liga,dlig,smcp,c2sc,lnum,tnum,pnum,rlig,salt,frac,sups,subs,case,ordn,aalt,locl,numr,dnom,ss05,ss07,ss09,ss10	kern	ttf	glyf	283220	no	Erik Spiekermann, greek version by Panos Haratzopoulos	Monotype GmbH	MONO	http://www.monotype.com	
/Users/bardiasamiee/Library/Application Support/design-tools/fonts/owned/Meta-Pro/FFMetaProCondBd.TTF	0	Meta Pro Cond	Bold	Meta Pro Cond Bold	MetaPro-CondBold	Meta Pro	Cond Bold	Version 7.600, build 1027, FoPs, FL 5.04	7.600	700	3	0		861	0	0		1	155	79	136	liga,dlig,lnum,tnum,pnum,rlig,salt,frac,sups,subs,case,ordn,aalt,locl,numr,dnom,ss02,ss09	kern	ttf	glyf	188208	no	Erik Spiekermann, greek version by Panos Haratzopoulos	Monotype GmbH	MONO	http://www.monotype.com	
/Users/bardiasamiee/Library/Application Support/design-tools/fonts/owned/Meta-Pro/FFMetaProCondBdIt.TTF	0	Meta Pro Cond	Bold Italic	Meta Pro Cond Bold Italic	MetaPro-CondBoldItalic	Meta Pro	Cond Bold Italic	Version 7.600, build 1027, FoPs, FL 5.04	7.600	700	3	1		856	0	0		1	155	79	136	liga,dlig,lnum,tnum,pnum,rlig,salt,frac,sups,subs,case,ordn,aalt,locl,numr,dnom,ss09	kern	ttf	glyf	193508	no	Erik Spiekermann, greek version by Panos Haratzopoulos	Monotype GmbH	MONO	http://www.monotype.com	
/Users/bardiasamiee/Library/Application Support/design-tools/fonts/owned/Meta-Pro/FFMetaProCondBk.TTF	0	Meta Pro Cond Book	Regular	Meta Pro Cond Book	MetaPro-CondBook	Meta Pro	Cond Book	Version 7.600, build 1027, FoPs, FL 5.04	7.600	450	3	0		861	0	0		1	155	79	136	liga,dlig,lnum,tnum,pnum,rlig,salt,frac,sups,subs,case,ordn,aalt,locl,numr,dnom,ss02,ss09	kern	ttf	glyf	190768	no	Erik Spiekermann, greek version by Panos Haratzopoulos	Monotype GmbH	MONO	http://www.monotype.com	
/Users/bardiasamiee/Library/Application Support/design-tools/fonts/owned/Meta-Pro/FFMetaProCondBkIt.TTF	0	Meta Pro Cond Book	Italic	Meta Pro Cond Book Italic	MetaPro-CondBookItalic	Meta Pro	Cond Book Italic	Version 7.600, build 1027, FoPs, FL 5.04	7.600	450	3	1		856	0	0		1	155	79	136	liga,dlig,lnum,tnum,pnum,rlig,salt,frac,sups,subs,case,ordn,aalt,locl,numr,dnom,ss09	kern	ttf	glyf	188832	no	Erik Spiekermann, greek version by Panos Haratzopoulos	Monotype GmbH	MONO	http://www.monotype.com	
/Users/bardiasamiee/Library/Application Support/design-tools/fonts/owned/Meta-Pro/FFMetaProCondBlk.TTF	0	Meta Pro Cond Black	Regular	Meta Pro Cond Black	MetaPro-CondBlack	Meta Pro	Cond Black	Version 7.600, build 1027, FoPs, FL 5.04	7.600	900	3	0		861	0	0		1	155	79	136	liga,dlig,lnum,tnum,pnum,rlig,salt,frac,sups,subs,case,ordn,aalt,locl,numr,dnom,ss02,ss09	kern	ttf	glyf	187820	no	Erik Spiekermann, greek version by Panos Haratzopoulos	Monotype GmbH	MONO	http://www.monotype.com	
/Users/bardiasamiee/Library/Application Support/design-tools/fonts/owned/Meta-Pro/FFMetaProCondBlkIt.TTF	0	Meta Pro Cond Black	Italic	Meta Pro Cond Black Italic	MetaPro-CondBlackItalic	Meta Pro	Cond Black Italic	Version 7.600, build 1027, FoPs, FL 5.04	7.600	900	3	1		856	0	0		1	155	79	136	liga,dlig,lnum,tnum,pnum,rlig,salt,frac,sups,subs,case,ordn,aalt,locl,numr,dnom,ss09	kern	ttf	glyf	184900	no	Erik Spiekermann, greek version by Panos Haratzopoulos	Monotype GmbH	MONO	http://www.monotype.com	
/Users/bardiasamiee/Library/Application Support/design-tools/fonts/owned/Meta-Pro/FFMetaProCondMdIt.TTF	0	Meta Pro Cond Medium	Italic	Meta Pro Cond Medium Italic	MetaPro-CondMediumItalic	Meta Pro	Cond Medium Italic	Version 7.600, build 1027, FoPs, FL 5.04	7.600	500	3	1		856	0	0		1	155	79	136	liga,dlig,lnum,tnum,pnum,rlig,salt,frac,sups,subs,case,ordn,aalt,locl,numr,dnom,ss09	kern	ttf	glyf	190088	no	Erik Spiekermann, greek version by Panos Haratzopoulos	Monotype GmbH	MONO	http://www.monotype.com	
/Users/bardiasamiee/Library/Application Support/design-tools/fonts/owned/Meta-Pro/FFMetaProCondMed.TTF	0	Meta Pro Cond Medium	Regular	Meta Pro Cond Medium	MetaPro-CondMedium	Meta Pro	Cond Medium	Version 7.600, build 1027, FoPs, FL 5.04	7.600	500	3	0		861	0	0		1	155	79	136	liga,dlig,lnum,tnum,pnum,rlig,salt,frac,sups,subs,case,ordn,aalt,locl,numr,dnom,ss02,ss09	kern	ttf	glyf	190548	no	Erik Spiekermann, greek version by Panos Haratzopoulos	Monotype GmbH	MONO	http://www.monotype.com	
/Users/bardiasamiee/Library/Application Support/design-tools/fonts/owned/Meta-Pro/FFMetaProCondRg.TTF	0	Meta Pro Cond	Regular	Meta Pro Cond	MetaPro-Cond	Meta Pro	Cond Regular	Version 7.600, build 1027, FoPs, FL 5.04	7.600	400	3	0		861	0	0		1	155	79	136	liga,dlig,lnum,tnum,pnum,rlig,salt,frac,sups,subs,case,ordn,aalt,locl,numr,dnom,ss02,ss09	kern	ttf	glyf	190368	no	Erik Spiekermann, greek version by Panos Haratzopoulos	Monotype GmbH	MONO	http://www.monotype.com	
/Users/bardiasamiee/Library/Application Support/design-tools/fonts/owned/Meta-Pro/FFMetaProCondRgIt.TTF	0	Meta Pro Cond	Italic	Meta Pro Cond Italic	MetaPro-CondItalic	Meta Pro	Cond Italic	Version 7.600, build 1027, FoPs, FL 5.04	7.600	400	3	1		856	0	0		1	155	79	136	liga,dlig,lnum,tnum,pnum,rlig,salt,frac,sups,subs,case,ordn,aalt,locl,numr,dnom,ss09	kern	ttf	glyf	184496	no	Erik Spiekermann, greek version by Panos Haratzopoulos	Monotype GmbH	MONO	http://www.monotype.com	
/Users/bardiasamiee/Library/Application Support/design-tools/fonts/owned/Meta-Pro/FFMetaProCondXBold.TTF	0	Meta Pro Cond Xbold	Regular	Meta Pro Cond Xbold	MetaPro-CondXbold	Meta Pro	Cond Xbold	Version 7.600, build 1027, FoPs, FL 5.04	7.600	750	3	0		861	0	0		1	155	79	136	liga,dlig,lnum,tnum,pnum,rlig,salt,frac,sups,subs,case,ordn,aalt,locl,numr,dnom,ss02,ss09	kern	ttf	glyf	188996	no	Erik Spiekermann, greek version by Panos Haratzopoulos	Monotype GmbH	MONO	http://www.monotype.com	
/Users/bardiasamiee/Library/Application Support/design-tools/fonts/owned/Meta-Pro/FFMetaProCondXBoldIt.TTF	0	Meta Pro Cond Xbold	Italic	Meta Pro Cond Xbold Italic	MetaPro-CondXboldItalic	Meta Pro	Cond Xbold Italic	Version 7.600, build 1027, FoPs, FL 5.04	7.600	750	3	1		857	0	0		1	155	79	136	liga,dlig,lnum,tnum,pnum,rlig,salt,frac,sups,subs,case,ordn,aalt,locl,numr,dnom,ss09	kern	ttf	glyf	192540	no	Erik Spiekermann, greek version by Panos Haratzopoulos	Monotype GmbH	MONO	http://www.monotype.com	
/Users/bardiasamiee/Library/Application Support/design-tools/fonts/owned/Meta-Pro/FFMetaProLight.TTF	0	Meta Pro Light	Regular	Meta Pro Light	MetaPro-Light	Meta Pro	Light	Version 7.600, build 1027, FoPs, FL 5.04	7.600	350	5	0		885	0	0		1	155	79	136	liga,dlig,lnum,tnum,pnum,rlig,salt,frac,sups,subs,case,ordn,aalt,locl,numr,dnom,ss02,ss05,ss07,ss09,ss10	kern	ttf	glyf	212840	no	Erik Spiekermann	Monotype GmbH	MONO	http://www.monotype.com	
/Users/bardiasamiee/Library/Application Support/design-tools/fonts/owned/Meta-Pro/FFMetaProLightIt.TTF	0	Meta Pro Light	Italic	Meta Pro Light Italic	MetaPro-LightItalic	Meta Pro	Light Italic	Version 7.600, build 1027, FoPs, FL 5.04	7.600	350	5	1		881	0	0		1	155	79	136	liga,dlig,lnum,tnum,pnum,rlig,salt,frac,sups,subs,case,ordn,aalt,locl,numr,dnom,ss05,ss07,ss09,ss10	kern	ttf	glyf	208780	no	Erik Spiekermann	Monotype GmbH	MONO	http://www.monotype.com	
/Users/bardiasamiee/Library/Application Support/design-tools/fonts/owned/Meta-Pro/FFMetaProMedIt.TTF	0	Meta Pro Medium	Italic	Meta Pro Medium Italic	MetaPro-MediumItalic	Meta Pro	Medium Italic	Version 7.600, build 1027, FoPs, FL 5.04	7.600	500	5	1		1192	0	0		1	155	79	136	liga,dlig,smcp,c2sc,lnum,tnum,pnum,rlig,salt,frac,sups,subs,case,ordn,aalt,locl,numr,dnom,ss05,ss07,ss09,ss10	kern	ttf	glyf	280692	no	Erik Spiekermann, greek version by Panos Haratzopoulos	Monotype GmbH	MONO	http://www.monotype.com	
/Users/bardiasamiee/Library/Application Support/design-tools/fonts/owned/Meta-Pro/FFMetaProMedium.TTF	0	Meta Pro Medium	Regular	Meta Pro Medium	MetaPro-Medium	Meta Pro	Medium	Version 7.600, build 1027, FoPs, FL 5.04	7.600	500	5	0		1198	0	0		1	155	79	136	liga,dlig,smcp,c2sc,lnum,tnum,pnum,rlig,salt,frac,sups,subs,case,ordn,aalt,locl,numr,dnom,ss02,ss05,ss07,ss09,ss10	kern	ttf	glyf	275180	no	Erik Spiekermann, greek version by Panos Haratzopoulos	Monotype GmbH	MONO	http://www.monotype.com	
/Users/bardiasamiee/Library/Application Support/design-tools/fonts/owned/Meta-Pro/FFMetaProRegIt.TTF	0	Meta Pro	Italic	Meta Pro Italic	MetaPro-Italic	Meta Pro	Italic	Version 7.600, build 1027, FoPs, FL 5.04	7.600	400	5	1		1192	0	0		1	155	79	136	liga,dlig,smcp,c2sc,lnum,tnum,pnum,rlig,salt,frac,sups,subs,case,ordn,aalt,locl,numr,dnom,ss05,ss07,ss09,ss10	kern	ttf	glyf	278716	no	Erik Spiekermann, greek version by Panos Haratzopoulos	Monotype GmbH	MONO	http://www.monotype.com	
/Users/bardiasamiee/Library/Application Support/design-tools/fonts/owned/Meta-Pro/FFMetaProRegular.TTF	0	Meta Pro	Regular	Meta Pro	MetaPro	Meta Pro	Regular	Version 7.600, build 1027, FoPs, FL 5.04	7.600	400	5	0		1203	0	0		1	155	79	136	liga,dlig,smcp,c2sc,lnum,tnum,pnum,rlig,salt,frac,sups,subs,case,ordn,aalt,locl,numr,dnom,ss02,ss05,ss07,ss09,ss10	kern	ttf	glyf	285740	no	Erik Spiekermann, greek version by Panos Haratzopoulos	Monotype GmbH	MONO	http://www.monotype.com	
/Users/bardiasamiee/Library/Application Support/design-tools/fonts/owned/Meta-Pro/FFMetaProThin.TTF	0	Meta Pro Thin	Regular	Meta Pro Thin	MetaPro-Thin	Meta Pro	Thin	Version 7.600, build 1027, FoPs, FL 5.04	7.600	250	5	0		885	0	0		1	155	79	136	liga,dlig,lnum,tnum,pnum,rlig,salt,frac,sups,subs,case,ordn,aalt,locl,numr,dnom,ss02,ss05,ss07,ss09,ss10	kern	ttf	glyf	219456	no	Erik Spiekermann	Monotype GmbH	MONO	http://www.monotype.com	
/Users/bardiasamiee/Library/Application Support/design-tools/fonts/owned/Meta-Pro/FFMetaProThinIt.TTF	0	Meta Pro Thin	Italic	Meta Pro Thin Italic	MetaPro-ThinItalic	Meta Pro	Thin Italic	Version 7.600, build 1027, FoPs, FL 5.04	7.600	250	5	1		879	0	0		1	155	79	136	liga,dlig,lnum,tnum,pnum,rlig,salt,frac,sups,subs,case,ordn,aalt,locl,numr,dnom,ss05,ss07,ss09,ss10	kern	ttf	glyf	211408	no	Erik Spiekermann	Monotype GmbH	MONO	http://www.monotype.com	
/Users/bardiasamiee/Library/Application Support/design-tools/fonts/owned/Minion-Pro/MinionPro-Bold.otf	0	Minion Pro	Bold	MinionPro-Bold	MinionPro-Bold			Version 2.108;PS 2.000;hotconv 1.0.67;makeotf.lib2.5.33168	2.108	700	5	0		1682	0	0		0	148	84	102	liga,dlig,smcp,c2sc,onum,lnum,tnum,pnum,salt,frac,sups,subs,zero,case,ordn,aalt,locl,numr,dnom,hist,ss01,ss02	kern	otf	CFF	217028	no	Robert Slimbach	Adobe Systems Incorporated	ADBE	http://www.adobe.com/type/legal.html	
/Users/bardiasamiee/Library/Application Support/design-tools/fonts/owned/Minion-Pro/MinionPro-Regular.otf	0	Minion Pro	Regular	MinionPro-Regular	MinionPro-Regular			Version 2.112;PS 2.000;hotconv 1.0.70;makeotf.lib2.5.5900	2.112	400	5	0		1686	0	0		0	148	84	102	liga,dlig,smcp,c2sc,onum,lnum,tnum,pnum,salt,frac,sups,subs,zero,case,ordn,aalt,locl,numr,dnom,hist,ss01,ss02	kern	otf	CFF	218640	no	Robert Slimbach	Adobe Systems Incorporated	ADBE	http://www.adobe.com/type/legal.html	
/Users/bardiasamiee/Library/Application Support/design-tools/fonts/owned/Overused-Grotesk/OverusedGroteskRoman-VF.ttf	0	Overused Grotesk Light	Regular	Overused Grotesk Light	OverusedGrotesk-Light	Overused Grotesk	Light	Version 0.005	0.005	300	5	0	wght[300..300..900]	1361	0	0		0	152	4	132	calt,tnum,frac,sups,subs,zero,locl,numr,dnom,ccmp,ss01,ss02,ss03,ss04,ss05,ss06,ss07,ss08,ss09,ss10,ss11,ss12,cv01,cv02,cv03	kern,mark,mkmk	ttf	glyf	243100	no	RandomMaerks		RDMK	http://scripts.sil.org/OFL	
/Users/bardiasamiee/Library/Application Support/design-tools/fonts/owned/Questa-Grande/2-Questa_Grande_Regular.otf	0	Questa Grande	Regular	QuestaGrande-Regular	QuestaGrande-Regular			Version 1.054	1.054	400	5	0		612	0	0		0	134	1	0	liga,dlig,smcp,c2sc,lnum,tnum,case,locl	kern	otf	CFF	85748	no	Jos Buivenga & Martin Majoor	Jos Buivenga & Martin Majoor	jbmm		
/Users/bardiasamiee/Library/Application Support/design-tools/fonts/owned/Semplicita/Semplicita Bold Italic.otf	0	Semplicita	Bold Italic	Semplicita-BoldItalic	Semplicita-BoldItalic	Semplicità	Bold Italic	Version 2.520	2.520	700	5	1		510	0	0		0	169	2	0	liga,salt,hist,ss01	kern	otf	CFF	78200	no	Alessandro Butti, Aldo Novarese, Leonardo Di Lena	Alessandro Butti, Aldo Novarese, Leonardo Di Lena	FLNK	http://creativecommons.org/licenses/by-nd/3.0/	
/Users/bardiasamiee/Library/Application Support/design-tools/fonts/owned/Semplicita/Semplicita Bold.otf	0	Semplicita	Bold	Semplicita-Bold	Semplicita-Bold	Semplicità	Bold	Version 2.520	2.520	700	5	0		495	0	0		0	169	2	0	liga,salt,hist,ss01	kern	otf	CFF	76988	no	Alessandro Butti, Aldo Novarese, Leonardo Di Lena	Alessandro Butti, Aldo Novarese, Leonardo Di Lena	FLNK	http://creativecommons.org/licenses/by-nd/3.0/	
/Users/bardiasamiee/Library/Application Support/design-tools/fonts/owned/Semplicita/Semplicita Light Italic.otf	0	Semplicita	Light Italic	Semplicita-LightItalic	Semplicita-LightItalic	Semplicità	Light Italic	Version 2.520	2.520	300	5	1		542	0	0		0	169	2	0	liga,salt,hist,ss01	kern	otf	CFF	73416	no	Alessandro Butti, Aldo Novarese, Leonardo Di Lena	Alessandro Butti, Aldo Novarese, Leonardo Di Lena	FLNK	http://creativecommons.org/licenses/by-nd/3.0/	
/Users/bardiasamiee/Library/Application Support/design-tools/fonts/owned/Semplicita/Semplicita Light.otf	0	Semplicita	Light	Semplicita-Light	Semplicita-Light	Semplicità	Light	Version 2.520	2.520	300	5	0		527	0	0		0	169	2	0	liga,swsh,salt,ss01	kern	otf	CFF	72188	no	Alessandro Butti, Aldo Novarese, Leonardo Di Lena	Alessandro Butti, Aldo Novarese, Leonardo Di Lena	FLNK	http://creativecommons.org/licenses/by-nd/3.0/	
/Users/bardiasamiee/Library/Application Support/design-tools/fonts/owned/Semplicita/Semplicita Medium Italic.otf	0	Semplicita	Medium Italic	Semplicita-MediumItalic	Semplicita-MediumItalic	Semplicità	Medium Italic	Version 2.520	2.520	500	5	1		510	0	0		0	169	2	0	liga,salt,hist,ss01	kern	otf	CFF	80100	no	Alessandro Butti, Aldo Novarese, Leonardo Di Lena	Alessandro Butti, Aldo Novarese, Leonardo Di Lena	FLNK	http://creativecommons.org/licenses/by-nd/3.0/	
/Users/bardiasamiee/Library/Application Support/design-tools/fonts/owned/Semplicita/Semplicita Medium.otf	0	Semplicita	Medium	Semplicita-Medium	Semplicita-Medium	Semplicità	Medium	Version 2.520	2.520	500	5	0		495	0	0		0	169	2	0	liga,salt,hist,ss01	kern	otf	CFF	77200	no	Alessandro Butti, Aldo Novarese, Leonardo Di Lena	Alessandro Butti, Aldo Novarese, Leonardo Di Lena	FLNK	http://creativecommons.org/licenses/by-nd/3.0/	
/Users/bardiasamiee/Library/Application Support/design-tools/fonts/owned/Semplicita/Semplicita Ombra.otf	0	Semplicita	Ombra	Semplicita-Ombra	Semplicita-Ombra	Semplicità	Ombra	Version 2.520	2.520	400	5	0		449	0	0		0	168	2	0			otf	CFF	57068	no	Alessandro Butti, Aldo Novarese, Leonardo Di Lena	Alessandro Butti, Aldo Novarese, Leonardo Di Lena	FLNK	http://creativecommons.org/licenses/by-nd/3.0/	
/Users/bardiasamiee/Library/Application Support/design-tools/fonts/owned/Server-Mono/ServerMono-Regular-Italic.otf	0	Server Mono	Italic	Server Mono Regular Slanted	ServerMono-RegularSlanted	Server Mono	Regular Slanted	Version 1.000;Glyphs 3.3 (3311)	1.000	400	5	1		421	0	0		0	101	0	0	case,aalt,locl,ccmp,ss01,ss02	mark,mkmk	otf	CFF	33104	no	Blaze Type, Tim Vanhille, Matthieu Salvaggio	http://blazetype.eu	BLZT		
/Users/bardiasamiee/Library/Application Support/design-tools/fonts/owned/Server-Mono/ServerMono-Regular.otf	0	Server Mono	Regular	Server Mono Regular	ServerMono-Regular	Server Mono	Regular	Version 1.000;Glyphs 3.3 (3311)	1.000	400	5	0		421	0	0		0	101	0	0	case,aalt,locl,ccmp,ss01,ss02	mark,mkmk	otf	CFF	31584	no	Blaze Type, Tim Vanhille, Matthieu Salvaggio	http://blazetype.eu	BLZT		
/Users/bardiasamiee/Library/Application Support/design-tools/fonts/owned/Simplifica/SIMPLIFICA Typeface.ttf	0	Simplifica	Regular	Simplifica	Simplifica	Simplifica	Simplifica	Version 1.000	1.000	400	5	0		182	0	0		0	2	0	0		kern	ttf	glyf	56852	no	KAIWA	KAIWA (Kamil Iwaszczyszyn)	pyrs		
/Users/bardiasamiee/Library/Application Support/design-tools/fonts/owned/Swedish-Gothic/SwedishGothic-Black.otf	0	Swedish Gothic Black	Regular	Swedish Gothic Black	SwedishGothic-Black	Swedish Gothic	Black	Version 1.401;hotconv 1.0.109;makeotfexe 2.5.65596	1.401	800	5	0		474	0	0		0	105	6	0	tnum,pnum,salt,frac,sups,subs,zero,case,ordn,aalt,locl,numr,dnom,ccmp,ss01,ss02,ss03	kern,mark,mkmk	otf	CFF	53248	no	Göran Söderström	Letters from Sweden	UKWN		
/Users/bardiasamiee/Library/Application Support/design-tools/fonts/owned/Swedish-Gothic/SwedishGothic-BlackItalic.otf	0	Swedish Gothic Black Italic	Regular	Swedish Gothic Black Italic	SwedishGothic-BlackItalic	Swedish Gothic	Black Italic	Version 1.401;hotconv 1.0.109;makeotfexe 2.5.65596	1.401	800	5	0		474	0	0		0	105	6	0	tnum,pnum,salt,frac,sups,subs,zero,case,ordn,aalt,locl,numr,dnom,ccmp,ss01,ss02,ss03	kern,mark,mkmk	otf	CFF	53396	no	Göran Söderström	Letters from Sweden	UKWN		
/Users/bardiasamiee/Library/Application Support/design-tools/fonts/owned/Swedish-Gothic/SwedishGothic-Bold.otf	0	Swedish Gothic Bold	Regular	Swedish Gothic Bold	SwedishGothic-Bold	Swedish Gothic	Bold	Version 1.401;hotconv 1.0.109;makeotfexe 2.5.65596	1.401	700	5	0		474	0	0		0	105	6	0	tnum,pnum,salt,frac,sups,subs,zero,case,ordn,aalt,locl,numr,dnom,ccmp,ss01,ss02,ss03	kern,mark,mkmk	otf	CFF	54120	no	Göran Söderström	Letters from Sweden	UKWN		
/Users/bardiasamiee/Library/Application Support/design-tools/fonts/owned/Swedish-Gothic/SwedishGothic-BoldItalic.otf	0	Swedish Gothic Bold Italic	Regular	Swedish Gothic Bold Italic	SwedishGothic-BoldItalic	Swedish Gothic	Bold Italic	Version 1.401;hotconv 1.0.109;makeotfexe 2.5.65596	1.401	700	5	0		474	0	0		0	105	6	0	tnum,pnum,salt,frac,sups,subs,zero,case,ordn,aalt,locl,numr,dnom,ccmp,ss01,ss02,ss03	kern,mark,mkmk	otf	CFF	54520	no	Göran Söderström	Letters from Sweden	UKWN		
/Users/bardiasamiee/Library/Application Support/design-tools/fonts/owned/Swedish-Gothic/SwedishGothic-Light.otf	0	Swedish Gothic Light	Regular	Swedish Gothic Light	SwedishGothic-Light	Swedish Gothic	Light	Version 1.401;hotconv 1.0.109;makeotfexe 2.5.65596	1.401	300	5	0		474	0	0		0	105	6	0	tnum,pnum,salt,frac,sups,subs,zero,case,ordn,aalt,locl,numr,dnom,ccmp,ss01,ss02,ss03	kern,mark,mkmk	otf	CFF	52208	no	Göran Söderström	Letters from Sweden	UKWN		
/Users/bardiasamiee/Library/Application Support/design-tools/fonts/owned/Swedish-Gothic/SwedishGothic-LightItalic.otf	0	Swedish Gothic Light Italic	Regular	Swedish Gothic Light Italic	SwedishGothic-LightItalic	Swedish Gothic	Light Italic	Version 1.401;hotconv 1.0.109;makeotfexe 2.5.65596	1.401	300	5	0		474	0	0		0	105	6	0	tnum,pnum,salt,frac,sups,subs,zero,case,ordn,aalt,locl,numr,dnom,ccmp,ss01,ss02,ss03	kern,mark,mkmk	otf	CFF	53256	no	Göran Söderström	Letters from Sweden	UKWN		
/Users/bardiasamiee/Library/Application Support/design-tools/fonts/owned/Swedish-Gothic/SwedishGothic-Medium.otf	0	Swedish Gothic Medium	Regular	Swedish Gothic Medium	SwedishGothic-Medium	Swedish Gothic	Medium	Version 1.401;hotconv 1.0.109;makeotfexe 2.5.65596	1.401	500	5	0		474	0	0		0	105	6	0	tnum,pnum,salt,frac,sups,subs,zero,case,ordn,aalt,locl,numr,dnom,ccmp,ss01,ss02,ss03	kern,mark,mkmk	otf	CFF	52544	no	Göran Söderström	Letters from Sweden	UKWN		
/Users/bardiasamiee/Library/Application Support/design-tools/fonts/owned/Swedish-Gothic/SwedishGothic-MediumItalic.otf	0	Swedish Gothic Medium Italic	Regular	Swedish Gothic Medium Italic	SwedishGothic-MediumItalic	Swedish Gothic	Medium Italic	Version 1.401;hotconv 1.0.109;makeotfexe 2.5.65596	1.401	500	5	0		474	0	0		0	105	6	0	tnum,pnum,salt,frac,sups,subs,zero,case,ordn,aalt,locl,numr,dnom,ccmp,ss01,ss02,ss03	kern,mark,mkmk	otf	CFF	54076	no	Göran Söderström	Letters from Sweden	UKWN		
/Users/bardiasamiee/Library/Application Support/design-tools/fonts/owned/Swedish-Gothic/SwedishGothic-Regular.otf	0	Swedish Gothic	Regular	Swedish Gothic Regular	SwedishGothic-Regular			Version 1.401;hotconv 1.0.109;makeotfexe 2.5.65596	1.401	400	5	0		474	0	0		0	105	6	0	tnum,pnum,salt,frac,sups,subs,zero,case,ordn,aalt,locl,numr,dnom,ccmp,ss01,ss02,ss03	kern,mark,mkmk	otf	CFF	52432	no	Göran Söderström	Letters from Sweden	UKWN		
/Users/bardiasamiee/Library/Application Support/design-tools/fonts/owned/Swedish-Gothic/SwedishGothic-RegularItalic.otf	0	Swedish Gothic Italic	Regular	Swedish Gothic Regular Italic	SwedishGothic-RegularItalic	Swedish Gothic	Regular Italic	Version 1.401;hotconv 1.0.109;makeotfexe 2.5.65596	1.401	400	5	0		474	0	0		0	105	6	0	tnum,pnum,salt,frac,sups,subs,zero,case,ordn,aalt,locl,numr,dnom,ccmp,ss01,ss02,ss03	kern,mark,mkmk	otf	CFF	53660	no	Göran Söderström	Letters from Sweden	UKWN		
/Users/bardiasamiee/Library/Application Support/design-tools/fonts/owned/Swedish-Gothic/SwedishGothic-SemiBold.otf	0	Swedish Gothic SemiBold	Regular	Swedish Gothic SemiBold	SwedishGothic-SemiBold	Swedish Gothic	SemiBold	Version 1.401;hotconv 1.0.109;makeotfexe 2.5.65596	1.401	600	5	0		474	0	0		0	105	6	0	tnum,pnum,salt,frac,sups,subs,zero,case,ordn,aalt,locl,numr,dnom,ccmp,ss01,ss02,ss03	kern,mark,mkmk	otf	CFF	52976	no	Göran Söderström	Letters from Sweden	UKWN		
/Users/bardiasamiee/Library/Application Support/design-tools/fonts/owned/Swedish-Gothic/SwedishGothic-SemiBoldItalic.otf	0	Swedish Gothic SemiBold Italic	Regular	Swedish Gothic SemiBold Italic	SwedishGothic-SemiBoldItalic	Swedish Gothic	SemiBold Italic	Version 1.401;hotconv 1.0.109;makeotfexe 2.5.65596	1.401	600	5	0		474	0	0		0	105	6	0	tnum,pnum,salt,frac,sups,subs,zero,case,ordn,aalt,locl,numr,dnom,ccmp,ss01,ss02,ss03	kern,mark,mkmk	otf	CFF	54248	no	Göran Söderström	Letters from Sweden	UKWN		
/Users/bardiasamiee/Library/Application Support/design-tools/fonts/owned/Swedish-Gothic/SwedishGothic-Thin.otf	0	Swedish Gothic Thin	Regular	Swedish Gothic Thin	SwedishGothic-Thin	Swedish Gothic	Thin	Version 1.401;hotconv 1.0.109;makeotfexe 2.5.65596	1.401	250	5	0		474	0	0		0	105	6	0	tnum,pnum,salt,frac,sups,subs,zero,case,ordn,aalt,locl,numr,dnom,ccmp,ss01,ss02,ss03	kern,mark,mkmk	otf	CFF	51288	no	Göran Söderström	Letters from Sweden	UKWN		
/Users/bardiasamiee/Library/Application Support/design-tools/fonts/owned/Swedish-Gothic/SwedishGothic-ThinItalic.otf	0	Swedish Gothic Thin Italic	Regular	Swedish Gothic Thin Italic	SwedishGothic-ThinItalic	Swedish Gothic	Thin Italic	Version 1.401;hotconv 1.0.109;makeotfexe 2.5.65596	1.401	250	5	0		474	0	0		0	105	6	0	tnum,pnum,salt,frac,sups,subs,zero,case,ordn,aalt,locl,numr,dnom,ccmp,ss01,ss02,ss03	kern,mark,mkmk	otf	CFF	51580	no	Göran Söderström	Letters from Sweden	UKWN		
/Users/bardiasamiee/Library/Application Support/design-tools/fonts/owned/TimeBurner/TimeburnerBold-peGR.ttf	0	TimeBurner	Bold	TimeBurner Bold	TimeBurner-Bold			Version 1.003 2012	1.003	700	5	0		210	0	0		0	10	0	0		kern	ttf	glyf	62080	no	NimaVisual	Andres Moreno Walter	PYRS		
/Users/bardiasamiee/Library/Application Support/design-tools/fonts/owned/Tor-Grotesk-Mix/TorGroteskMix-ThinVariableVF.ttf	0	Tor Grotesk Mix Thin Max	Regular	Tor Grotesk Mix Thin Max	TorGroteskMixThinVariable-ThinMax	Tor Grotesk Mix	Thin Max	Version 1.000;Glyphs 3.2 (3245)	1.000	400	2	0	DOSZ[1..100..100]	638	0	0		0	124	1	0	liga,onum,lnum,tnum,pnum,frac,sups,case,ordn,aalt,locl,ccmp,ss02	kern,mark,mkmk	ttf	glyf	96600	no	Marian Misiak	Threedotstype	TDT		
/Users/bardiasamiee/Library/Application Support/design-tools/fonts/owned/TT-Supermolot-Neue/TTSupermolotNeue-Black.ttf	0	TT Supermolot Neue Black	Regular	TTSupermolotNeue-Black	TTSupermolotNeue-Black	TT Supermolot Neue	Black	Version 1.000	1.000	900	5	0		626	0	0		0	92	0	94	liga,dlig,calt,onum,lnum,tnum,pnum,salt,frac,sups,case,ordn,numr,dnom,ss01,ss02	kern	ttf	glyf	70116	no	TypeType	Typetype	TpTp		
/Users/bardiasamiee/Library/Application Support/design-tools/fonts/owned/TT-Supermolot-Neue/TTSupermolotNeue-BlackItalic.ttf	0	TT Supermolot Neue Black	Italic	TTSupermolotNeue-BlackItalic	TTSupermolotNeue-BlackItalic	TT Supermolot Neue	Black Italic	Version 1.000	1.000	900	5	1		626	0	0		0	92	0	94	liga,dlig,calt,onum,lnum,tnum,pnum,salt,frac,sups,case,ordn,numr,dnom,ss01,ss02	kern	ttf	glyf	74632	no	TypeType	Typetype	TpTp		
/Users/bardiasamiee/Library/Application Support/design-tools/fonts/owned/TT-Supermolot-Neue/TTSupermolotNeue-Bold.ttf	0	TT Supermolot Neue	Bold	TTSupermolotNeue-Bold	TTSupermolotNeue-Bold	TT Supermolot Neue	Bold	Version 1.000	1.000	700	5	0		626	0	0		0	92	0	94	liga,dlig,calt,onum,lnum,tnum,pnum,salt,frac,sups,case,ordn,numr,dnom,ss01,ss02	kern	ttf	glyf	75696	no	TypeType	Typetype	TpTp		
/Users/bardiasamiee/Library/Application Support/design-tools/fonts/owned/TT-Supermolot-Neue/TTSupermolotNeue-BoldItalic.ttf	0	TT Supermolot Neue	Bold Italic	TTSupermolotNeue-BoldItalic	TTSupermolotNeue-BoldItalic	TT Supermolot Neue	Bold Italic	Version 1.000	1.000	700	5	1		626	0	0		0	92	0	94	liga,dlig,calt,onum,lnum,tnum,pnum,salt,frac,sups,case,ordn,numr,dnom,ss01,ss02	kern	ttf	glyf	81732	no	TypeType	Typetype	TpTp		
/Users/bardiasamiee/Library/Application Support/design-tools/fonts/owned/TT-Supermolot-Neue/TTSupermolotNeue-CondBlack.ttf	0	TT Supermolot Neue Cond Black	Regular	TTSupermolotNeue-CondBlack	TTSupermolotNeue-CondBlack	TT Supermolot Neue	Condensed Black	Version 1.000	1.000	900	3	0		626	0	0		0	92	0	94	liga,dlig,calt,onum,lnum,tnum,pnum,salt,frac,sups,case,ordn,numr,dnom,ss01,ss02	kern	ttf	glyf	70248	no	TypeType	Typetype	TpTp		
/Users/bardiasamiee/Library/Application Support/design-tools/fonts/owned/TT-Supermolot-Neue/TTSupermolotNeue-CondBlackIt.ttf	0	TT Supermolot Neue Cond Black	Italic	TTSupermolotNeue-CondBlackIt	TTSupermolotNeue-CondBlackIt	TT Supermolot Neue	Condensed Black Italic	Version 1.000	1.000	900	3	1		626	0	0		0	92	0	94	liga,dlig,calt,onum,lnum,tnum,pnum,salt,frac,sups,case,ordn,numr,dnom,ss01,ss02	kern	ttf	glyf	74292	no	TypeType	Typetype	TpTp		
/Users/bardiasamiee/Library/Application Support/design-tools/fonts/owned/TT-Supermolot-Neue/TTSupermolotNeue-CondBold.ttf	0	TT Supermolot Neue Cond	Bold	TTSupermolotNeue-CondBold	TTSupermolotNeue-CondBold	TT Supermolot Neue	Condensed Bold	Version 1.000	1.000	700	3	0		626	0	0		0	92	0	94	liga,dlig,calt,onum,lnum,tnum,pnum,salt,frac,sups,case,ordn,numr,dnom,ss01,ss02	kern	ttf	glyf	76512	no	TypeType	Typetype	TpTp		
/Users/bardiasamiee/Library/Application Support/design-tools/fonts/owned/TT-Supermolot-Neue/TTSupermolotNeue-CondBoldIt.ttf	0	TT Supermolot Neue Cond	Bold Italic	TTSupermolotNeue-CondBoldIt	TTSupermolotNeue-CondBoldIt	TT Supermolot Neue	Condensed Bold Italic	Version 1.000	1.000	700	3	1		626	0	0		0	92	0	94	liga,dlig,calt,onum,lnum,tnum,pnum,salt,frac,sups,case,ordn,numr,dnom,ss01,ss02	kern	ttf	glyf	82476	no	TypeType	Typetype	TpTp		
/Users/bardiasamiee/Library/Application Support/design-tools/fonts/owned/TT-Supermolot-Neue/TTSupermolotNeue-CondDBold.ttf	0	TT Supermolot Neue Cond DBold	Regular	TTSupermolotNeue-CondDBold	TTSupermolotNeue-CondDBold	TT Supermolot Neue	Condensed DemiBold	Version 1.000	1.000	600	3	0		626	0	0		0	92	0	94	liga,dlig,calt,onum,lnum,tnum,pnum,salt,frac,sups,case,ordn,numr,dnom,ss01,ss02	kern	ttf	glyf	75020	no	TypeType	Typetype	TpTp		
/Users/bardiasamiee/Library/Application Support/design-tools/fonts/owned/TT-Supermolot-Neue/TTSupermolotNeue-CondDBoldItalic.ttf	0	TT Supermolot Neue Cond DBold	Italic	TTSupermolotNeue-CondDBoldItalic	TTSupermolotNeue-CondDBoldItalic	TT Supermolot Neue	Condensed DemiBold Italic	Version 1.000	1.000	600	3	1		626	0	0		0	92	0	94	liga,dlig,calt,onum,lnum,tnum,pnum,salt,frac,sups,case,ordn,numr,dnom,ss01,ss02	kern	ttf	glyf	82040	no	TypeType	Typetype	TpTp		
/Users/bardiasamiee/Library/Application Support/design-tools/fonts/owned/TT-Supermolot-Neue/TTSupermolotNeue-CondItalic.ttf	0	TT Supermolot Neue Cond	Italic	TTSupermolotNeue-CondItalic	TTSupermolotNeue-CondItalic	TT Supermolot Neue	Condensed Italic	Version 1.000	1.000	400	3	1		626	0	0		0	92	0	94	liga,dlig,calt,onum,lnum,tnum,pnum,salt,frac,sups,case,ordn,numr,dnom,ss01,ss02	kern	ttf	glyf	83964	no	TypeType	Typetype	TpTp		
/Users/bardiasamiee/Library/Application Support/design-tools/fonts/owned/TT-Supermolot-Neue/TTSupermolotNeue-CondLight.ttf	0	TT Supermolot Neue Cond Light	Regular	TTSupermolotNeue-CondLight	TTSupermolotNeue-CondLight	TT Supermolot Neue	Condensed Light	Version 1.000	1.000	300	3	0		626	0	0		0	92	0	94	liga,dlig,calt,onum,lnum,tnum,pnum,salt,frac,sups,case,ordn,numr,dnom,ss01,ss02	kern	ttf	glyf	78740	no	TypeType	Typetype	TpTp		
/Users/bardiasamiee/Library/Application Support/design-tools/fonts/owned/TT-Supermolot-Neue/TTSupermolotNeue-CondLightIt.ttf	0	TT Supermolot Neue Cond Light	Italic	TTSupermolotNeue-CondLightIt	TTSupermolotNeue-CondLightIt	TT Supermolot Neue	Condensed Light Italic	Version 1.000	1.000	300	3	1		625	0	0		0	92	0	94	liga,dlig,calt,onum,lnum,tnum,pnum,salt,frac,sups,case,ordn,numr,dnom,ss01,ss02	kern	ttf	glyf	82676	no	TypeType	Typetype	TpTp		
/Users/bardiasamiee/Library/Application Support/design-tools/fonts/owned/TT-Supermolot-Neue/TTSupermolotNeue-CondMed.ttf	0	TT Supermolot Neue Cond Light	Bold	TTSupermolotNeue-CondMed	TTSupermolotNeue-CondMed	TT Supermolot Neue	Condensed Medium	Version 1.000	1.000	500	3	0		626	0	0		0	92	0	94	liga,dlig,calt,onum,lnum,tnum,pnum,salt,frac,sups,case,ordn,numr,dnom,ss01,ss02	kern	ttf	glyf	75992	no	TypeType	Typetype	TpTp		
/Users/bardiasamiee/Library/Application Support/design-tools/fonts/owned/TT-Supermolot-Neue/TTSupermolotNeue-CondMedItalic.ttf	0	TT Supermolot Neue Cond Light	Bold Italic	TTSupermolotNeue-CondMedItalic	TTSupermolotNeue-CondMedItalic	TT Supermolot Neue	Condensed Medium Italic	Version 1.000	1.000	500	3	1		626	0	0		0	92	0	94	liga,dlig,calt,onum,lnum,tnum,pnum,salt,frac,sups,case,ordn,numr,dnom,ss01,ss02	kern	ttf	glyf	82928	no	TypeType	Typetype	TpTp		
/Users/bardiasamiee/Library/Application Support/design-tools/fonts/owned/TT-Supermolot-Neue/TTSupermolotNeue-CondRegular.ttf	0	TT Supermolot Neue Cond	Regular	TTSupermolotNeue-CondRegular	TTSupermolotNeue-CondRegular	TT Supermolot Neue	Condensed Regular	Version 1.000	1.000	400	3	0		626	0	0		0	92	0	94	liga,dlig,calt,onum,lnum,tnum,pnum,salt,frac,sups,case,ordn,numr,dnom,ss01,ss02	kern	ttf	glyf	77892	no	TypeType	Typetype	TpTp		
/Users/bardiasamiee/Library/Application Support/design-tools/fonts/owned/TT-Supermolot-Neue/TTSupermolotNeue-CondThin.ttf	0	TT Supermolot Neue Cond Thin	Regular	TTSupermolotNeue-CondThin	TTSupermolotNeue-CondThin	TT Supermolot Neue	Condensed Thin	Version 1.000	1.000	250	3	0		626	0	0		0	92	0	94	liga,dlig,calt,onum,lnum,tnum,pnum,salt,frac,sups,case,ordn,numr,dnom,ss01,ss02	kern	ttf	glyf	78448	no	TypeType	Typetype	TpTp		
/Users/bardiasamiee/Library/Application Support/design-tools/fonts/owned/TT-Supermolot-Neue/TTSupermolotNeue-CondThinIt.ttf	0	TT Supermolot Neue Cond Thin	Italic	TTSupermolotNeue-CondThinIt	TTSupermolotNeue-CondThinIt	TT Supermolot Neue	Condensed Thin Italic	Version 1.000	1.000	250	3	1		626	0	0		0	92	0	94	liga,dlig,calt,onum,lnum,tnum,pnum,salt,frac,sups,case,ordn,numr,dnom,ss01,ss02	kern	ttf	glyf	83552	no	TypeType	Typetype	TpTp		
/Users/bardiasamiee/Library/Application Support/design-tools/fonts/owned/TT-Supermolot-Neue/TTSupermolotNeue-CondXBold.ttf	0	TT Supermolot Neue Cond DBold	Bold	TTSupermolotNeue-CondXBold	TTSupermolotNeue-CondXBold	TT Supermolot Neue	Condensed ExtraBold	Version 1.000	1.000	800	3	0		626	0	0		0	92	0	94	liga,dlig,calt,onum,lnum,tnum,pnum,salt,frac,sups,case,ordn,numr,dnom,ss01,ss02	kern	ttf	glyf	75088	no	TypeType	Typetype	TpTp		
/Users/bardiasamiee/Library/Application Support/design-tools/fonts/owned/TT-Supermolot-Neue/TTSupermolotNeue-CondXBoldIt.ttf	0	TT Supermolot Neue Cond DBold	Bold Italic	TTSupermolotNeue-CondXBoldIt	TTSupermolotNeue-CondXBoldIt	TT Supermolot Neue	Condensed ExtraBold Italic	Version 1.000	1.000	800	3	1		626	0	0		0	92	0	94	liga,dlig,calt,onum,lnum,tnum,pnum,salt,frac,sups,case,ordn,numr,dnom,ss01,ss02	kern	ttf	glyf	80048	no	TypeType	Typetype	TpTp		
/Users/bardiasamiee/Library/Application Support/design-tools/fonts/owned/TT-Supermolot-Neue/TTSupermolotNeue-CondXLight.ttf	0	TT Supermolot Neue Cond Thin	Bold	TTSupermolotNeue-CondXLight	TTSupermolotNeue-CondXLight	TT Supermolot Neue	Condensed ExtraLight	Version 1.000	1.000	265	3	0		626	0	0		0	92	0	94	liga,dlig,calt,onum,lnum,tnum,pnum,salt,frac,sups,case,ordn,numr,dnom,ss01,ss02	kern	ttf	glyf	77104	no	TypeType	Typetype	TpTp		
/Users/bardiasamiee/Library/Application Support/design-tools/fonts/owned/TT-Supermolot-Neue/TTSupermolotNeue-CondXLightIt.ttf	0	TT Supermolot Neue Cond Thin	Bold Italic	TTSupermolotNeue-CondXLightIt	TTSupermolotNeue-CondXLightIt	TT Supermolot Neue	Condensed ExtraLight Italic	Version 1.000	1.000	265	3	1		626	0	0		0	92	0	94	liga,dlig,calt,onum,lnum,tnum,pnum,salt,frac,sups,case,ordn,numr,dnom,ss01,ss02	kern	ttf	glyf	83688	no	TypeType	Typetype	TpTp		
/Users/bardiasamiee/Library/Application Support/design-tools/fonts/owned/TT-Supermolot-Neue/TTSupermolotNeue-DemiBold.ttf	0	TT Supermolot Neue DemiBold	Regular	TTSupermolotNeue-DemiBold	TTSupermolotNeue-DemiBold	TT Supermolot Neue	DemiBold	Version 1.000	1.000	600	5	0		626	0	0		0	92	0	94	liga,dlig,calt,onum,lnum,tnum,pnum,salt,frac,sups,case,ordn,numr,dnom,ss01,ss02	kern	ttf	glyf	75540	no	TypeType	Typetype	TpTp		
/Users/bardiasamiee/Library/Application Support/design-tools/fonts/owned/TT-Supermolot-Neue/TTSupermolotNeue-DemiBoldItalic.ttf	0	TT Supermolot Neue DemiBold	Italic	TTSupermolotNeue-DemiBoldItalic	TTSupermolotNeue-DemiBoldItalic	TT Supermolot Neue	DemiBold Italic	Version 1.000	1.000	600	5	1		626	0	0		0	92	0	94	liga,dlig,calt,onum,lnum,tnum,pnum,salt,frac,sups,case,ordn,numr,dnom,ss01,ss02	kern	ttf	glyf	82424	no	TypeType	Typetype	TpTp		
/Users/bardiasamiee/Library/Application Support/design-tools/fonts/owned/TT-Supermolot-Neue/TTSupermolotNeue-ExpBlack.ttf	0	TT Supermolot Neue Exp Black	Regular	TTSupermolotNeue-ExpBlack	TTSupermolotNeue-ExpBlack	TT Supermolot Neue	Expanded Black	Version 1.000	1.000	900	7	0		626	0	0		0	92	0	94	liga,dlig,calt,onum,lnum,tnum,pnum,salt,frac,sups,case,ordn,numr,dnom,ss01,ss02	kern	ttf	glyf	70732	no	TypeType	Typetype	TpTp		
/Users/bardiasamiee/Library/Application Support/design-tools/fonts/owned/TT-Supermolot-Neue/TTSupermolotNeue-ExpBlackIt.ttf	0	TT Supermolot Neue Exp Black	Italic	TTSupermolotNeue-ExpBlackIt	TTSupermolotNeue-ExpBlackIt	TT Supermolot Neue	Expanded Black Italic	Version 1.000	1.000	900	7	1		626	0	0		0	92	0	94	liga,dlig,calt,onum,lnum,tnum,pnum,salt,frac,sups,case,ordn,numr,dnom,ss01,ss02	kern	ttf	glyf	79976	no	TypeType	Typetype	TpTp		
/Users/bardiasamiee/Library/Application Support/design-tools/fonts/owned/TT-Supermolot-Neue/TTSupermolotNeue-ExpBold.ttf	0	TT Supermolot Neue Exp	Bold	TTSupermolotNeue-ExpBold	TTSupermolotNeue-ExpBold	TT Supermolot Neue	Expanded Bold	Version 1.000	1.000	700	7	0		626	0	0		0	92	0	94	liga,dlig,calt,onum,lnum,tnum,pnum,salt,frac,sups,case,ordn,numr,dnom,ss01,ss02	kern	ttf	glyf	77076	no	TypeType	Typetype	TpTp		
/Users/bardiasamiee/Library/Application Support/design-tools/fonts/owned/TT-Supermolot-Neue/TTSupermolotNeue-ExpBoldIt.ttf	0	TT Supermolot Neue Exp	Bold Italic	TTSupermolotNeue-ExpBoldIt	TTSupermolotNeue-ExpBoldIt	TT Supermolot Neue	Expanded Bold Italic	Version 1.000	1.000	700	7	1		626	0	0		0	92	0	94	liga,dlig,calt,onum,lnum,tnum,pnum,salt,frac,sups,case,ordn,numr,dnom,ss01,ss02	kern	ttf	glyf	82488	no	TypeType	Typetype	TpTp		
/Users/bardiasamiee/Library/Application Support/design-tools/fonts/owned/TT-Supermolot-Neue/TTSupermolotNeue-ExpDBold.ttf	0	TT Supermolot Neue Exp DBold	Regular	TTSupermolotNeue-ExpDBold	TTSupermolotNeue-ExpDBold	TT Supermolot Neue	Expanded DemiBold	Version 1.000	1.000	600	7	0		626	0	0		0	92	0	94	liga,dlig,calt,onum,lnum,tnum,pnum,salt,frac,sups,case,ordn,numr,dnom,ss01,ss02	kern	ttf	glyf	76432	no	TypeType	Typetype	TpTp		
/Users/bardiasamiee/Library/Application Support/design-tools/fonts/owned/TT-Supermolot-Neue/TTSupermolotNeue-ExpDBoldIt.ttf	0	TT Supermolot Neue Exp DBold	Italic	TTSupermolotNeue-ExpDBoldIt	TTSupermolotNeue-ExpDBoldIt	TT Supermolot Neue	Expanded DemiBold Italic	Version 1.000	1.000	600	7	1		626	0	0		0	92	0	94	liga,dlig,calt,onum,lnum,tnum,pnum,salt,frac,sups,case,ordn,numr,dnom,ss01,ss02	kern	ttf	glyf	82664	no	TypeType	Typetype	TpTp		
/Users/bardiasamiee/Library/Application Support/design-tools/fonts/owned/TT-Supermolot-Neue/TTSupermolotNeue-ExpItalic.ttf	0	TT Supermolot Neue Exp	Italic	TTSupermolotNeue-ExpItalic	TTSupermolotNeue-ExpItalic	TT Supermolot Neue	Expanded Italic	Version 1.000	1.000	400	7	1		626	0	0		0	92	0	94	liga,dlig,calt,onum,lnum,tnum,pnum,salt,frac,sups,case,ordn,numr,dnom,ss01,ss02	kern	ttf	glyf	84316	no	TypeType	Typetype	TpTp		
/Users/bardiasamiee/Library/Application Support/design-tools/fonts/owned/TT-Supermolot-Neue/TTSupermolotNeue-ExpLight.ttf	0	TT Supermolot Neue Exp Light	Regular	TTSupermolotNeue-ExpLight	TTSupermolotNeue-ExpLight	TT Supermolot Neue	Expanded Light	Version 1.000	1.000	300	7	0		626	0	0		0	92	0	94	liga,dlig,calt,onum,lnum,tnum,pnum,salt,frac,sups,case,ordn,numr,dnom,ss01,ss02	kern	ttf	glyf	78484	no	TypeType	Typetype	TpTp		
/Users/bardiasamiee/Library/Application Support/design-tools/fonts/owned/TT-Supermolot-Neue/TTSupermolotNeue-ExpLightIt.ttf	0	TT Supermolot Neue Exp Light	Italic	TTSupermolotNeue-ExpLightIt	TTSupermolotNeue-ExpLightIt	TT Supermolot Neue	Expanded Light Italic	Version 1.000	1.000	300	7	1		626	0	0		0	92	0	94	liga,dlig,calt,onum,lnum,tnum,pnum,salt,frac,sups,case,ordn,numr,dnom,ss01,ss02	kern	ttf	glyf	83768	no	TypeType	Typetype	TpTp		
/Users/bardiasamiee/Library/Application Support/design-tools/fonts/owned/TT-Supermolot-Neue/TTSupermolotNeue-ExpMed.ttf	0	TT Supermolot Neue Exp Light	Bold	TTSupermolotNeue-ExpMed	TTSupermolotNeue-ExpMed	TT Supermolot Neue	Expanded Medium	Version 1.000	1.000	500	7	0		626	0	0		0	92	0	94	liga,dlig,calt,onum,lnum,tnum,pnum,salt,frac,sups,case,ordn,numr,dnom,ss01,ss02	kern	ttf	glyf	76812	no	TypeType	Typetype	TpTp		
/Users/bardiasamiee/Library/Application Support/design-tools/fonts/owned/TT-Supermolot-Neue/TTSupermolotNeue-ExpMedItalic.ttf	0	TT Supermolot Neue Exp Light	Bold Italic	TTSupermolotNeue-ExpMedItalic	TTSupermolotNeue-ExpMedItalic	TT Supermolot Neue	Expanded Medium Italic	Version 1.000	1.000	500	7	1		626	0	0		0	92	0	94	liga,dlig,calt,onum,lnum,tnum,pnum,salt,frac,sups,case,ordn,numr,dnom,ss01,ss02	kern	ttf	glyf	84508	no	TypeType	Typetype	TpTp		
/Users/bardiasamiee/Library/Application Support/design-tools/fonts/owned/TT-Supermolot-Neue/TTSupermolotNeue-ExpRegular.ttf	0	TT Supermolot Neue Exp	Regular	TTSupermolotNeue-ExpRegular	TTSupermolotNeue-ExpRegular	TT Supermolot Neue	Expanded Regular	Version 1.000	1.000	400	7	0		626	0	0		0	92	0	94	liga,dlig,calt,onum,lnum,tnum,pnum,salt,frac,sups,case,ordn,numr,dnom,ss01,ss02	kern	ttf	glyf	78004	no	TypeType	Typetype	TpTp		
/Users/bardiasamiee/Library/Application Support/design-tools/fonts/owned/TT-Supermolot-Neue/TTSupermolotNeue-ExpThin.ttf	0	TT Supermolot Neue Exp Thin	Regular	TTSupermolotNeue-ExpThin	TTSupermolotNeue-ExpThin	TT Supermolot Neue	Expanded Thin	Version 1.000	1.000	250	7	0		626	0	0		0	92	0	94	liga,dlig,calt,onum,lnum,tnum,pnum,salt,frac,sups,case,ordn,numr,dnom,ss01,ss02	kern	ttf	glyf	76796	no	TypeType	Typetype	TpTp		
/Users/bardiasamiee/Library/Application Support/design-tools/fonts/owned/TT-Supermolot-Neue/TTSupermolotNeue-ExpThinIt.ttf	0	TT Supermolot Neue Exp Thin	Italic	TTSupermolotNeue-ExpThinIt	TTSupermolotNeue-ExpThinIt	TT Supermolot Neue	Expanded Thin Italic	Version 1.000	1.000	250	7	1		626	0	0		0	92	0	94	liga,dlig,calt,onum,lnum,tnum,pnum,salt,frac,sups,case,ordn,numr,dnom,ss01,ss02	kern	ttf	glyf	84772	no	TypeType	Typetype	TpTp		
/Users/bardiasamiee/Library/Application Support/design-tools/fonts/owned/TT-Supermolot-Neue/TTSupermolotNeue-ExpXBold.ttf	0	TT Supermolot Neue Exp DBold	Bold	TTSupermolotNeue-ExpXBold	TTSupermolotNeue-ExpXBold	TT Supermolot Neue	Expanded ExtraBold	Version 1.000	1.000	800	7	0		626	0	0		0	92	0	94	liga,dlig,calt,onum,lnum,tnum,pnum,salt,frac,sups,case,ordn,numr,dnom,ss01,ss02	kern	ttf	glyf	76004	no	TypeType	Typetype	TpTp		
/Users/bardiasamiee/Library/Application Support/design-tools/fonts/owned/TT-Supermolot-Neue/TTSupermolotNeue-ExpXBoldIt.ttf	0	TT Supermolot Neue Exp DBold	Bold Italic	TTSupermolotNeue-ExpXBoldIt	TTSupermolotNeue-ExpXBoldIt	TT Supermolot Neue	Expanded ExtraBold Italic	Version 1.000	1.000	800	7	1		626	0	0		0	92	0	94	liga,dlig,calt,onum,lnum,tnum,pnum,salt,frac,sups,case,ordn,numr,dnom,ss01,ss02	kern	ttf	glyf	83192	no	TypeType	Typetype	TpTp		
/Users/bardiasamiee/Library/Application Support/design-tools/fonts/owned/TT-Supermolot-Neue/TTSupermolotNeue-ExpXLight.ttf	0	TT Supermolot Neue Exp Thin	Bold	TTSupermolotNeue-ExpXLight	TTSupermolotNeue-ExpXLight	TT Supermolot Neue	Expanded ExtraLight	Version 1.000	1.000	265	7	0		626	0	0		0	92	0	94	liga,dlig,calt,onum,lnum,tnum,pnum,salt,frac,sups,case,ordn,numr,dnom,ss01,ss02	kern	ttf	glyf	78960	no	TypeType	Typetype	TpTp		
/Users/bardiasamiee/Library/Application Support/design-tools/fonts/owned/TT-Supermolot-Neue/TTSupermolotNeue-ExpXLightIt.ttf	0	TT Supermolot Neue Exp Thin	Bold Italic	TTSupermolotNeue-ExpXLightIt	TTSupermolotNeue-ExpXLightIt	TT Supermolot Neue	Expanded ExtraLight Italic	Version 1.000	1.000	265	7	1		626	0	0		0	92	0	94	liga,dlig,calt,onum,lnum,tnum,pnum,salt,frac,sups,case,ordn,numr,dnom,ss01,ss02	kern	ttf	glyf	84940	no	TypeType	Typetype	TpTp		
/Users/bardiasamiee/Library/Application Support/design-tools/fonts/owned/TT-Supermolot-Neue/TTSupermolotNeue-ExtraBold.ttf	0	TT Supermolot Neue DemiBold	Bold	TTSupermolotNeue-ExtraBold	TTSupermolotNeue-ExtraBold	TT Supermolot Neue	ExtraBold	Version 1.000	1.000	800	5	0		626	0	0		0	92	0	94	liga,dlig,calt,onum,lnum,tnum,pnum,salt,frac,sups,case,ordn,numr,dnom,ss01,ss02	kern	ttf	glyf	75624	no	TypeType	Typetype	TpTp		
/Users/bardiasamiee/Library/Application Support/design-tools/fonts/owned/TT-Supermolot-Neue/TTSupermolotNeue-ExtraBoldItalic.ttf	0	TT Supermolot Neue DemiBold	Bold Italic	TTSupermolotNeue-ExtraBoldItalic	TTSupermolotNeue-ExtraBoldItalic	TT Supermolot Neue	ExtraBold Italic	Version 1.000	1.000	800	5	1		626	0	0		0	92	0	94	liga,dlig,calt,onum,lnum,tnum,pnum,salt,frac,sups,case,ordn,numr,dnom,ss01,ss02	kern	ttf	glyf	81572	no	TypeType	Typetype	TpTp		
/Users/bardiasamiee/Library/Application Support/design-tools/fonts/owned/TT-Supermolot-Neue/TTSupermolotNeue-ExtraLight.ttf	0	TT Supermolot Neue Thin	Bold	TTSupermolotNeue-ExtraLight	TTSupermolotNeue-ExtraLight	TT Supermolot Neue	ExtraLight	Version 1.000	1.000	265	5	0		626	0	0		0	92	0	94	liga,dlig,calt,onum,lnum,tnum,pnum,salt,frac,sups,case,ordn,numr,dnom,ss01,ss02	kern	ttf	glyf	78808	no	TypeType	Typetype	TpTp		
/Users/bardiasamiee/Library/Application Support/design-tools/fonts/owned/TT-Supermolot-Neue/TTSupermolotNeue-ExtraLightItalic.ttf	0	TT Supermolot Neue Thin	Bold Italic	TTSupermolotNeue-ExtraLightItalic	TTSupermolotNeue-ExtraLightItalic	TT Supermolot Neue	ExtraLight Italic	Version 1.000	1.000	265	5	1		626	0	0		0	92	0	94	liga,dlig,calt,onum,lnum,tnum,pnum,salt,frac,sups,case,ordn,numr,dnom,ss01,ss02	kern	ttf	glyf	83360	no	TypeType	Typetype	TpTp		
/Users/bardiasamiee/Library/Application Support/design-tools/fonts/owned/TT-Supermolot-Neue/TTSupermolotNeue-Italic.ttf	0	TT Supermolot Neue	Italic	TTSupermolotNeue-Italic	TTSupermolotNeue-Italic	TT Supermolot Neue	Italic	Version 1.000	1.000	400	5	1		626	0	0		0	92	0	94	liga,dlig,calt,onum,lnum,tnum,pnum,salt,frac,sups,case,ordn,numr,dnom,ss01,ss02	kern	ttf	glyf	83564	no	TypeType	Typetype	TpTp		
/Users/bardiasamiee/Library/Application Support/design-tools/fonts/owned/TT-Supermolot-Neue/TTSupermolotNeue-Light.ttf	0	TT Supermolot Neue Light	Regular	TTSupermolotNeue-Light	TTSupermolotNeue-Light	TT Supermolot Neue	Light	Version 1.000	1.000	300	5	0		626	0	0		0	92	0	94	liga,dlig,calt,onum,lnum,tnum,pnum,salt,frac,sups,case,ordn,numr,dnom,ss01,ss02	kern	ttf	glyf	78816	no	TypeType	Typetype	TpTp		
/Users/bardiasamiee/Library/Application Support/design-tools/fonts/owned/TT-Supermolot-Neue/TTSupermolotNeue-LightItalic.ttf	0	TT Supermolot Neue Light	Italic	TTSupermolotNeue-LightItalic	TTSupermolotNeue-LightItalic	TT Supermolot Neue	Light Italic	Version 1.000	1.000	300	5	1		626	0	0		0	92	0	94	liga,dlig,calt,onum,lnum,tnum,pnum,salt,frac,sups,case,ordn,numr,dnom,ss01,ss02	kern	ttf	glyf	83272	no	TypeType	Typetype	TpTp		
/Users/bardiasamiee/Library/Application Support/design-tools/fonts/owned/TT-Supermolot-Neue/TTSupermolotNeue-Medium.ttf	0	TT Supermolot Neue Light	Bold	TTSupermolotNeue-Medium	TTSupermolotNeue-Medium	TT Supermolot Neue	Medium	Version 1.000	1.000	500	5	0		626	0	0		0	92	0	94	liga,dlig,calt,onum,lnum,tnum,pnum,salt,frac,sups,case,ordn,numr,dnom,ss01,ss02	kern	ttf	glyf	75564	no	TypeType	Typetype	TpTp		
/Users/bardiasamiee/Library/Application Support/design-tools/fonts/owned/TT-Supermolot-Neue/TTSupermolotNeue-MediumItalic.ttf	0	TT Supermolot Neue Light	Bold Italic	TTSupermolotNeue-MediumItalic	TTSupermolotNeue-MediumItalic	TT Supermolot Neue	Medium Italic	Version 1.000	1.000	500	5	1		626	0	0		0	92	0	94	liga,dlig,calt,onum,lnum,tnum,pnum,salt,frac,sups,case,ordn,numr,dnom,ss01,ss02	kern	ttf	glyf	83536	no	TypeType	Typetype	TpTp		
/Users/bardiasamiee/Library/Application Support/design-tools/fonts/owned/TT-Supermolot-Neue/TTSupermolotNeue-Regular.ttf	0	TT Supermolot Neue	Regular	TTSupermolotNeue-Regular	TTSupermolotNeue-Regular	TT Supermolot Neue	Regular	Version 1.000	1.000	400	5	0		626	0	0		0	92	0	94	liga,dlig,calt,onum,lnum,tnum,pnum,salt,frac,sups,case,ordn,numr,dnom,ss01,ss02	kern	ttf	glyf	75956	no	TypeType	Typetype	TpTp		
/Users/bardiasamiee/Library/Application Support/design-tools/fonts/owned/TT-Supermolot-Neue/TTSupermolotNeue-Thin.ttf	0	TT Supermolot Neue Thin	Regular	TTSupermolotNeue-Thin	TTSupermolotNeue-Thin	TT Supermolot Neue	Thin	Version 1.000	1.000	250	5	0		626	0	0		0	92	0	94	liga,dlig,calt,onum,lnum,tnum,pnum,salt,frac,sups,case,ordn,numr,dnom,ss01,ss02	kern	ttf	glyf	78244	no	TypeType	Typetype	TpTp		
/Users/bardiasamiee/Library/Application Support/design-tools/fonts/owned/TT-Supermolot-Neue/TTSupermolotNeue-ThinItalic.ttf	0	TT Supermolot Neue Thin	Italic	TTSupermolotNeue-ThinItalic	TTSupermolotNeue-ThinItalic	TT Supermolot Neue	Thin Italic	Version 1.000	1.000	250	5	1		626	0	0		0	92	0	94	liga,dlig,calt,onum,lnum,tnum,pnum,salt,frac,sups,case,ordn,numr,dnom,ss01,ss02	kern	ttf	glyf	83444	no	TypeType	Typetype	TpTp		
/Users/bardiasamiee/Library/Application Support/design-tools/fonts/owned/Univers-LT-Std/UniversLTStd-Black.ttf	0	Univers LT Std 55	Bold	UniversLTStd-Black	UniversLTStd-Black	Univers LT Std	75 Black	OTF 1.029;PS 001.004;Core 1.0.33;makeotf.lib1.4.1585	1.029	850	5	0		255	0	0		0	11	3	0	liga,frac,sups,ordn,aalt	kern	ttf	glyf	32732	no	Adrian Frutiger		ADBE	http://www.adobe.com/type/legal.html	
/Users/bardiasamiee/Library/Application Support/design-tools/fonts/owned/Univers-LT-Std/UniversLTStd-BlackEx.ttf	0	Univers LT Std 73 Black Ext	Regular	UniversLTStd-BlackEx	UniversLTStd-BlackEx	Univers LT Std	73 Black Extended	OTF 1.029;PS 001.001;Core 1.0.33;makeotf.lib1.4.1585	1.029	850	7	0		255	0	0		0	11	3	0	liga,frac,sups,ordn,aalt	kern	ttf	glyf	28436	no	Adrian Frutiger		ADBE	http://www.adobe.com/type/legal.html	
/Users/bardiasamiee/Library/Application Support/design-tools/fonts/owned/Univers-LT-Std/UniversLTStd-BlackExObl.ttf	0	Univers LT Std 73 Black Ext	Italic	UniversLTStd-BlackExObl	UniversLTStd-BlackExObl	Univers LT Std	73 Black Extended Oblique	OTF 1.029;PS 001.001;Core 1.0.33;makeotf.lib1.4.1585	1.029	850	7	1		255	0	0		0	11	3	0	liga,frac,sups,ordn,aalt	kern	ttf	glyf	30184	no	Adrian Frutiger		ADBE	http://www.adobe.com/type/legal.html	
/Users/bardiasamiee/Library/Application Support/design-tools/fonts/owned/Univers-LT-Std/UniversLTStd-BlackObl.ttf	0	Univers LT Std 55	Bold Italic	UniversLTStd-BlackObl	UniversLTStd-BlackObl	Univers LT Std	75 Black Oblique	OTF 1.029;PS 001.004;Core 1.0.33;makeotf.lib1.4.1585	1.029	850	5	1		255	0	0		0	11	3	0	liga,frac,sups,ordn,aalt	kern	ttf	glyf	34456	no	Adrian Frutiger		ADBE	http://www.adobe.com/type/legal.html	
/Users/bardiasamiee/Library/Application Support/design-tools/fonts/owned/Univers-LT-Std/UniversLTStd-Bold.ttf	0	Univers LT Std 45 Light	Bold	UniversLTStd-Bold	UniversLTStd-Bold	Univers LT Std	65 Bold	OTF 1.029;PS 001.004;Core 1.0.33;makeotf.lib1.4.1585	1.029	700	5	0		255	0	0		0	11	3	0	liga,frac,sups,ordn,aalt	kern	ttf	glyf	33152	no	Adrian Frutiger		ADBE	http://www.adobe.com/type/legal.html	
/Users/bardiasamiee/Library/Application Support/design-tools/fonts/owned/Univers-LT-Std/UniversLTStd-BoldCn.ttf	0	Univers LT Std 47 Cn Lt	Bold	UniversLTStd-BoldCn	UniversLTStd-BoldCn	Univers LT Std	67 Bold Condensed	OTF 1.029;PS 001.002;Core 1.0.33;makeotf.lib1.4.1585	1.029	700	3	0		255	0	0		0	11	3	0	liga,frac,sups,ordn,aalt	kern	ttf	glyf	28240	no	Adrian Frutiger		ADBE	http://www.adobe.com/type/legal.html	
/Users/bardiasamiee/Library/Application Support/design-tools/fonts/owned/Univers-LT-Std/UniversLTStd-BoldCnObl.ttf	0	Univers LT Std 47 Cn Lt	Bold Italic	UniversLTStd-BoldCnObl	UniversLTStd-BoldCnObl	Univers LT Std	67 Bold Condensed Oblique	OTF 1.029;PS 001.002;Core 1.0.33;makeotf.lib1.4.1585	1.029	700	3	1		255	0	0		0	11	3	0	liga,frac,sups,ordn,aalt	kern	ttf	glyf	30048	no	Adrian Frutiger		ADBE	http://www.adobe.com/type/legal.html	
/Users/bardiasamiee/Library/Application Support/design-tools/fonts/owned/Univers-LT-Std/UniversLTStd-BoldEx.ttf	0	Univers LT Std 53 Extended	Bold	UniversLTStd-BoldEx	UniversLTStd-BoldEx	Univers LT Std	63 Bold Extended	OTF 1.029;PS 001.001;Core 1.0.33;makeotf.lib1.4.1585	1.029	700	7	0		255	0	0		0	11	3	0	liga,frac,sups,ordn,aalt	kern	ttf	glyf	29944	no	Adrian Frutiger		ADBE	http://www.adobe.com/type/legal.html	
/Users/bardiasamiee/Library/Application Support/design-tools/fonts/owned/Univers-LT-Std/UniversLTStd-BoldExObl.ttf	0	Univers LT Std 53 Extended	Bold Italic	UniversLTStd-BoldExObl	UniversLTStd-BoldExObl	Univers LT Std	63 Bold Extended Oblique	OTF 1.029;PS 001.001;Core 1.0.33;makeotf.lib1.4.1585	1.029	700	7	1		255	0	0		0	11	3	0	liga,frac,sups,ordn,aalt	kern	ttf	glyf	31768	no	Adrian Frutiger		ADBE	http://www.adobe.com/type/legal.html	
/Users/bardiasamiee/Library/Application Support/design-tools/fonts/owned/Univers-LT-Std/UniversLTStd-BoldObl.ttf	0	Univers LT Std 45 Light	Bold Italic	UniversLTStd-BoldObl	UniversLTStd-BoldObl	Univers LT Std	65 Bold Oblique	OTF 1.029;PS 001.004;Core 1.0.33;makeotf.lib1.4.1585	1.029	700	5	1		255	0	0		0	11	3	0	liga,frac,sups,ordn,aalt	kern	ttf	glyf	35012	no	Adrian Frutiger		ADBE	http://www.adobe.com/type/legal.html	
/Users/bardiasamiee/Library/Application Support/design-tools/fonts/owned/Univers-LT-Std/UniversLTStd-Cn.ttf	0	Univers LT Std 57 Cn	Regular	UniversLTStd-Cn	UniversLTStd-Cn	Univers LT Std	57 Condensed	OTF 1.029;PS 001.003;Core 1.0.33;makeotf.lib1.4.1585	1.029	400	3	0		255	0	0		0	11	3	0	liga,frac,sups,ordn,aalt	kern	ttf	glyf	28092	no	Adrian Frutiger		ADBE	http://www.adobe.com/type/legal.html	
/Users/bardiasamiee/Library/Application Support/design-tools/fonts/owned/Univers-LT-Std/UniversLTStd-CnObl.ttf	0	Univers LT Std 57 Cn	Italic	UniversLTStd-CnObl	UniversLTStd-CnObl	Univers LT Std	57 Condensed Oblique	OTF 1.029;PS 001.003;Core 1.0.33;makeotf.lib1.4.1585	1.029	400	3	1		255	0	0		0	11	3	0	liga,frac,sups,ordn,aalt	kern	ttf	glyf	29788	no	Adrian Frutiger		ADBE	http://www.adobe.com/type/legal.html	
/Users/bardiasamiee/Library/Application Support/design-tools/fonts/owned/Univers-LT-Std/UniversLTStd-Ex.ttf	0	Univers LT Std 53 Extended	Regular	UniversLTStd-Ex	UniversLTStd-Ex	Univers LT Std	53 Extended	OTF 1.029;PS 001.001;Core 1.0.33;makeotf.lib1.4.1585	1.029	400	7	0		255	0	0		0	11	3	0	liga,frac,sups,ordn,aalt	kern	ttf	glyf	29152	no	Adrian Frutiger		ADBE	http://www.adobe.com/type/legal.html	
/Users/bardiasamiee/Library/Application Support/design-tools/fonts/owned/Univers-LT-Std/UniversLTStd-ExObl.ttf	0	Univers LT Std 53 Extended	Italic	UniversLTStd-ExObl	UniversLTStd-ExObl	Univers LT Std	53 Extended Oblique	OTF 1.029;PS 001.001;Core 1.0.33;makeotf.lib1.4.1585	1.029	400	7	1		255	0	0		0	11	3	0	liga,frac,sups,ordn,aalt	kern	ttf	glyf	30812	no	Adrian Frutiger		ADBE	http://www.adobe.com/type/legal.html	
/Users/bardiasamiee/Library/Application Support/design-tools/fonts/owned/Univers-LT-Std/UniversLTStd-Light.ttf	0	Univers LT Std 45 Light	Regular	UniversLTStd-Light	UniversLTStd-Light	Univers LT Std	45 Light	OTF 1.029;PS 001.004;Core 1.0.33;makeotf.lib1.4.1585	1.029	300	5	0		255	0	0		0	11	3	0	liga,frac,sups,ordn,aalt	kern	ttf	glyf	32768	no	Adrian Frutiger		ADBE	http://www.adobe.com/type/legal.html	
/Users/bardiasamiee/Library/Application Support/design-tools/fonts/owned/Univers-LT-Std/UniversLTStd-LightCn.ttf	0	Univers LT Std 47 Cn Lt	Regular	UniversLTStd-LightCn	UniversLTStd-LightCn	Univers LT Std	47 Light Condensed	OTF 1.029;PS 001.002;Core 1.0.33;makeotf.lib1.4.1585	1.029	300	3	0		255	0	0		0	11	3	0	liga,frac,sups,ordn,aalt	kern	ttf	glyf	29100	no	Adrian Frutiger		ADBE	http://www.adobe.com/type/legal.html	
/Users/bardiasamiee/Library/Application Support/design-tools/fonts/owned/Univers-LT-Std/UniversLTStd-LightCnObl.ttf	0	Univers LT Std 47 Cn Lt	Italic	UniversLTStd-LightCnObl	UniversLTStd-LightCnObl	Univers LT Std	47 Light Condensed Oblique	OTF 1.029;PS 001.002;Core 1.0.33;makeotf.lib1.4.1585	1.029	300	3	1		255	0	0		0	11	3	0	liga,frac,sups,ordn,aalt	kern	ttf	glyf	31136	no	Adrian Frutiger		ADBE	http://www.adobe.com/type/legal.html	
/Users/bardiasamiee/Library/Application Support/design-tools/fonts/owned/Univers-LT-Std/UniversLTStd-LightObl.ttf	0	Univers LT Std 45 Light	Italic	UniversLTStd-LightObl	UniversLTStd-LightObl	Univers LT Std	45 Light Oblique	OTF 1.029;PS 001.004;Core 1.0.33;makeotf.lib1.4.1585	1.029	300	5	1		255	0	0		0	11	3	0	liga,frac,sups,ordn,aalt	kern	ttf	glyf	34424	no	Adrian Frutiger		ADBE	http://www.adobe.com/type/legal.html	
/Users/bardiasamiee/Library/Application Support/design-tools/fonts/owned/Univers-LT-Std/UniversLTStd-LightUltraCn.ttf	0	Univers LT Std 49 Light UltraCn	Regular	UniversLTStd-LightUltraCn	UniversLTStd-LightUltraCn	Univers LT Std	49 Light Ultra Condensed	OTF 1.029;PS 001.000;Core 1.0.33;makeotf.lib1.4.1585	1.029	300	1	0		255	0	0		0	11	3	0	liga,frac,sups,ordn,aalt	kern	ttf	glyf	27772	no	Adrian Frutiger		ADBE	http://www.adobe.com/type/legal.html	
/Users/bardiasamiee/Library/Application Support/design-tools/fonts/owned/Univers-LT-Std/UniversLTStd-Obl.ttf	0	Univers LT Std 55	Italic	UniversLTStd-Obl	UniversLTStd-Obl	Univers LT Std	55 Oblique	OTF 1.029;PS 001.004;Core 1.0.33;makeotf.lib1.4.1585	1.029	400	5	1		255	0	0		0	11	3	0	liga,frac,sups,ordn,aalt	kern	ttf	glyf	34800	no	Adrian Frutiger		ADBE	http://www.adobe.com/type/legal.html	
/Users/bardiasamiee/Library/Application Support/design-tools/fonts/owned/Univers-LT-Std/UniversLTStd-ThinUltraCn.ttf	0	Univers LT Std 39 Thin UltraCn	Regular	UniversLTStd-ThinUltraCn	UniversLTStd-ThinUltraCn	Univers LT Std	39 Thin Ultra Condensed	OTF 1.029;PS 001.000;Core 1.0.33;makeotf.lib1.4.1585	1.029	250	1	0		255	0	0		0	11	3	0	liga,frac,sups,ordn,aalt	kern	ttf	glyf	27156	no	Adrian Frutiger		ADBE	http://www.adobe.com/type/legal.html	
/Users/bardiasamiee/Library/Application Support/design-tools/fonts/owned/Univers-LT-Std/UniversLTStd-UltraCn.ttf	0	Univers LT Std 59 UltraCn	Regular	UniversLTStd-UltraCn	UniversLTStd-UltraCn	Univers LT Std	59 Ultra Condensed	Version 1.030	1.000	400	1	0		255	0	0		0	11	3	0	liga,dlig,frac,sups,ordn,aalt	kern	ttf	glyf	29760	no	Adrian Frutiger	Monotype GmbH	LINO	http://www.fonts.com/legal/mi-eula.htm	
/Users/bardiasamiee/Library/Application Support/design-tools/fonts/owned/Univers-LT-Std/UniversLTStd-XBlack.ttf	0	Univers LT Std 85 XBlk	Regular	UniversLTStd-XBlack	UniversLTStd-XBlack	Univers LT Std	85 Extra Black	OTF 1.029;PS 001.000;Core 1.0.33;makeotf.lib1.4.1585	1.029	950	5	0		255	0	0		0	11	3	0	liga,frac,sups,ordn,aalt	kern	ttf	glyf	28300	no	Adrian Frutiger		ADBE	http://www.adobe.com/type/legal.html	
/Users/bardiasamiee/Library/Application Support/design-tools/fonts/owned/Univers-LT-Std/UniversLTStd-XBlackEx.ttf	0	Univers LT Std 93 XBlk Ext	Regular	UniversLTStd-XBlackEx	UniversLTStd-XBlackEx	Univers LT Std	93 Extra Black Extended	OTF 1.029;PS 001.001;Core 1.0.33;makeotf.lib1.4.1585	1.029	950	7	0		255	0	0		0	11	3	0	liga,frac,sups,ordn,aalt	kern	ttf	glyf	29788	no	Adrian Frutiger		ADBE	http://www.adobe.com/type/legal.html	
/Users/bardiasamiee/Library/Application Support/design-tools/fonts/owned/Univers-LT-Std/UniversLTStd-XBlackExObl.ttf	0	Univers LT Std 93 XBlk Ext	Italic	UniversLTStd-XBlackExObl	UniversLTStd-XBlackExObl	Univers LT Std	93 Extra Black Extended Oblique	OTF 1.029;PS 001.001;Core 1.0.33;makeotf.lib1.4.1585	1.029	950	7	1		255	0	0		0	11	3	0	liga,frac,sups,ordn,aalt	kern	ttf	glyf	31404	no	Adrian Frutiger		ADBE	http://www.adobe.com/type/legal.html	
/Users/bardiasamiee/Library/Application Support/design-tools/fonts/owned/Univers-LT-Std/UniversLTStd-XBlackObl.ttf	0	Univers LT Std 85 XBlk	Italic	UniversLTStd-XBlackObl	UniversLTStd-XBlackObl	Univers LT Std	85 Extra Black Oblique	OTF 1.029;PS 001.000;Core 1.0.33;makeotf.lib1.4.1585	1.029	950	5	1		255	0	0		0	11	3	0	liga,frac,sups,ordn,aalt	kern	ttf	glyf	30032	no	Adrian Frutiger		ADBE	http://www.adobe.com/type/legal.html	
/Users/bardiasamiee/Library/Application Support/design-tools/fonts/owned/Univers-LT-Std/UniversLTStd.ttf	0	Univers LT Std 55	Regular	UniversLTStd	UniversLTStd	Univers LT Std	55 Roman	OTF 1.029;PS 001.004;Core 1.0.33;makeotf.lib1.4.1585	1.029	400	5	0		255	0	0		0	11	3	0	liga,frac,sups,ordn,aalt	kern	ttf	glyf	33180	no	Adrian Frutiger		ADBE	http://www.adobe.com/type/legal.html	
/Users/bardiasamiee/Library/CloudStorage/GoogleDrive-b.samiee@mzn-group.com/My Drive/03.Digital Asset Database/01.Fonts/00.Paid Premium Fonts/IvarCompleteOT/IvarDisplay-Bold.otf	0	Ivar Display Bold	Regular	Ivar Display Bold	IvarDisplay-Bold	Ivar Display	Bold	Version 1.802;Glyphs 3.1.2 (3151)	1.802	700	5	0		493	0	0		0	104	0	0	liga,calt,smcp,c2sc,onum,lnum,tnum,pnum,frac,sups,subs,case,ordn,aalt,locl,numr,dnom,ccmp,ss01,ss02,ss12	kern,mark,mkmk	otf	CFF	63100	no	Goran Soderstrom	Letters from Sweden	UKWN		
/Users/bardiasamiee/Library/CloudStorage/GoogleDrive-b.samiee@mzn-group.com/My Drive/03.Digital Asset Database/01.Fonts/00.Paid Premium Fonts/IvarCompleteOT/IvarDisplay-BoldItalic.otf	0	Ivar Display Bold Italic	Regular	Ivar Display Bold Italic	IvarDisplay-BoldItalic	Ivar Display	Bold Italic	Version 1.802;Glyphs 3.1.2 (3151)	1.802	700	5	0		488	0	0		0	104	0	0	liga,calt,smcp,c2sc,onum,lnum,tnum,pnum,frac,sups,subs,case,ordn,aalt,locl,numr,dnom,ccmp,ss01	kern,mark,mkmk	otf	CFF	65340	no	Goran Soderstrom	Letters from Sweden	UKWN		
/Users/bardiasamiee/Library/CloudStorage/GoogleDrive-b.samiee@mzn-group.com/My Drive/03.Digital Asset Database/01.Fonts/00.Paid Premium Fonts/IvarCompleteOT/IvarDisplay-Italic.otf	0	Ivar Display Italic	Regular	Ivar Display Italic	IvarDisplay-Italic	Ivar Display	Italic	Version 1.802;Glyphs 3.1.2 (3151)	1.802	400	5	0		488	0	0		0	104	0	0	liga,calt,smcp,c2sc,onum,lnum,tnum,pnum,frac,sups,subs,case,ordn,aalt,locl,numr,dnom,ccmp,ss01	kern,mark,mkmk	otf	CFF	61548	no	Goran Soderstrom	Letters from Sweden	UKWN		
/Users/bardiasamiee/Library/CloudStorage/GoogleDrive-b.samiee@mzn-group.com/My Drive/03.Digital Asset Database/01.Fonts/00.Paid Premium Fonts/IvarCompleteOT/IvarDisplay-Medium.otf	0	Ivar Display Medium	Regular	Ivar Display Medium	IvarDisplay-Medium	Ivar Display	Medium	Version 1.802;Glyphs 3.1.2 (3151)	1.802	500	5	0		493	0	0		0	104	0	0	liga,calt,smcp,c2sc,onum,lnum,tnum,pnum,frac,sups,subs,case,ordn,aalt,locl,numr,dnom,ccmp,ss01,ss02,ss12	kern,mark,mkmk	otf	CFF	62104	no	Goran Soderstrom	Letters from Sweden	UKWN		
/Users/bardiasamiee/Library/CloudStorage/GoogleDrive-b.samiee@mzn-group.com/My Drive/03.Digital Asset Database/01.Fonts/00.Paid Premium Fonts/IvarCompleteOT/IvarDisplay-MediumItalic.otf	0	Ivar Display Medium Italic	Regular	Ivar Display Medium Italic	IvarDisplay-MediumItalic	Ivar Display	Medium Italic	Version 1.802;Glyphs 3.1.2 (3151)	1.802	500	5	0		488	0	0		0	104	0	0	liga,calt,smcp,c2sc,onum,lnum,tnum,pnum,frac,sups,subs,case,ordn,aalt,locl,numr,dnom,ccmp,ss01	kern,mark,mkmk	otf	CFF	63472	no	Goran Soderstrom	Letters from Sweden	UKWN		
/Users/bardiasamiee/Library/CloudStorage/GoogleDrive-b.samiee@mzn-group.com/My Drive/03.Digital Asset Database/01.Fonts/00.Paid Premium Fonts/IvarCompleteOT/IvarDisplay-Regular.otf	0	Ivar Display	Regular	Ivar Display Regular	IvarDisplay-Regular	Ivar Display	Regular	Version 1.802;Glyphs 3.1.2 (3151)	1.802	400	5	0		493	0	0		0	104	0	0	liga,calt,smcp,c2sc,onum,lnum,tnum,pnum,frac,sups,subs,case,ordn,aalt,locl,numr,dnom,ccmp,ss01,ss02,ss12	kern,mark,mkmk	otf	CFF	61324	no	Goran Soderstrom	Letters from Sweden	UKWN		
/Users/bardiasamiee/Library/CloudStorage/GoogleDrive-b.samiee@mzn-group.com/My Drive/03.Digital Asset Database/01.Fonts/00.Paid Premium Fonts/IvarCompleteOT/IvarDisplay-SemiBold.otf	0	Ivar Display SemiBold	Regular	Ivar Display SemiBold	IvarDisplay-SemiBold	Ivar Display	SemiBold	Version 1.802;Glyphs 3.1.2 (3151)	1.802	600	5	0		493	0	0		0	104	0	0	liga,calt,smcp,c2sc,onum,lnum,tnum,pnum,frac,sups,subs,case,ordn,aalt,locl,numr,dnom,ccmp,ss01,ss02,ss12	kern,mark,mkmk	otf	CFF	63312	no	Goran Soderstrom	Letters from Sweden	UKWN		
/Users/bardiasamiee/Library/CloudStorage/GoogleDrive-b.samiee@mzn-group.com/My Drive/03.Digital Asset Database/01.Fonts/00.Paid Premium Fonts/IvarCompleteOT/IvarDisplay-SemiBoldItalic.otf	0	Ivar Display SemiBold Italic	Regular	Ivar Display SemiBold Italic	IvarDisplay-SemiBoldItalic	Ivar Display	SemiBold Italic	Version 1.802;Glyphs 3.1.2 (3151)	1.802	600	5	0		488	0	0		0	104	0	0	liga,calt,smcp,c2sc,onum,lnum,tnum,pnum,frac,sups,subs,case,ordn,aalt,locl,numr,dnom,ccmp,ss01	kern,mark,mkmk	otf	CFF	64168	no	Goran Soderstrom	Letters from Sweden	UKWN		
/Users/bardiasamiee/Library/CloudStorage/GoogleDrive-b.samiee@mzn-group.com/My Drive/03.Digital Asset Database/01.Fonts/00.Paid Premium Fonts/IvarCompleteOT/IvarHeadline-Bold.otf	0	Ivar Headline Bold	Regular	Ivar Headline Bold	IvarHeadline-Bold	Ivar Headline	Bold	Version 1.802;Glyphs 3.1.2 (3151)	1.802	700	5	0		493	0	0		0	104	0	0	liga,calt,smcp,c2sc,onum,lnum,tnum,pnum,frac,sups,subs,case,ordn,aalt,locl,numr,dnom,ccmp,ss01,ss02,ss12	kern,mark,mkmk	otf	CFF	63768	no	Goran Soderstrom	Letters from Sweden	UKWN		
/Users/bardiasamiee/Library/CloudStorage/GoogleDrive-b.samiee@mzn-group.com/My Drive/03.Digital Asset Database/01.Fonts/00.Paid Premium Fonts/IvarCompleteOT/IvarHeadline-BoldItalic.otf	0	Ivar Headline Bold Italic	Regular	Ivar Headline Bold Italic	IvarHeadline-BoldItalic	Ivar Headline	Bold Italic	Version 1.802;Glyphs 3.1.2 (3151)	1.802	700	5	0		488	0	0		0	104	0	0	liga,calt,smcp,c2sc,onum,lnum,tnum,pnum,frac,sups,subs,case,ordn,aalt,locl,numr,dnom,ccmp,ss01	kern,mark,mkmk	otf	CFF	64628	no	Goran Soderstrom	Letters from Sweden	UKWN		
/Users/bardiasamiee/Library/CloudStorage/GoogleDrive-b.samiee@mzn-group.com/My Drive/03.Digital Asset Database/01.Fonts/00.Paid Premium Fonts/IvarCompleteOT/IvarHeadline-Italic.otf	0	Ivar Headline Italic	Regular	Ivar Headline Italic	IvarHeadline-Italic	Ivar Headline	Italic	Version 1.802;Glyphs 3.1.2 (3151)	1.802	400	5	0		488	0	0		0	104	0	0	liga,calt,smcp,c2sc,onum,lnum,tnum,pnum,frac,sups,subs,case,ordn,aalt,locl,numr,dnom,ccmp,ss01	kern,mark,mkmk	otf	CFF	63260	no	Goran Soderstrom	Letters from Sweden	UKWN		
/Users/bardiasamiee/Library/CloudStorage/GoogleDrive-b.samiee@mzn-group.com/My Drive/03.Digital Asset Database/01.Fonts/00.Paid Premium Fonts/IvarCompleteOT/IvarHeadline-Medium.otf	0	Ivar Headline Medium	Regular	Ivar Headline Medium	IvarHeadline-Medium	Ivar Headline	Medium	Version 1.802;Glyphs 3.1.2 (3151)	1.802	500	5	0		493	0	0		0	104	0	0	liga,calt,smcp,c2sc,onum,lnum,tnum,pnum,frac,sups,subs,case,ordn,aalt,locl,numr,dnom,ccmp,ss01,ss02,ss12	kern,mark,mkmk	otf	CFF	63672	no	Goran Soderstrom	Letters from Sweden	UKWN		
/Users/bardiasamiee/Library/CloudStorage/GoogleDrive-b.samiee@mzn-group.com/My Drive/03.Digital Asset Database/01.Fonts/00.Paid Premium Fonts/IvarCompleteOT/IvarHeadline-MediumItalic.otf	0	Ivar Headline Medium Italic	Regular	Ivar Headline Medium Italic	IvarHeadline-MediumItalic	Ivar Headline	Medium Italic	Version 1.802;Glyphs 3.1.2 (3151)	1.802	500	5	0		488	0	0		0	104	0	0	liga,calt,smcp,c2sc,onum,lnum,tnum,pnum,frac,sups,subs,case,ordn,aalt,locl,numr,dnom,ccmp,ss01	kern,mark,mkmk	otf	CFF	64084	no	Goran Soderstrom	Letters from Sweden	UKWN		
/Users/bardiasamiee/Library/CloudStorage/GoogleDrive-b.samiee@mzn-group.com/My Drive/03.Digital Asset Database/01.Fonts/00.Paid Premium Fonts/IvarCompleteOT/IvarHeadline-Regular.otf	0	Ivar Headline	Regular	Ivar Headline Regular	IvarHeadline-Regular	Ivar Headline	Regular	Version 1.802;Glyphs 3.1.2 (3151)	1.802	400	5	0		493	0	0		0	104	0	0	liga,calt,smcp,c2sc,onum,lnum,tnum,pnum,frac,sups,subs,case,ordn,aalt,locl,numr,dnom,ccmp,ss01,ss02,ss12	kern,mark,mkmk	otf	CFF	62788	no	Goran Soderstrom	Letters from Sweden	UKWN		
/Users/bardiasamiee/Library/CloudStorage/GoogleDrive-b.samiee@mzn-group.com/My Drive/03.Digital Asset Database/01.Fonts/00.Paid Premium Fonts/IvarCompleteOT/IvarHeadline-SemiBold.otf	0	Ivar Headline SemiBold	Regular	Ivar Headline SemiBold	IvarHeadline-SemiBold	Ivar Headline	SemiBold	Version 1.802;Glyphs 3.1.2 (3151)	1.802	600	5	0		493	0	0		0	104	0	0	liga,calt,smcp,c2sc,onum,lnum,tnum,pnum,frac,sups,subs,case,ordn,aalt,locl,numr,dnom,ccmp,ss01,ss02,ss12	kern,mark,mkmk	otf	CFF	64208	no	Goran Soderstrom	Letters from Sweden	UKWN		
/Users/bardiasamiee/Library/CloudStorage/GoogleDrive-b.samiee@mzn-group.com/My Drive/03.Digital Asset Database/01.Fonts/00.Paid Premium Fonts/IvarCompleteOT/IvarHeadline-SemiBoldItalic.otf	0	Ivar Headline SemiBold Italic	Regular	Ivar Headline SemiBold Italic	IvarHeadline-SemiBoldItalic	Ivar Headline	SemiBold Italic	Version 1.802;Glyphs 3.1.2 (3151)	1.802	600	5	0		488	0	0		0	104	0	0	liga,calt,smcp,c2sc,onum,lnum,tnum,pnum,frac,sups,subs,case,ordn,aalt,locl,numr,dnom,ccmp,ss01	kern,mark,mkmk	otf	CFF	63760	no	Goran Soderstrom	Letters from Sweden	UKWN		
/Users/bardiasamiee/Library/CloudStorage/GoogleDrive-b.samiee@mzn-group.com/My Drive/03.Digital Asset Database/01.Fonts/00.Paid Premium Fonts/IvarCompleteOT/IvarText-Bold.otf	0	Ivar Text Bold	Regular	Ivar Text Bold	IvarText-Bold	Ivar Text	Bold	Version 1.802;Glyphs 3.1.2 (3151)	1.802	700	5	0		614	0	0		0	104	0	0	liga,calt,smcp,c2sc,onum,lnum,tnum,pnum,frac,sups,subs,case,ordn,aalt,locl,numr,dnom,ccmp,ss01,ss02,ss12	kern,mark,mkmk	otf	CFF	80308	no	Goran Soderstrom	Letters from Sweden	UKWN		
/Users/bardiasamiee/Library/CloudStorage/GoogleDrive-b.samiee@mzn-group.com/My Drive/03.Digital Asset Database/01.Fonts/00.Paid Premium Fonts/IvarCompleteOT/IvarText-BoldItalic.otf	0	Ivar Text Bold Italic	Regular	Ivar Text Bold Italic	IvarText-BoldItalic	Ivar Text	Bold Italic	Version 1.802;Glyphs 3.1.2 (3151)	1.802	700	5	0		608	0	0		0	104	0	0	liga,calt,smcp,c2sc,onum,lnum,tnum,pnum,salt,frac,sups,subs,case,ordn,aalt,locl,numr,dnom,ccmp,ss01	kern,mark,mkmk	otf	CFF	81344	no	Goran Soderstrom	Letters from Sweden	UKWN		
/Users/bardiasamiee/Library/CloudStorage/GoogleDrive-b.samiee@mzn-group.com/My Drive/03.Digital Asset Database/01.Fonts/00.Paid Premium Fonts/IvarCompleteOT/IvarText-Italic.otf	0	Ivar Text Italic	Regular	Ivar Text Italic	IvarText-Italic	Ivar Text	Italic	Version 1.802;Glyphs 3.1.2 (3151)	1.802	400	5	0		608	0	0		0	104	0	0	liga,calt,smcp,c2sc,onum,lnum,tnum,pnum,salt,frac,sups,subs,case,ordn,aalt,locl,numr,dnom,ccmp,ss01	kern,mark,mkmk	otf	CFF	78620	no	Goran Soderstrom	Letters from Sweden	UKWN		
/Users/bardiasamiee/Library/CloudStorage/GoogleDrive-b.samiee@mzn-group.com/My Drive/03.Digital Asset Database/01.Fonts/00.Paid Premium Fonts/IvarCompleteOT/IvarText-Medium.otf	0	Ivar Text Medium	Regular	Ivar Text Medium	IvarText-Medium	Ivar Text	Medium	Version 1.802;Glyphs 3.1.2 (3151)	1.802	500	5	0		614	0	0		0	104	0	0	liga,calt,smcp,c2sc,onum,lnum,tnum,pnum,frac,sups,subs,case,ordn,aalt,locl,numr,dnom,ccmp,ss01,ss02,ss12	kern,mark,mkmk	otf	CFF	79680	no	Goran Soderstrom	Letters from Sweden	UKWN		
/Users/bardiasamiee/Library/CloudStorage/GoogleDrive-b.samiee@mzn-group.com/My Drive/03.Digital Asset Database/01.Fonts/00.Paid Premium Fonts/IvarCompleteOT/IvarText-MediumItalic.otf	0	Ivar Text Medium Italic	Regular	Ivar Text Medium Italic	IvarText-MediumItalic	Ivar Text	Medium Italic	Version 1.802;Glyphs 3.1.2 (3151)	1.802	500	5	0		608	0	0		0	104	0	0	liga,calt,smcp,c2sc,onum,lnum,tnum,pnum,salt,frac,sups,subs,case,ordn,aalt,locl,numr,dnom,ccmp,ss01	kern,mark,mkmk	otf	CFF	79632	no	Goran Soderstrom	Letters from Sweden	UKWN		
/Users/bardiasamiee/Library/CloudStorage/GoogleDrive-b.samiee@mzn-group.com/My Drive/03.Digital Asset Database/01.Fonts/00.Paid Premium Fonts/IvarCompleteOT/IvarText-Regular.otf	0	Ivar Text	Regular	Ivar Text Regular	IvarText-Regular	Ivar Text	Regular	Version 1.802;Glyphs 3.1.2 (3151)	1.802	400	5	0		614	0	0		0	104	0	0	liga,calt,smcp,c2sc,onum,lnum,tnum,pnum,frac,sups,subs,case,ordn,aalt,locl,numr,dnom,ccmp,ss01,ss02,ss12	kern,mark,mkmk	otf	CFF	78692	no	Goran Soderstrom	Letters from Sweden	UKWN		
/Users/bardiasamiee/Library/CloudStorage/GoogleDrive-b.samiee@mzn-group.com/My Drive/03.Digital Asset Database/01.Fonts/00.Paid Premium Fonts/IvarCompleteOT/IvarText-SemiBold.otf	0	Ivar Text SemiBold	Regular	Ivar Text SemiBold	IvarText-SemiBold	Ivar Text	SemiBold	Version 1.802;Glyphs 3.1.2 (3151)	1.802	600	5	0		614	0	0		0	104	0	0	liga,calt,smcp,c2sc,onum,lnum,tnum,pnum,frac,sups,subs,case,ordn,aalt,locl,numr,dnom,ccmp,ss01,ss02,ss12	kern,mark,mkmk	otf	CFF	80588	no	Goran Soderstrom	Letters from Sweden	UKWN		
/Users/bardiasamiee/Library/CloudStorage/GoogleDrive-b.samiee@mzn-group.com/My Drive/03.Digital Asset Database/01.Fonts/00.Paid Premium Fonts/IvarCompleteOT/IvarText-SemiBoldItalic.otf	0	Ivar Text SemiBold Italic	Regular	Ivar Text SemiBold Italic	IvarText-SemiBoldItalic	Ivar Text	SemiBold Italic	Version 1.802;Glyphs 3.1.2 (3151)	1.802	600	5	0		608	0	0		0	104	0	0	liga,calt,smcp,c2sc,onum,lnum,tnum,pnum,salt,frac,sups,subs,case,ordn,aalt,locl,numr,dnom,ccmp,ss01	kern,mark,mkmk	otf	CFF	81496	no	Goran Soderstrom	Letters from Sweden	UKWN		
/Users/bardiasamiee/Library/CloudStorage/GoogleDrive-b.samiee@mzn-group.com/My Drive/03.Digital Asset Database/01.Fonts/00.Paid Premium Fonts/IvarFineCompleteOT/IvarFine-Bold.otf	0	Ivar Fine Bold	Regular	Ivar Fine Bold	IvarFine-Bold	Ivar Fine	Bold	Version 1.802;Glyphs 3.1.2 (3151)	1.802	700	5	0		493	0	0		0	104	0	0	liga,calt,smcp,c2sc,onum,lnum,tnum,pnum,frac,sups,subs,case,ordn,aalt,locl,numr,dnom,ccmp,ss01,ss02,ss12	kern,mark,mkmk	otf	CFF	66340	no	Goran Soderstrom	Letters from Sweden	UKWN		
/Users/bardiasamiee/Library/CloudStorage/GoogleDrive-b.samiee@mzn-group.com/My Drive/03.Digital Asset Database/01.Fonts/00.Paid Premium Fonts/IvarFineCompleteOT/IvarFine-BoldItalic.otf	0	Ivar Fine Bold Italic	Regular	Ivar Fine Bold Italic	IvarFine-BoldItalic	Ivar Fine	Bold Italic	Version 1.802;Glyphs 3.1.2 (3151)	1.802	700	5	0		488	0	0		0	104	0	0	liga,calt,smcp,c2sc,onum,lnum,tnum,pnum,frac,sups,subs,case,ordn,aalt,locl,numr,dnom,ccmp,ss01	kern,mark,mkmk	otf	CFF	65388	no	Goran Soderstrom	Letters from Sweden	UKWN		
/Users/bardiasamiee/Library/CloudStorage/GoogleDrive-b.samiee@mzn-group.com/My Drive/03.Digital Asset Database/01.Fonts/00.Paid Premium Fonts/IvarFineCompleteOT/IvarFine-Italic.otf	0	Ivar Fine Italic	Regular	Ivar Fine Italic	IvarFine-Italic	Ivar Fine	Italic	Version 1.802;Glyphs 3.1.2 (3151)	1.802	400	5	0		488	0	0		0	104	0	0	liga,calt,smcp,c2sc,onum,lnum,tnum,pnum,frac,sups,subs,case,ordn,aalt,locl,numr,dnom,ccmp,ss01	kern,mark,mkmk	otf	CFF	63060	no	Goran Soderstrom	Letters from Sweden	UKWN		
/Users/bardiasamiee/Library/CloudStorage/GoogleDrive-b.samiee@mzn-group.com/My Drive/03.Digital Asset Database/01.Fonts/00.Paid Premium Fonts/IvarFineCompleteOT/IvarFine-Light.otf	0	Ivar Fine Light	Regular	Ivar Fine Light	IvarFine-Light	Ivar Fine	Light	Version 1.802;Glyphs 3.1.2 (3151)	1.802	300	5	0		493	0	0		0	104	0	0	liga,calt,smcp,c2sc,onum,lnum,tnum,pnum,frac,sups,subs,case,ordn,aalt,locl,numr,dnom,ccmp,ss01,ss02,ss12	kern,mark,mkmk	otf	CFF	63432	no	Goran Soderstrom	Letters from Sweden	UKWN		
/Users/bardiasamiee/Library/CloudStorage/GoogleDrive-b.samiee@mzn-group.com/My Drive/03.Digital Asset Database/01.Fonts/00.Paid Premium Fonts/IvarFineCompleteOT/IvarFine-LightItalic.otf	0	Ivar Fine Light Italic	Regular	Ivar Fine Light Italic	IvarFine-LightItalic	Ivar Fine	Light Italic	Version 1.802;Glyphs 3.1.2 (3151)	1.802	300	5	0		488	0	0		0	104	0	0	liga,calt,smcp,c2sc,onum,lnum,tnum,pnum,frac,sups,subs,case,ordn,aalt,locl,numr,dnom,ccmp,ss01	kern,mark,mkmk	otf	CFF	62400	no	Goran Soderstrom	Letters from Sweden	UKWN		
/Users/bardiasamiee/Library/CloudStorage/GoogleDrive-b.samiee@mzn-group.com/My Drive/03.Digital Asset Database/01.Fonts/00.Paid Premium Fonts/IvarFineCompleteOT/IvarFine-Medium.otf	0	Ivar Fine Medium	Regular	Ivar Fine Medium	IvarFine-Medium	Ivar Fine	Medium	Version 1.802;Glyphs 3.1.2 (3151)	1.802	500	5	0		493	0	0		0	104	0	0	liga,calt,smcp,c2sc,onum,lnum,tnum,pnum,frac,sups,subs,case,ordn,aalt,locl,numr,dnom,ccmp,ss01,ss02,ss12	kern,mark,mkmk	otf	CFF	64476	no	Goran Soderstrom	Letters from Sweden	UKWN		
/Users/bardiasamiee/Library/CloudStorage/GoogleDrive-b.samiee@mzn-group.com/My Drive/03.Digital Asset Database/01.Fonts/00.Paid Premium Fonts/IvarFineCompleteOT/IvarFine-MediumItalic.otf	0	Ivar Fine Medium Italic	Regular	Ivar Fine Medium Italic	IvarFine-MediumItalic	Ivar Fine	Medium Italic	Version 1.802;Glyphs 3.1.2 (3151)	1.802	500	5	0		488	0	0		0	104	0	0	liga,calt,smcp,c2sc,onum,lnum,tnum,pnum,frac,sups,subs,case,ordn,aalt,locl,numr,dnom,ccmp,ss01	kern,mark,mkmk	otf	CFF	63760	no	Goran Soderstrom	Letters from Sweden	UKWN		
/Users/bardiasamiee/Library/CloudStorage/GoogleDrive-b.samiee@mzn-group.com/My Drive/03.Digital Asset Database/01.Fonts/00.Paid Premium Fonts/IvarFineCompleteOT/IvarFine-Regular.otf	0	Ivar Fine	Regular	Ivar Fine Regular	IvarFine-Regular	Ivar Fine	Regular	Version 1.802;Glyphs 3.1.2 (3151)	1.802	400	5	0		493	0	0		0	104	0	0	liga,calt,smcp,c2sc,onum,lnum,tnum,pnum,frac,sups,subs,case,ordn,aalt,locl,numr,dnom,ccmp,ss01,ss02,ss12	kern,mark,mkmk	otf	CFF	64652	no	Goran Soderstrom	Letters from Sweden	UKWN		
/Users/bardiasamiee/Library/CloudStorage/GoogleDrive-b.samiee@mzn-group.com/My Drive/03.Digital Asset Database/01.Fonts/00.Paid Premium Fonts/IvarFineCompleteOT/IvarFine-SemiBold.otf	0	Ivar Fine SemiBold	Regular	Ivar Fine SemiBold	IvarFine-SemiBold	Ivar Fine	SemiBold	Version 1.802;Glyphs 3.1.2 (3151)	1.802	600	5	0		493	0	0		0	104	0	0	liga,calt,smcp,c2sc,onum,lnum,tnum,pnum,frac,sups,subs,case,ordn,aalt,locl,numr,dnom,ccmp,ss01,ss02,ss12	kern,mark,mkmk	otf	CFF	65360	no	Goran Soderstrom	Letters from Sweden	UKWN		
/Users/bardiasamiee/Library/CloudStorage/GoogleDrive-b.samiee@mzn-group.com/My Drive/03.Digital Asset Database/01.Fonts/00.Paid Premium Fonts/IvarFineCompleteOT/IvarFine-SemiBoldItalic.otf	0	Ivar Fine SemiBold Italic	Regular	Ivar Fine SemiBold Italic	IvarFine-SemiBoldItalic	Ivar Fine	SemiBold Italic	Version 1.802;Glyphs 3.1.2 (3151)	1.802	600	5	0		488	0	0		0	104	0	0	liga,calt,smcp,c2sc,onum,lnum,tnum,pnum,frac,sups,subs,case,ordn,aalt,locl,numr,dnom,ccmp,ss01	kern,mark,mkmk	otf	CFF	63576	no	Goran Soderstrom	Letters from Sweden	UKWN		
/Users/bardiasamiee/Library/CloudStorage/GoogleDrive-b.samiee@mzn-group.com/My Drive/03.Digital Asset Database/01.Fonts/00.Paid Premium Fonts/SwedishGothicCompleteOT/SwedishGothic-Black.otf	0	Swedish Gothic Black	Regular	Swedish Gothic Black	SwedishGothic-Black	Swedish Gothic	Black	Version 1.401;hotconv 1.0.109;makeotfexe 2.5.65596	1.401	800	5	0		474	0	0		0	105	6	0	tnum,pnum,salt,frac,sups,subs,zero,case,ordn,aalt,locl,numr,dnom,ccmp,ss01,ss02,ss03	kern,mark,mkmk	otf	CFF	53248	no	Göran Söderström	Letters from Sweden	UKWN		
/Users/bardiasamiee/Library/CloudStorage/GoogleDrive-b.samiee@mzn-group.com/My Drive/03.Digital Asset Database/01.Fonts/00.Paid Premium Fonts/SwedishGothicCompleteOT/SwedishGothic-BlackItalic.otf	0	Swedish Gothic Black Italic	Regular	Swedish Gothic Black Italic	SwedishGothic-BlackItalic	Swedish Gothic	Black Italic	Version 1.401;hotconv 1.0.109;makeotfexe 2.5.65596	1.401	800	5	0		474	0	0		0	105	6	0	tnum,pnum,salt,frac,sups,subs,zero,case,ordn,aalt,locl,numr,dnom,ccmp,ss01,ss02,ss03	kern,mark,mkmk	otf	CFF	53396	no	Göran Söderström	Letters from Sweden	UKWN		
/Users/bardiasamiee/Library/CloudStorage/GoogleDrive-b.samiee@mzn-group.com/My Drive/03.Digital Asset Database/01.Fonts/00.Paid Premium Fonts/SwedishGothicCompleteOT/SwedishGothic-Bold.otf	0	Swedish Gothic Bold	Regular	Swedish Gothic Bold	SwedishGothic-Bold	Swedish Gothic	Bold	Version 1.401;hotconv 1.0.109;makeotfexe 2.5.65596	1.401	700	5	0		474	0	0		0	105	6	0	tnum,pnum,salt,frac,sups,subs,zero,case,ordn,aalt,locl,numr,dnom,ccmp,ss01,ss02,ss03	kern,mark,mkmk	otf	CFF	54120	no	Göran Söderström	Letters from Sweden	UKWN		
/Users/bardiasamiee/Library/CloudStorage/GoogleDrive-b.samiee@mzn-group.com/My Drive/03.Digital Asset Database/01.Fonts/00.Paid Premium Fonts/SwedishGothicCompleteOT/SwedishGothic-BoldItalic.otf	0	Swedish Gothic Bold Italic	Regular	Swedish Gothic Bold Italic	SwedishGothic-BoldItalic	Swedish Gothic	Bold Italic	Version 1.401;hotconv 1.0.109;makeotfexe 2.5.65596	1.401	700	5	0		474	0	0		0	105	6	0	tnum,pnum,salt,frac,sups,subs,zero,case,ordn,aalt,locl,numr,dnom,ccmp,ss01,ss02,ss03	kern,mark,mkmk	otf	CFF	54520	no	Göran Söderström	Letters from Sweden	UKWN		
/Users/bardiasamiee/Library/CloudStorage/GoogleDrive-b.samiee@mzn-group.com/My Drive/03.Digital Asset Database/01.Fonts/00.Paid Premium Fonts/SwedishGothicCompleteOT/SwedishGothic-Light.otf	0	Swedish Gothic Light	Regular	Swedish Gothic Light	SwedishGothic-Light	Swedish Gothic	Light	Version 1.401;hotconv 1.0.109;makeotfexe 2.5.65596	1.401	300	5	0		474	0	0		0	105	6	0	tnum,pnum,salt,frac,sups,subs,zero,case,ordn,aalt,locl,numr,dnom,ccmp,ss01,ss02,ss03	kern,mark,mkmk	otf	CFF	52208	no	Göran Söderström	Letters from Sweden	UKWN		
/Users/bardiasamiee/Library/CloudStorage/GoogleDrive-b.samiee@mzn-group.com/My Drive/03.Digital Asset Database/01.Fonts/00.Paid Premium Fonts/SwedishGothicCompleteOT/SwedishGothic-LightItalic.otf	0	Swedish Gothic Light Italic	Regular	Swedish Gothic Light Italic	SwedishGothic-LightItalic	Swedish Gothic	Light Italic	Version 1.401;hotconv 1.0.109;makeotfexe 2.5.65596	1.401	300	5	0		474	0	0		0	105	6	0	tnum,pnum,salt,frac,sups,subs,zero,case,ordn,aalt,locl,numr,dnom,ccmp,ss01,ss02,ss03	kern,mark,mkmk	otf	CFF	53256	no	Göran Söderström	Letters from Sweden	UKWN		
/Users/bardiasamiee/Library/CloudStorage/GoogleDrive-b.samiee@mzn-group.com/My Drive/03.Digital Asset Database/01.Fonts/00.Paid Premium Fonts/SwedishGothicCompleteOT/SwedishGothic-Medium.otf	0	Swedish Gothic Medium	Regular	Swedish Gothic Medium	SwedishGothic-Medium	Swedish Gothic	Medium	Version 1.401;hotconv 1.0.109;makeotfexe 2.5.65596	1.401	500	5	0		474	0	0		0	105	6	0	tnum,pnum,salt,frac,sups,subs,zero,case,ordn,aalt,locl,numr,dnom,ccmp,ss01,ss02,ss03	kern,mark,mkmk	otf	CFF	52544	no	Göran Söderström	Letters from Sweden	UKWN		
/Users/bardiasamiee/Library/CloudStorage/GoogleDrive-b.samiee@mzn-group.com/My Drive/03.Digital Asset Database/01.Fonts/00.Paid Premium Fonts/SwedishGothicCompleteOT/SwedishGothic-MediumItalic.otf	0	Swedish Gothic Medium Italic	Regular	Swedish Gothic Medium Italic	SwedishGothic-MediumItalic	Swedish Gothic	Medium Italic	Version 1.401;hotconv 1.0.109;makeotfexe 2.5.65596	1.401	500	5	0		474	0	0		0	105	6	0	tnum,pnum,salt,frac,sups,subs,zero,case,ordn,aalt,locl,numr,dnom,ccmp,ss01,ss02,ss03	kern,mark,mkmk	otf	CFF	54076	no	Göran Söderström	Letters from Sweden	UKWN		
/Users/bardiasamiee/Library/CloudStorage/GoogleDrive-b.samiee@mzn-group.com/My Drive/03.Digital Asset Database/01.Fonts/00.Paid Premium Fonts/SwedishGothicCompleteOT/SwedishGothic-Regular.otf	0	Swedish Gothic	Regular	Swedish Gothic Regular	SwedishGothic-Regular			Version 1.401;hotconv 1.0.109;makeotfexe 2.5.65596	1.401	400	5	0		474	0	0		0	105	6	0	tnum,pnum,salt,frac,sups,subs,zero,case,ordn,aalt,locl,numr,dnom,ccmp,ss01,ss02,ss03	kern,mark,mkmk	otf	CFF	52432	no	Göran Söderström	Letters from Sweden	UKWN		
/Users/bardiasamiee/Library/CloudStorage/GoogleDrive-b.samiee@mzn-group.com/My Drive/03.Digital Asset Database/01.Fonts/00.Paid Premium Fonts/SwedishGothicCompleteOT/SwedishGothic-RegularItalic.otf	0	Swedish Gothic Italic	Regular	Swedish Gothic Regular Italic	SwedishGothic-RegularItalic	Swedish Gothic	Regular Italic	Version 1.401;hotconv 1.0.109;makeotfexe 2.5.65596	1.401	400	5	0		474	0	0		0	105	6	0	tnum,pnum,salt,frac,sups,subs,zero,case,ordn,aalt,locl,numr,dnom,ccmp,ss01,ss02,ss03	kern,mark,mkmk	otf	CFF	53660	no	Göran Söderström	Letters from Sweden	UKWN		
/Users/bardiasamiee/Library/CloudStorage/GoogleDrive-b.samiee@mzn-group.com/My Drive/03.Digital Asset Database/01.Fonts/00.Paid Premium Fonts/SwedishGothicCompleteOT/SwedishGothic-SemiBold.otf	0	Swedish Gothic SemiBold	Regular	Swedish Gothic SemiBold	SwedishGothic-SemiBold	Swedish Gothic	SemiBold	Version 1.401;hotconv 1.0.109;makeotfexe 2.5.65596	1.401	600	5	0		474	0	0		0	105	6	0	tnum,pnum,salt,frac,sups,subs,zero,case,ordn,aalt,locl,numr,dnom,ccmp,ss01,ss02,ss03	kern,mark,mkmk	otf	CFF	52976	no	Göran Söderström	Letters from Sweden	UKWN		
/Users/bardiasamiee/Library/CloudStorage/GoogleDrive-b.samiee@mzn-group.com/My Drive/03.Digital Asset Database/01.Fonts/00.Paid Premium Fonts/SwedishGothicCompleteOT/SwedishGothic-SemiBoldItalic.otf	0	Swedish Gothic SemiBold Italic	Regular	Swedish Gothic SemiBold Italic	SwedishGothic-SemiBoldItalic	Swedish Gothic	SemiBold Italic	Version 1.401;hotconv 1.0.109;makeotfexe 2.5.65596	1.401	600	5	0		474	0	0		0	105	6	0	tnum,pnum,salt,frac,sups,subs,zero,case,ordn,aalt,locl,numr,dnom,ccmp,ss01,ss02,ss03	kern,mark,mkmk	otf	CFF	54248	no	Göran Söderström	Letters from Sweden	UKWN		
/Users/bardiasamiee/Library/CloudStorage/GoogleDrive-b.samiee@mzn-group.com/My Drive/03.Digital Asset Database/01.Fonts/00.Paid Premium Fonts/SwedishGothicCompleteOT/SwedishGothic-Thin.otf	0	Swedish Gothic Thin	Regular	Swedish Gothic Thin	SwedishGothic-Thin	Swedish Gothic	Thin	Version 1.401;hotconv 1.0.109;makeotfexe 2.5.65596	1.401	250	5	0		474	0	0		0	105	6	0	tnum,pnum,salt,frac,sups,subs,zero,case,ordn,aalt,locl,numr,dnom,ccmp,ss01,ss02,ss03	kern,mark,mkmk	otf	CFF	51288	no	Göran Söderström	Letters from Sweden	UKWN		
/Users/bardiasamiee/Library/CloudStorage/GoogleDrive-b.samiee@mzn-group.com/My Drive/03.Digital Asset Database/01.Fonts/00.Paid Premium Fonts/SwedishGothicCompleteOT/SwedishGothic-ThinItalic.otf	0	Swedish Gothic Thin Italic	Regular	Swedish Gothic Thin Italic	SwedishGothic-ThinItalic	Swedish Gothic	Thin Italic	Version 1.401;hotconv 1.0.109;makeotfexe 2.5.65596	1.401	250	5	0		474	0	0		0	105	6	0	tnum,pnum,salt,frac,sups,subs,zero,case,ordn,aalt,locl,numr,dnom,ccmp,ss01,ss02,ss03	kern,mark,mkmk	otf	CFF	51580	no	Göran Söderström	Letters from Sweden	UKWN		
/Users/bardiasamiee/Library/CloudStorage/GoogleDrive-b.samiee@mzn-group.com/My Drive/03.Digital Asset Database/01.Fonts/00.Paid Premium Fonts/TorGroteskMix/TorGroteskMix-ThinMax.otf	0	Tor Grotesk Mix Thin Max	Regular	Tor Grotesk Mix Thin Max	TorGroteskMix-ThinMax	Tor Grotesk Mix	Thin Max	Version 1.000;Glyphs 3.2 (3245)	1.000	400	2	0		638	0	0		0	124	1	0	liga,onum,lnum,tnum,pnum,frac,sups,case,ordn,aalt,locl,ccmp,ss02	kern,mark,mkmk	otf	CFF	60020	no	Marian Misiak	Threedotstype	TDT		
/Users/bardiasamiee/Library/CloudStorage/GoogleDrive-b.samiee@mzn-group.com/My Drive/03.Digital Asset Database/01.Fonts/00.Paid Premium Fonts/TorGroteskMix/TorGroteskMix-ThinMed.otf	0	Tor Grotesk Mix Thin Med	Regular	Tor Grotesk Mix Thin Med	TorGroteskMix-ThinMed	Tor Grotesk Mix	Thin Med	Version 1.000;Glyphs 3.2 (3245)	1.000	300	2	0		638	0	0		0	124	1	0	liga,onum,lnum,tnum,pnum,frac,sups,case,ordn,aalt,locl,ccmp,ss02	kern,mark,mkmk	otf	CFF	56956	no	Marian Misiak	Threedotstype	TDT		
/Users/bardiasamiee/Library/CloudStorage/GoogleDrive-b.samiee@mzn-group.com/My Drive/03.Digital Asset Database/01.Fonts/00.Paid Premium Fonts/TorGroteskMix/TorGroteskMix-ThinMin.otf	0	Tor Grotesk Mix Thin Min	Regular	Tor Grotesk Mix Thin Min	TorGroteskMix-ThinMin	Tor Grotesk Mix	Thin Min	Version 1.000;Glyphs 3.2 (3245)	1.000	100	2	0		638	0	0		0	124	1	0	liga,onum,lnum,tnum,pnum,frac,sups,case,ordn,aalt,locl,ccmp,ss02	kern,mark,mkmk	otf	CFF	56112	no	Marian Misiak	Threedotstype	TDT		
/Users/bardiasamiee/Library/CloudStorage/GoogleDrive-b.samiee@mzn-group.com/My Drive/03.Digital Asset Database/01.Fonts/00.Paid Premium Fonts/TorGroteskMix/TorGroteskMix-ThinVariableVF.ttf	0	Tor Grotesk Mix Thin Max	Regular	Tor Grotesk Mix Thin Max	TorGroteskMixThinVariable-ThinMax	Tor Grotesk Mix	Thin Max	Version 1.000;Glyphs 3.2 (3245)	1.000	400	2	0	DOSZ[1..100..100]	638	0	0		0	124	1	0	liga,onum,lnum,tnum,pnum,frac,sups,case,ordn,aalt,locl,ccmp,ss02	kern,mark,mkmk	ttf	glyf	96600	no	Marian Misiak	Threedotstype	TDT		
/Users/bardiasamiee/Library/CloudStorage/GoogleDrive-b.samiee@mzn-group.com/My Drive/03.Digital Asset Database/01.Fonts/01.Premium Fonts/Akzidenz-Grotesk/AkzidGrtskNext-Black.ttf	0	Akzidenz-Grotesk Next Black	Regular	AkzidGrtskNext-Black	AkzidGrtskNext-Black	Akzidenz-Grotesk Next	Black	Version 001.000;Core 1.0.01;otf.5.02.2298;42.06W	1.000	900	5	0		553	0	0		0	139	5	0	liga,tnum,pnum,frac,sups,subs,case,ordn,aalt,locl,numr,dnom,hist	kern	ttf	glyf	109244	no	Bernd Moellenstaedt and Dieter Hofrichter	Berthold	BERT	http://www.bertholdtypes.com/info/agreement.html	
/Users/bardiasamiee/Library/CloudStorage/GoogleDrive-b.samiee@mzn-group.com/My Drive/03.Digital Asset Database/01.Fonts/01.Premium Fonts/Akzidenz-Grotesk/AkzidGrtskNext-BlackIt.ttf	0	Akzidenz-Grotesk Next Black	Italic	AkzidGrtskNext-BlackIt	AkzidGrtskNext-BlackIt	Akzidenz-Grotesk Next	Black Italic	Version 001.000;Core 1.0.01;otf.5.02.2298;42.06W	1.000	900	5	1		553	0	0		0	139	5	0	liga,tnum,pnum,frac,sups,subs,case,ordn,aalt,locl,numr,dnom,hist	kern	ttf	glyf	113292	no	Bernd Moellenstaedt and Dieter Hofrichter	Berthold	BERT	http://www.bertholdtypes.com/info/agreement.html	
/Users/bardiasamiee/Library/CloudStorage/GoogleDrive-b.samiee@mzn-group.com/My Drive/03.Digital Asset Database/01.Fonts/01.Premium Fonts/Akzidenz-Grotesk/AkzidGrtskNext-Bold.ttf	0	Akzidenz-Grotesk Next Bold	Regular	AkzidGrtskNext-Bold	AkzidGrtskNext-Bold	Akzidenz-Grotesk Next	Bold	Version 001.000;Core 1.0.01;otf.5.02.2298;42.06W	1.000	700	5	0		553	0	0		0	139	5	0	liga,tnum,pnum,frac,sups,subs,case,ordn,aalt,locl,numr,dnom,hist	kern	ttf	glyf	109640	no	Bernd Moellenstaedt and Dieter Hofrichter	Berthold	BERT	http://www.bertholdtypes.com/info/agreement.html	
/Users/bardiasamiee/Library/CloudStorage/GoogleDrive-b.samiee@mzn-group.com/My Drive/03.Digital Asset Database/01.Fonts/01.Premium Fonts/Akzidenz-Grotesk/AkzidGrtskNext-BoldIt.ttf	0	Akzidenz-Grotesk Next Bold	Italic	AkzidGrtskNext-BoldIt	AkzidGrtskNext-BoldIt	Akzidenz-Grotesk Next	Bold Italic	Version 001.000;Core 1.0.01;otf.5.02.2298;42.06W	1.000	700	5	1		553	0	0		0	139	5	0	liga,tnum,pnum,frac,sups,subs,case,ordn,aalt,locl,numr,dnom,hist	kern	ttf	glyf	113020	no	Bernd Moellenstaedt and Dieter Hofrichter	Berthold	BERT	http://www.bertholdtypes.com/info/agreement.html	
/Users/bardiasamiee/Library/CloudStorage/GoogleDrive-b.samiee@mzn-group.com/My Drive/03.Digital Asset Database/01.Fonts/01.Premium Fonts/Akzidenz-Grotesk/AkzidGrtskNext-ExtraBold.ttf	0	Akzidenz-Grotesk Next XBold	Regular	AkzidGrtskNext-ExtraBold	AkzidGrtskNext-ExtraBold	Akzidenz-Grotesk Next	ExtraBold	Version 001.000;Core 1.0.01;otf.5.02.2298;43.06W	1.000	800	5	0		553	0	0		0	139	5	0	liga,tnum,pnum,frac,sups,subs,case,ordn,aalt,locl,numr,dnom,hist	kern	ttf	glyf	109712	no	Bernd Moellenstaedt and Dieter Hofrichter	Berthold	BERT	http://www.bertholdtypes.com/info/agreement.html	
/Users/bardiasamiee/Library/CloudStorage/GoogleDrive-b.samiee@mzn-group.com/My Drive/03.Digital Asset Database/01.Fonts/01.Premium Fonts/Akzidenz-Grotesk/AkzidGrtskNext-ExtraBoldIt.ttf	0	Akzidenz-Grotesk Next XBold	Italic	AkzidGrtskNext-ExtraBoldIt	AkzidGrtskNext-ExtraBoldIt	Akzidenz-Grotesk Next	ExtraBold Italic	Version 001.000;Core 1.0.01;otf.5.02.2298;42.06W	1.000	800	5	1		553	0	0		0	139	5	0	liga,tnum,pnum,frac,sups,subs,case,ordn,aalt,locl,numr,dnom,hist	kern	ttf	glyf	113180	no	Bernd Moellenstaedt and Dieter Hofrichter	Berthold	BERT	http://www.bertholdtypes.com/info/agreement.html	
/Users/bardiasamiee/Library/CloudStorage/GoogleDrive-b.samiee@mzn-group.com/My Drive/03.Digital Asset Database/01.Fonts/01.Premium Fonts/Akzidenz-Grotesk/AkzidGrtskNext-ExtraLight.ttf	0	Akzidenz-Grotesk Next XLight	Regular	AkzidGrtskNext-ExtraLight	AkzidGrtskNext-ExtraLight	Akzidenz-Grotesk Next	ExtraLight	Version 001.000;Core 1.0.01;otf.5.02.2298;42.06W	1.000	250	5	0		553	0	0		0	139	5	0	liga,tnum,pnum,frac,sups,subs,case,ordn,aalt,locl,numr,dnom,hist	kern	ttf	glyf	110244	no	Bernd Moellenstaedt and Dieter Hofrichter	Berthold	BERT	http://www.bertholdtypes.com/info/agreement.html	
/Users/bardiasamiee/Library/CloudStorage/GoogleDrive-b.samiee@mzn-group.com/My Drive/03.Digital Asset Database/01.Fonts/01.Premium Fonts/Akzidenz-Grotesk/AkzidGrtskNext-ExtraLightIt.ttf	0	Akzidenz-Grotesk Next XLight	Italic	AkzidGrtskNext-ExtraLightIt	AkzidGrtskNext-ExtraLightIt	Akzidenz-Grotesk Next	ExtraLight Italic	Version 001.000;Core 1.0.01;otf.5.02.2298;42.06W	1.000	250	5	1		553	0	0		0	139	5	0	liga,tnum,pnum,frac,sups,subs,case,ordn,aalt,locl,numr,dnom,hist	kern	ttf	glyf	112572	no	Bernd Moellenstaedt and Dieter Hofrichter	Berthold	BERT	http://www.bertholdtypes.com/info/agreement.html	
/Users/bardiasamiee/Library/CloudStorage/GoogleDrive-b.samiee@mzn-group.com/My Drive/03.Digital Asset Database/01.Fonts/01.Premium Fonts/Akzidenz-Grotesk/AkzidGrtskNext-Italic.ttf	0	Akzidenz-Grotesk Next Regular	Italic	AkzidGrtskNext-Italic	AkzidGrtskNext-Italic	Akzidenz-Grotesk Next	Italic	Version 001.000;Core 1.0.01;otf.5.02.2298;42.06W	1.000	400	5	1		553	0	0		0	139	5	0	liga,tnum,pnum,frac,sups,subs,case,ordn,aalt,locl,numr,dnom,hist	kern	ttf	glyf	112672	no	Bernd Moellenstaedt and Dieter Hofrichter	Berthold	BERT	http://www.bertholdtypes.com/info/agreement.html	
/Users/bardiasamiee/Library/CloudStorage/GoogleDrive-b.samiee@mzn-group.com/My Drive/03.Digital Asset Database/01.Fonts/01.Premium Fonts/Akzidenz-Grotesk/AkzidGrtskNext-Light.ttf	0	Akzidenz-Grotesk Next Light	Regular	AkzidGrtskNext-Light	AkzidGrtskNext-Light	Akzidenz-Grotesk Next	Light	Version 001.000;Core 1.0.01;otf.5.02.2298;42.06W	1.000	300	5	0		553	0	0		0	139	5	0	liga,tnum,pnum,frac,sups,subs,case,ordn,aalt,locl,numr,dnom,hist	kern	ttf	glyf	109664	no	Bernd Moellenstaedt and Dieter Hofrichter	Berthold	BERT	http://www.bertholdtypes.com/info/agreement.html	
/Users/bardiasamiee/Library/CloudStorage/GoogleDrive-b.samiee@mzn-group.com/My Drive/03.Digital Asset Database/01.Fonts/01.Premium Fonts/Akzidenz-Grotesk/AkzidGrtskNext-LightItalic.ttf	0	Akzidenz-Grotesk Next Light	Italic	AkzidGrtskNext-LightItalic	AkzidGrtskNext-LightItalic	Akzidenz-Grotesk Next	Light Italic	Version 001.000;Core 1.0.01;otf.5.02.2298;42.06W	1.000	300	5	1		553	0	0		0	139	5	0	liga,tnum,pnum,frac,sups,subs,case,ordn,aalt,locl,numr,dnom,hist	kern	ttf	glyf	112540	no	Bernd Moellenstaedt and Dieter Hofrichter	Berthold	BERT	http://www.bertholdtypes.com/info/agreement.html	
/Users/bardiasamiee/Library/CloudStorage/GoogleDrive-b.samiee@mzn-group.com/My Drive/03.Digital Asset Database/01.Fonts/01.Premium Fonts/Akzidenz-Grotesk/AkzidGrtskNext-Med.ttf	0	Akzidenz-Grotesk Next Med	Regular	AkzidGrtskNext-Med	AkzidGrtskNext-Med	Akzidenz-Grotesk Next	Medium	Version 001.000;Core 1.0.01;otf.5.02.2298;42.06W	1.000	500	5	0		553	0	0		0	139	5	0	liga,tnum,pnum,frac,sups,subs,case,ordn,aalt,locl,numr,dnom,hist	kern	ttf	glyf	109700	no	Bernd Moellenstaedt and Dieter Hofrichter	Berthold	BERT	http://www.bertholdtypes.com/info/agreement.html	
/Users/bardiasamiee/Library/CloudStorage/GoogleDrive-b.samiee@mzn-group.com/My Drive/03.Digital Asset Database/01.Fonts/01.Premium Fonts/Akzidenz-Grotesk/AkzidGrtskNext-MedIt.ttf	0	Akzidenz-Grotesk Next Med	Italic	AkzidGrtskNext-MedIt	AkzidGrtskNext-MedIt	Akzidenz-Grotesk Next	Medium Italic	Version 001.000;Core 1.0.01;otf.5.02.2298;42.06W	1.000	500	5	1		553	0	0		0	139	5	0	liga,tnum,pnum,frac,sups,subs,case,ordn,aalt,locl,numr,dnom,hist	kern	ttf	glyf	112712	no	Bernd Moellenstaedt and Dieter Hofrichter	Berthold	BERT	http://www.bertholdtypes.com/info/agreement.html	
/Users/bardiasamiee/Library/CloudStorage/GoogleDrive-b.samiee@mzn-group.com/My Drive/03.Digital Asset Database/01.Fonts/01.Premium Fonts/Akzidenz-Grotesk/AkzidGrtskNext-Regular.ttf	0	Akzidenz-Grotesk Next Regular	Regular	AkzidGrtskNext-Regular	AkzidGrtskNext-Regular	Akzidenz-Grotesk Next	Regular	Version 001.000;Core 1.0.01;otf.5.02.2298;42.06W	1.000	400	5	0		553	0	0		0	139	5	0	liga,tnum,pnum,frac,sups,subs,case,ordn,aalt,locl,numr,dnom,hist	kern	ttf	glyf	109920	no	Bernd Moellenstaedt and Dieter Hofrichter	Berthold	BERT	http://www.bertholdtypes.com/info/agreement.html	
/Users/bardiasamiee/Library/CloudStorage/GoogleDrive-b.samiee@mzn-group.com/My Drive/03.Digital Asset Database/01.Fonts/01.Premium Fonts/avenir-lt-pro/AvenirLTProBlack.otf	0	Avenir LT Pro 65 Medium	Bold	AvenirLTPro-Black	AvenirLTPro-Black	Avenir LT Pro	95 Black	Version 1.000;PS 001.000;hotconv 1.0.38	1.000	750	5	0		388	0	0		0	128	4	0	liga,dlig,frac,sups,ordn,aalt,locl	kern	otf	CFF	44088	no	Adrian Frutiger	Linotype GmbH	LINO	http://www.linotype.com/license	
/Users/bardiasamiee/Library/CloudStorage/GoogleDrive-b.samiee@mzn-group.com/My Drive/03.Digital Asset Database/01.Fonts/01.Premium Fonts/avenir-lt-pro/AvenirLTProBlackOblique.otf	0	Avenir LT Pro 65 Medium	Bold Italic	AvenirLTPro-BlackOblique	AvenirLTPro-BlackOblique	Avenir LT Pro	95 Black Oblique	Version 1.000;PS 001.000;hotconv 1.0.38	1.000	750	5	1		388	0	0		0	128	4	0	liga,dlig,frac,sups,ordn,aalt,locl	kern	otf	CFF	45824	no	Adrian Frutiger	Linotype GmbH	LINO	http://www.linotype.com/license	
/Users/bardiasamiee/Library/CloudStorage/GoogleDrive-b.samiee@mzn-group.com/My Drive/03.Digital Asset Database/01.Fonts/01.Premium Fonts/avenir-lt-pro/AvenirLTProBook.otf	0	Avenir LT Pro 45 Book	Regular	AvenirLTPro-Book	AvenirLTPro-Book	Avenir LT Pro	45 Book	Version 1.000;PS 001.000;hotconv 1.0.38	1.000	400	5	0		388	0	0		0	128	4	0	liga,dlig,frac,sups,ordn,aalt,locl	kern	otf	CFF	44964	no	Adrian Frutiger	Linotype GmbH	LINO	http://www.linotype.com/license	
/Users/bardiasamiee/Library/CloudStorage/GoogleDrive-b.samiee@mzn-group.com/My Drive/03.Digital Asset Database/01.Fonts/01.Premium Fonts/avenir-lt-pro/AvenirLTProBookOblique.otf	0	Avenir LT Pro 45 Book	Italic	AvenirLTPro-BookOblique	AvenirLTPro-BookOblique	Avenir LT Pro	45 Book Oblique	Version 1.000;PS 001.000;hotconv 1.0.38	1.000	400	5	1		388	0	0		0	128	4	0	liga,dlig,frac,sups,ordn,aalt,locl	kern	otf	CFF	45296	no	Adrian Frutiger	Linotype GmbH	LINO	http://www.linotype.com/license	
/Users/bardiasamiee/Library/CloudStorage/GoogleDrive-b.samiee@mzn-group.com/My Drive/03.Digital Asset Database/01.Fonts/01.Premium Fonts/avenir-lt-pro/AvenirLTProHeavy.otf	0	Avenir LT Pro 55 Roman	Bold	AvenirLTPro-Heavy	AvenirLTPro-Heavy	Avenir LT Pro	85 Heavy	Version 1.000;PS 001.000;hotconv 1.0.38	1.000	700	5	0		388	0	0		0	128	4	0	liga,dlig,frac,sups,ordn,aalt,locl	kern	otf	CFF	45424	no	Adrian Frutiger	Linotype GmbH	LINO	http://www.linotype.com/license	
/Users/bardiasamiee/Library/CloudStorage/GoogleDrive-b.samiee@mzn-group.com/My Drive/03.Digital Asset Database/01.Fonts/01.Premium Fonts/avenir-lt-pro/AvenirLTProHeavyOblique.otf	0	Avenir LT Pro 55 Roman	Bold Italic	AvenirLTPro-HeavyOblique	AvenirLTPro-HeavyOblique	Avenir LT Pro	85 Heavy Oblique	Version 1.000;PS 001.000;hotconv 1.0.38	1.000	700	5	1		388	0	0		0	128	4	0	liga,dlig,frac,sups,ordn,aalt,locl	kern	otf	CFF	45476	no	Adrian Frutiger	Linotype GmbH	LINO	http://www.linotype.com/license	
/Users/bardiasamiee/Library/CloudStorage/GoogleDrive-b.samiee@mzn-group.com/My Drive/03.Digital Asset Database/01.Fonts/01.Premium Fonts/avenir-lt-pro/AvenirLTProLight.otf	0	Avenir LT Pro 35 Light	Regular	AvenirLTPro-Light	AvenirLTPro-Light	Avenir LT Pro	35 Light	Version 1.000;PS 001.000;hotconv 1.0.38	1.000	300	5	0		388	0	0		0	128	4	0	liga,dlig,frac,sups,ordn,aalt,locl	kern	otf	CFF	44332	no	Adrian Frutiger	Linotype GmbH	LINO	http://www.linotype.com/license	
/Users/bardiasamiee/Library/CloudStorage/GoogleDrive-b.samiee@mzn-group.com/My Drive/03.Digital Asset Database/01.Fonts/01.Premium Fonts/avenir-lt-pro/AvenirLTProLightOblique.otf	0	Avenir LT Pro 35 Light	Italic	AvenirLTPro-LightOblique	AvenirLTPro-LightOblique	Avenir LT Pro	35 Light Oblique	Version 1.000;PS 001.000;hotconv 1.0.38	1.000	300	5	1		388	0	0		0	128	4	0	liga,dlig,frac,sups,ordn,aalt,locl	kern	otf	CFF	44812	no	Adrian Frutiger	Linotype GmbH	LINO	http://www.linotype.com/license	
/Users/bardiasamiee/Library/CloudStorage/GoogleDrive-b.samiee@mzn-group.com/My Drive/03.Digital Asset Database/01.Fonts/01.Premium Fonts/avenir-lt-pro/AvenirLTProMedium.otf	0	Avenir LT Pro 65 Medium	Regular	AvenirLTPro-Medium	AvenirLTPro-Medium	Avenir LT Pro	65 Medium	Version 1.000;PS 001.000;hotconv 1.0.38	1.000	500	5	0		388	0	0		0	128	4	0	liga,dlig,frac,sups,ordn,aalt,locl	kern	otf	CFF	44856	no	Adrian Frutiger	Linotype GmbH	LINO	http://www.linotype.com/license	
/Users/bardiasamiee/Library/CloudStorage/GoogleDrive-b.samiee@mzn-group.com/My Drive/03.Digital Asset Database/01.Fonts/01.Premium Fonts/avenir-lt-pro/AvenirLTProMediumOblique.otf	0	Avenir LT Pro 65 Medium	Italic	AvenirLTPro-MediumOblique	AvenirLTPro-MediumOblique	Avenir LT Pro	65 Medium Oblique	Version 1.000;PS 001.000;hotconv 1.0.38	1.000	500	5	1		388	0	0		0	128	4	0	liga,dlig,frac,sups,ordn,aalt,locl	kern	otf	CFF	43940	no	Adrian Frutiger	Linotype GmbH	LINO	http://www.linotype.com/license	
/Users/bardiasamiee/Library/CloudStorage/GoogleDrive-b.samiee@mzn-group.com/My Drive/03.Digital Asset Database/01.Fonts/01.Premium Fonts/avenir-lt-pro/AvenirLTProOblique.otf	0	Avenir LT Pro 55 Roman	Italic	AvenirLTPro-Oblique	AvenirLTPro-Oblique	Avenir LT Pro	55 Oblique	Version 1.000;PS 001.000;hotconv 1.0.38	1.000	400	5	1		388	0	0		0	128	4	0	liga,dlig,frac,sups,ordn,aalt,locl	kern	otf	CFF	44688	no	Adrian Frutiger	Linotype GmbH	LINO	http://www.linotype.com/license	
/Users/bardiasamiee/Library/CloudStorage/GoogleDrive-b.samiee@mzn-group.com/My Drive/03.Digital Asset Database/01.Fonts/01.Premium Fonts/avenir-lt-pro/AvenirLTProRoman.otf	0	Avenir LT Pro 55 Roman	Regular	AvenirLTPro-Roman	AvenirLTPro-Roman	Avenir LT Pro	55 Roman	Version 1.000;PS 001.000;hotconv 1.0.38	1.000	400	5	0		388	0	0		0	128	4	0	liga,dlig,frac,sups,ordn,aalt,locl	kern	otf	CFF	44072	no	Adrian Frutiger	Linotype GmbH	LINO	http://www.linotype.com/license	
/Users/bardiasamiee/Library/CloudStorage/GoogleDrive-b.samiee@mzn-group.com/My Drive/03.Digital Asset Database/01.Fonts/01.Premium Fonts/BauerBodoni/BauerBodoniStd-Black.ttf	0	Bauer Bodoni Std	Black	BauerBodoniStd-Black	BauerBodoniStd-Black			Version 2.030;PS 002.000;hotconv 1.0.51;makeotf.lib2.0.18671	2.003	900	5	0		263	0	0		0	11	3	0	liga,frac,sups,ordn,aalt	kern	ttf	glyf	33992	no	Heinrich Jost, Louis Höll		ADBE	http://www.adobe.com/type/legal.html	
/Users/bardiasamiee/Library/CloudStorage/GoogleDrive-b.samiee@mzn-group.com/My Drive/03.Digital Asset Database/01.Fonts/01.Premium Fonts/BauerBodoni/BauerBodoniStd-BlackCondensed.ttf	0	Bauer Bodoni Std	Black Condensed	BauerBodoniStd-BlackCondensed	BauerBodoniStd-BlackCondensed			Version 2.030;PS 002.000;hotconv 1.0.51;makeotf.lib2.0.18671	2.003	900	3	0		263	0	0		0	11	3	0	liga,frac,sups,ordn,aalt	kern	ttf	glyf	33048	no	Heinrich Jost, Louis Höll		ADBE	http://www.adobe.com/type/legal.html	
/Users/bardiasamiee/Library/CloudStorage/GoogleDrive-b.samiee@mzn-group.com/My Drive/03.Digital Asset Database/01.Fonts/01.Premium Fonts/BauerBodoni/BauerBodoniStd-BlackItalic.ttf	0	Bauer Bodoni Std	Black Italic	BauerBodoniStd-BlackItalic	BauerBodoniStd-BlackItalic			Version 2.030;PS 002.000;hotconv 1.0.51;makeotf.lib2.0.18671	2.003	900	5	1		263	0	0		0	11	3	0	liga,frac,sups,ordn,aalt	kern	ttf	glyf	36844	no	Heinrich Jost, Louis Höll		ADBE	http://www.adobe.com/type/legal.html	
/Users/bardiasamiee/Library/CloudStorage/GoogleDrive-b.samiee@mzn-group.com/My Drive/03.Digital Asset Database/01.Fonts/01.Premium Fonts/BauerBodoni/BauerBodoniStd-Bold.ttf	0	Bauer Bodoni Std	Bold	BauerBodoniStd-Bold	BauerBodoniStd-Bold			Version 2.030;PS 002.000;hotconv 1.0.51;makeotf.lib2.0.18671	2.003	700	5	0		287	0	0		0	11	3	0	liga,onum,lnum,tnum,pnum,frac,sups,ordn,aalt	kern	ttf	glyf	41152	no	Heinrich Jost, Louis Höll		ADBE	http://www.adobe.com/type/legal.html	
/Users/bardiasamiee/Library/CloudStorage/GoogleDrive-b.samiee@mzn-group.com/My Drive/03.Digital Asset Database/01.Fonts/01.Premium Fonts/BauerBodoni/BauerBodoniStd-BoldCondensed.ttf	0	Bauer Bodoni Std	Bold Condensed	BauerBodoniStd-BoldCondensed	BauerBodoniStd-BoldCondensed			Version 2.030;PS 002.000;hotconv 1.0.51;makeotf.lib2.0.18671	2.003	700	3	0		263	0	0		0	11	3	0	liga,frac,sups,ordn,aalt	kern	ttf	glyf	33468	no	Heinrich Jost, Louis Höll		ADBE	http://www.adobe.com/type/legal.html	
/Users/bardiasamiee/Library/CloudStorage/GoogleDrive-b.samiee@mzn-group.com/My Drive/03.Digital Asset Database/01.Fonts/01.Premium Fonts/BauerBodoni/BauerBodoniStd-BoldItalic.ttf	0	Bauer Bodoni Std	Bold Italic	BauerBodoniStd-BoldItalic	BauerBodoniStd-BoldItalic			Version 2.030;PS 002.000;hotconv 1.0.51;makeotf.lib2.0.18671	2.003	700	5	1		287	0	0		0	11	3	0	liga,onum,lnum,tnum,pnum,frac,sups,ordn,aalt	kern	ttf	glyf	45244	no	Heinrich Jost, Louis Höll		ADBE	http://www.adobe.com/type/legal.html	
/Users/bardiasamiee/Library/CloudStorage/GoogleDrive-b.samiee@mzn-group.com/My Drive/03.Digital Asset Database/01.Fonts/01.Premium Fonts/BauerBodoni/BauerBodoniStd-Roman.ttf	0	Bauer Bodoni Std	Roman	BauerBodoniStd-Roman	BauerBodoniStd-Roman			Version 2.030;PS 002.000;hotconv 1.0.51;makeotf.lib2.0.18671	2.003	400	5	0		431	0	0		0	11	3	0	liga,smcp,c2sc,onum,lnum,tnum,pnum,frac,sups,ordn,aalt	kern	ttf	glyf	64196	no	Heinrich Jost, Louis Höll		ADBE	http://www.adobe.com/type/legal.html	
/Users/bardiasamiee/Library/CloudStorage/GoogleDrive-b.samiee@mzn-group.com/My Drive/03.Digital Asset Database/01.Fonts/01.Premium Fonts/BauerBodoni/BauerBodoniStd-RomanItalic.ttf	0	Bauer Bodoni Std	Roman Italic	BauerBodoniStd-RomanItalic	BauerBodoniStd-RomanItalic			Version 2.030;PS 002.000;hotconv 1.0.51;makeotf.lib2.0.18671	2.003	400	5	1		287	0	0		0	11	3	0	liga,onum,lnum,tnum,pnum,frac,sups,ordn,aalt	kern	ttf	glyf	45636	no	Heinrich Jost, Louis Höll		ADBE	http://www.adobe.com/type/legal.html	
/Users/bardiasamiee/Library/CloudStorage/GoogleDrive-b.samiee@mzn-group.com/My Drive/03.Digital Asset Database/01.Fonts/01.Premium Fonts/Bembo Book/BemboStd-Bold.ttf	0	Bembo Std	Bold	BemboStd-Bold	BemboStd-Bold			Version 2.045;PS 002.000;hotconv 1.0.51;makeotf.lib2.0.18671	2.045	700	5	0		356	0	0		0	11	3	0	liga,onum,lnum,tnum,pnum,salt,frac,sups,subs,ordn,aalt,numr,dnom	kern	ttf	glyf	55856	no	Stanley Morison, Monotype Staff		ADBE	http://www.adobe.com/type/legal.html	
/Users/bardiasamiee/Library/CloudStorage/GoogleDrive-b.samiee@mzn-group.com/My Drive/03.Digital Asset Database/01.Fonts/01.Premium Fonts/Bembo Book/BemboStd-BoldItalic.ttf	0	Bembo Std	Bold Italic	BemboStd-BoldItalic	BemboStd-BoldItalic			Version 2.045;PS 002.000;hotconv 1.0.51;makeotf.lib2.0.18671	2.045	700	5	1		356	0	0		0	11	3	0	liga,onum,lnum,tnum,pnum,salt,frac,sups,subs,ordn,aalt,numr,dnom	kern	ttf	glyf	58996	no	Stanley Morison, Monotype Staff		ADBE	http://www.adobe.com/type/legal.html	
/Users/bardiasamiee/Library/CloudStorage/GoogleDrive-b.samiee@mzn-group.com/My Drive/03.Digital Asset Database/01.Fonts/01.Premium Fonts/Bembo Book/BemboStd-ExtraBold.ttf	0	Bembo Std ExtraBold	Regular	BemboStd-ExtraBold	BemboStd-ExtraBold	Bembo Std	Extra Bold	Version 2.045;PS 002.000;hotconv 1.0.51;makeotf.lib2.0.18671	2.045	800	5	0		356	0	0		0	11	3	0	liga,onum,lnum,tnum,pnum,salt,frac,sups,subs,ordn,aalt,numr,dnom	kern	ttf	glyf	56436	no	Stanley Morison, Monotype Staff		ADBE	http://www.adobe.com/type/legal.html	
/Users/bardiasamiee/Library/CloudStorage/GoogleDrive-b.samiee@mzn-group.com/My Drive/03.Digital Asset Database/01.Fonts/01.Premium Fonts/Bembo Book/BemboStd-ExtraBoldItalic.ttf	0	Bembo Std ExtraBold	Italic	BemboStd-ExtraBoldItalic	BemboStd-ExtraBoldItalic	Bembo Std	Extra Bold Italic	Version 2.045;PS 002.000;hotconv 1.0.51;makeotf.lib2.0.18671	2.045	800	5	1		355	0	0		0	11	3	0	liga,onum,lnum,tnum,pnum,frac,sups,subs,ordn,aalt,numr,dnom	kern	ttf	glyf	58652	no	Stanley Morison, Monotype Staff		ADBE	http://www.adobe.com/type/legal.html	
/Users/bardiasamiee/Library/CloudStorage/GoogleDrive-b.samiee@mzn-group.com/My Drive/03.Digital Asset Database/01.Fonts/01.Premium Fonts/Bembo Book/BemboStd-Italic.ttf	0	Bembo Std	Italic	BemboStd-Italic	BemboStd-Italic			Version 2.045;PS 002.000;hotconv 1.0.51;makeotf.lib2.0.18671	2.045	400	5	1		356	0	0		0	11	3	0	liga,onum,lnum,tnum,pnum,salt,frac,sups,subs,ordn,aalt,numr,dnom	kern	ttf	glyf	58456	no	Stanley Morison, Monotype Staff		ADBE	http://www.adobe.com/type/legal.html	
/Users/bardiasamiee/Library/CloudStorage/GoogleDrive-b.samiee@mzn-group.com/My Drive/03.Digital Asset Database/01.Fonts/01.Premium Fonts/Bembo Book/BemboStd-Semibold.ttf	0	Bembo Std Semibold	Regular	BemboStd-Semibold	BemboStd-Semibold	Bembo Std	Semibold	Version 2.045;PS 002.000;hotconv 1.0.51;makeotf.lib2.0.18671	2.045	600	5	0		356	0	0		0	11	3	0	liga,onum,lnum,tnum,pnum,salt,frac,sups,subs,ordn,aalt,numr,dnom	kern	ttf	glyf	56776	no	Stanley Morison, Monotype Staff		ADBE	http://www.adobe.com/type/legal.html	
/Users/bardiasamiee/Library/CloudStorage/GoogleDrive-b.samiee@mzn-group.com/My Drive/03.Digital Asset Database/01.Fonts/01.Premium Fonts/Bembo Book/BemboStd-SemiboldItalic.ttf	0	Bembo Std Semibold	Italic	BemboStd-SemiboldItalic	BemboStd-SemiboldItalic	Bembo Std	Semibold Italic	Version 2.045;PS 002.000;hotconv 1.0.51;makeotf.lib2.0.18671	2.045	600	5	1		356	0	0		0	11	3	0	liga,onum,lnum,tnum,pnum,salt,frac,sups,subs,ordn,aalt,numr,dnom	kern	ttf	glyf	58972	no	Stanley Morison, Monotype Staff		ADBE	http://www.adobe.com/type/legal.html	
/Users/bardiasamiee/Library/CloudStorage/GoogleDrive-b.samiee@mzn-group.com/My Drive/03.Digital Asset Database/01.Fonts/01.Premium Fonts/Bembo Book/BemboStd.ttf	0	Bembo Std	Regular	BemboStd	BemboStd			Version 2.045;PS 002.000;hotconv 1.0.51;makeotf.lib2.0.18671	2.045	400	5	0		500	0	0		0	11	3	0	liga,smcp,c2sc,onum,lnum,tnum,pnum,salt,frac,sups,subs,ordn,aalt,numr,dnom	kern	ttf	glyf	88208	no	Stanley Morison, Monotype Staff		ADBE	http://www.adobe.com/type/legal.html	
/Users/bardiasamiee/Library/CloudStorage/GoogleDrive-b.samiee@mzn-group.com/My Drive/03.Digital Asset Database/01.Fonts/01.Premium Fonts/DIN Mittelschrift/DINMittelschrift-Alternate.ttf	0	DINMittelschrift Alternate	Regular	DINMittelschrift-Alternate	DINMittelschrift-Alternate	DIN Schrift	1451 Mittelschrift Alt	OTF 1.0;PS 001.001;Core 1.0.22	1.000	400	5	0		232	0	0		0	11	1	0		kern	ttf	glyf	25108	no			ADBE		
/Users/bardiasamiee/Library/CloudStorage/GoogleDrive-b.samiee@mzn-group.com/My Drive/03.Digital Asset Database/01.Fonts/01.Premium Fonts/DIN Mittelschrift/DINMittelschrift.ttf	0	DINMittelschrift	Regular	DINMittelschrift	DINMittelschrift	DIN Schrift	1451 Mittelschrift	OTF 1.0;PS 001.001;Core 1.0.22	1.000	400	5	0		232	0	0		0	11	1	0		kern	ttf	glyf	24920	no			ADBE		
/Users/bardiasamiee/Library/CloudStorage/GoogleDrive-b.samiee@mzn-group.com/My Drive/03.Digital Asset Database/01.Fonts/01.Premium Fonts/Frutiger Neue/FrutigerNeueLTW1G-Black.ttf	0	Frutiger Neue LT W1G Medium	Bold	FrutigerNeueLTW1G-Black	FrutigerNeueLTW1G-Black	Frutiger Neue LT W1G	Black	Version 1.00	1.000	750	5	0		655	0	0		0	133	75	98	liga,dlig,pnum,salt,frac,sups,subs,ordn,aalt,locl,numr,dnom,ss01	kern	ttf	glyf	122424	no	Adrian Frutiger and Linotype Design Studio	Linotype GmbH	LINO	http://www.linotype.com/license	
/Users/bardiasamiee/Library/CloudStorage/GoogleDrive-b.samiee@mzn-group.com/My Drive/03.Digital Asset Database/01.Fonts/01.Premium Fonts/Frutiger Neue/FrutigerNeueLTW1G-BlackIt.ttf	0	Frutiger Neue LT W1G Medium	Bold Italic	FrutigerNeueLTW1G-BlackIt	FrutigerNeueLTW1G-BlackIt	Frutiger Neue LT W1G	Black Italic	Version 1.00	1.000	750	5	1		655	0	0		0	133	75	98	liga,dlig,pnum,salt,frac,sups,subs,ordn,aalt,locl,numr,dnom,ss01	kern	ttf	glyf	123744	no	Adrian Frutiger and Linotype Design Studio	Linotype GmbH	LINO	http://www.linotype.com/license	
/Users/bardiasamiee/Library/CloudStorage/GoogleDrive-b.samiee@mzn-group.com/My Drive/03.Digital Asset Database/01.Fonts/01.Premium Fonts/Frutiger Neue/FrutigerNeueLTW1G-Bold.ttf	0	Frutiger Neue LT W1G Book	Bold	FrutigerNeueLTW1G-Bold	FrutigerNeueLTW1G-Bold	Frutiger Neue LT W1G		Version 1.00	1.000	700	5	0		655	0	0		0	133	75	98	liga,dlig,pnum,salt,frac,sups,subs,ordn,aalt,locl,numr,dnom,ss01	kern	ttf	glyf	123836	no	Adrian Frutiger and Linotype Design Studio	Linotype GmbH	LINO	http://www.linotype.com/license	
/Users/bardiasamiee/Library/CloudStorage/GoogleDrive-b.samiee@mzn-group.com/My Drive/03.Digital Asset Database/01.Fonts/01.Premium Fonts/Frutiger Neue/FrutigerNeueLTW1G-BoldIt.ttf	0	Frutiger Neue LT W1G Book	Bold Italic	FrutigerNeueLTW1G-BoldIt	FrutigerNeueLTW1G-BoldIt	Frutiger Neue LT W1G		Version 1.00	1.000	700	5	1		655	0	0		0	133	75	98	liga,dlig,pnum,salt,frac,sups,subs,ordn,aalt,locl,numr,dnom,ss01	kern	ttf	glyf	120052	no	Adrian Frutiger and Linotype Design Studio	Linotype GmbH	LINO	http://www.linotype.com/license	
/Users/bardiasamiee/Library/CloudStorage/GoogleDrive-b.samiee@mzn-group.com/My Drive/03.Digital Asset Database/01.Fonts/01.Premium Fonts/Frutiger Neue/FrutigerNeueLTW1G-Book.ttf	0	Frutiger Neue LT W1G Book	Regular	FrutigerNeueLTW1G-Book	FrutigerNeueLTW1G-Book	Frutiger Neue LT W1G	Book	Version 1.00	1.000	350	5	0		655	0	0		0	133	75	98	liga,dlig,pnum,salt,frac,sups,subs,ordn,aalt,locl,numr,dnom,ss01	kern	ttf	glyf	114488	no	Adrian Frutiger and Linotype Design Studio	Linotype GmbH	LINO	http://www.linotype.com/license	
/Users/bardiasamiee/Library/CloudStorage/GoogleDrive-b.samiee@mzn-group.com/My Drive/03.Digital Asset Database/01.Fonts/01.Premium Fonts/Frutiger Neue/FrutigerNeueLTW1G-BookIt.ttf	0	Frutiger Neue LT W1G Book	Italic	FrutigerNeueLTW1G-BookIt	FrutigerNeueLTW1G-BookIt	Frutiger Neue LT W1G	Book Italic	Version 1.00	1.000	350	5	1		655	0	0		0	133	75	98	liga,dlig,pnum,salt,frac,sups,subs,ordn,aalt,locl,numr,dnom,ss01	kern	ttf	glyf	122580	no	Adrian Frutiger and Linotype Design Studio	Linotype GmbH	LINO	http://www.linotype.com/license	
/Users/bardiasamiee/Library/CloudStorage/GoogleDrive-b.samiee@mzn-group.com/My Drive/03.Digital Asset Database/01.Fonts/01.Premium Fonts/Frutiger Neue/FrutigerNeueLTW1G-CnBlk.ttf	0	Frutiger Neue LT W1G Cn Medium	Bold	FrutigerNeueLTW1G-CnBlk	FrutigerNeueLTW1G-CnBlk	Frutiger Neue LT W1G	Condensed Black	Version 1.00	1.000	750	3	0		654	0	0		0	133	75	98	liga,dlig,pnum,salt,frac,sups,subs,ordn,aalt,locl,numr,dnom,ss01	kern	ttf	glyf	92448	no	Adrian Frutiger and Akria Kobayashi	Linotype GmbH	LINO	http://www.linotype.com/license	
/Users/bardiasamiee/Library/CloudStorage/GoogleDrive-b.samiee@mzn-group.com/My Drive/03.Digital Asset Database/01.Fonts/01.Premium Fonts/Frutiger Neue/FrutigerNeueLTW1G-CnBlkIt.ttf	0	Frutiger Neue LT W1G Cn Medium	Bold Italic	FrutigerNeueLTW1G-CnBlkIt	FrutigerNeueLTW1G-CnBlkIt	Frutiger Neue LT W1G	Condensed Black Italic	Version 1.00	1.000	750	3	1		654	0	0		0	133	75	98	liga,dlig,pnum,salt,frac,sups,subs,ordn,aalt,locl,numr,dnom,ss01	kern	ttf	glyf	97456	no	Adrian Frutiger and Akria Kobayashi	Linotype GmbH	LINO	http://www.linotype.com/license	
/Users/bardiasamiee/Library/CloudStorage/GoogleDrive-b.samiee@mzn-group.com/My Drive/03.Digital Asset Database/01.Fonts/01.Premium Fonts/Frutiger Neue/FrutigerNeueLTW1G-CnBold.ttf	0	Frutiger Neue LT W1G Cn Book	Bold	FrutigerNeueLTW1G-CnBold	FrutigerNeueLTW1G-CnBold	Frutiger Neue LT W1G	Condensed Bold	Version 1.00	1.000	700	3	0		654	0	0		0	133	75	98	liga,dlig,pnum,salt,frac,sups,subs,ordn,aalt,locl,numr,dnom,ss01	kern	ttf	glyf	93708	no	Adrian Frutiger and Akria Kobayashi	Linotype GmbH	LINO	http://www.linotype.com/license	
/Users/bardiasamiee/Library/CloudStorage/GoogleDrive-b.samiee@mzn-group.com/My Drive/03.Digital Asset Database/01.Fonts/01.Premium Fonts/Frutiger Neue/FrutigerNeueLTW1G-CnBoldIt.ttf	0	Frutiger Neue LT W1G Cn Book	Bold Italic	FrutigerNeueLTW1G-CnBoldIt	FrutigerNeueLTW1G-CnBoldIt	Frutiger Neue LT W1G	Condensed Bold Italic	Version 1.00	1.000	700	3	1		654	0	0		0	133	75	98	liga,dlig,pnum,salt,frac,sups,subs,ordn,aalt,locl,numr,dnom,ss01	kern	ttf	glyf	96408	no	Adrian Frutiger and Akria Kobayashi	Linotype GmbH	LINO	http://www.linotype.com/license	
/Users/bardiasamiee/Library/CloudStorage/GoogleDrive-b.samiee@mzn-group.com/My Drive/03.Digital Asset Database/01.Fonts/01.Premium Fonts/Frutiger Neue/FrutigerNeueLTW1G-CnBook.ttf	0	Frutiger Neue LT W1G Cn Book	Regular	FrutigerNeueLTW1G-CnBook	FrutigerNeueLTW1G-CnBook	Frutiger Neue LT W1G	Condensed Book	Version 1.00	1.000	350	3	0		654	0	0		0	133	75	98	liga,dlig,pnum,salt,frac,sups,subs,ordn,aalt,locl,numr,dnom,ss01	kern	ttf	glyf	91192	no	Adrian Frutiger and Akria Kobayashi	Linotype GmbH	LINO	http://www.linotype.com/license	
/Users/bardiasamiee/Library/CloudStorage/GoogleDrive-b.samiee@mzn-group.com/My Drive/03.Digital Asset Database/01.Fonts/01.Premium Fonts/Frutiger Neue/FrutigerNeueLTW1G-CnBookIt.ttf	0	Frutiger Neue LT W1G Cn Book	Italic	FrutigerNeueLTW1G-CnBookIt	FrutigerNeueLTW1G-CnBookIt	Frutiger Neue LT W1G	Condensed Book Italic	Version 1.00	1.000	350	3	1		654	0	0		0	133	75	98	liga,dlig,pnum,salt,frac,sups,subs,ordn,aalt,locl,numr,dnom,ss01	kern	ttf	glyf	94888	no	Adrian Frutiger and Akria Kobayashi	Linotype GmbH	LINO	http://www.linotype.com/license	
/Users/bardiasamiee/Library/CloudStorage/GoogleDrive-b.samiee@mzn-group.com/My Drive/03.Digital Asset Database/01.Fonts/01.Premium Fonts/Frutiger Neue/FrutigerNeueLTW1G-CnHv.ttf	0	Frutiger Neue LT W1G Cn Regular	Bold	FrutigerNeueLTW1G-CnHv	FrutigerNeueLTW1G-CnHv	Frutiger Neue LT W1G	Condensed Heavy	Version 1.00	1.000	725	3	0		654	0	0		0	133	75	98	liga,dlig,pnum,salt,frac,sups,subs,ordn,aalt,locl,numr,dnom,ss01	kern	ttf	glyf	93292	no	Adrian Frutiger and Akria Kobayashi	Linotype GmbH	LINO	http://www.linotype.com/license	
/Users/bardiasamiee/Library/CloudStorage/GoogleDrive-b.samiee@mzn-group.com/My Drive/03.Digital Asset Database/01.Fonts/01.Premium Fonts/Frutiger Neue/FrutigerNeueLTW1G-CnHvIt.ttf	0	Frutiger Neue LT W1G Cn Regular	Bold Italic	FrutigerNeueLTW1G-CnHvIt	FrutigerNeueLTW1G-CnHvIt	Frutiger Neue LT W1G	Condensed Heavy Italic	Version 1.00	1.000	725	3	1		654	0	0		0	133	75	98	liga,dlig,pnum,salt,frac,sups,subs,ordn,aalt,locl,numr,dnom,ss01	kern	ttf	glyf	97260	no	Adrian Frutiger and Akria Kobayashi	Linotype GmbH	LINO	http://www.linotype.com/license	
/Users/bardiasamiee/Library/CloudStorage/GoogleDrive-b.samiee@mzn-group.com/My Drive/03.Digital Asset Database/01.Fonts/01.Premium Fonts/Frutiger Neue/FrutigerNeueLTW1G-CnItalic.ttf	0	Frutiger Neue LT W1G Cn Regular	Italic	FrutigerNeueLTW1G-CnItalic	FrutigerNeueLTW1G-CnItalic	Frutiger Neue LT W1G	Condensed Italic	Version 1.00	1.000	400	3	1		654	0	0		0	133	75	98	liga,dlig,pnum,salt,frac,sups,subs,ordn,aalt,locl,numr,dnom,ss01	kern	ttf	glyf	96584	no	Adrian Frutiger and Akria Kobayashi	Linotype GmbH	LINO	http://www.linotype.com/license	
/Users/bardiasamiee/Library/CloudStorage/GoogleDrive-b.samiee@mzn-group.com/My Drive/03.Digital Asset Database/01.Fonts/01.Premium Fonts/Frutiger Neue/FrutigerNeueLTW1G-CnLt.ttf	0	Frutiger Neue LT W1G Cn Light	Regular	FrutigerNeueLTW1G-CnLt	FrutigerNeueLTW1G-CnLt	Frutiger Neue LT W1G	Condensed Light	Version 1.00	1.000	300	3	0		654	0	0		0	133	75	98	liga,dlig,pnum,salt,frac,sups,subs,ordn,aalt,locl,numr,dnom,ss01	kern	ttf	glyf	90404	no	Adrian Frutiger and Akria Kobayashi	Linotype GmbH	LINO	http://www.linotype.com/license	
/Users/bardiasamiee/Library/CloudStorage/GoogleDrive-b.samiee@mzn-group.com/My Drive/03.Digital Asset Database/01.Fonts/01.Premium Fonts/Frutiger Neue/FrutigerNeueLTW1G-CnLtIt.ttf	0	Frutiger Neue LT W1G Cn Light	Italic	FrutigerNeueLTW1G-CnLtIt	FrutigerNeueLTW1G-CnLtIt	Frutiger Neue LT W1G	Condensed Light Italic	Version 1.00	1.000	300	3	1		654	0	0		0	133	75	98	liga,dlig,pnum,salt,frac,sups,subs,ordn,aalt,locl,numr,dnom,ss01	kern	ttf	glyf	95732	no	Adrian Frutiger and Akria Kobayashi	Linotype GmbH	LINO	http://www.linotype.com/license	
/Users/bardiasamiee/Library/CloudStorage/GoogleDrive-b.samiee@mzn-group.com/My Drive/03.Digital Asset Database/01.Fonts/01.Premium Fonts/Frutiger Neue/FrutigerNeueLTW1G-CnMd.ttf	0	Frutiger Neue LT W1G Cn Medium	Regular	FrutigerNeueLTW1G-CnMd	FrutigerNeueLTW1G-CnMd	Frutiger Neue LT W1G	Condensed Medium	Version 1.00	1.000	500	3	0		654	0	0		0	133	75	98	liga,dlig,pnum,salt,frac,sups,subs,ordn,aalt,locl,numr,dnom,ss01	kern	ttf	glyf	93292	no	Adrian Frutiger and Akria Kobayashi	Linotype GmbH	LINO	http://www.linotype.com/license	
/Users/bardiasamiee/Library/CloudStorage/GoogleDrive-b.samiee@mzn-group.com/My Drive/03.Digital Asset Database/01.Fonts/01.Premium Fonts/Frutiger Neue/FrutigerNeueLTW1G-CnMdIt.ttf	0	Frutiger Neue LT W1G Cn Medium	Italic	FrutigerNeueLTW1G-CnMdIt	FrutigerNeueLTW1G-CnMdIt	Frutiger Neue LT W1G	Condensed Medium Italic	Version 1.00	1.000	500	3	1		654	0	0		0	133	75	98	liga,dlig,pnum,salt,frac,sups,subs,ordn,aalt,locl,numr,dnom,ss01	kern	ttf	glyf	95692	no	Adrian Frutiger and Akria Kobayashi	Linotype GmbH	LINO	http://www.linotype.com/license	
/Users/bardiasamiee/Library/CloudStorage/GoogleDrive-b.samiee@mzn-group.com/My Drive/03.Digital Asset Database/01.Fonts/01.Premium Fonts/Frutiger Neue/FrutigerNeueLTW1G-CnRg.ttf	0	Frutiger Neue LT W1G Cn Regular	Regular	FrutigerNeueLTW1G-CnRg	FrutigerNeueLTW1G-CnRg	Frutiger Neue LT W1G	Condensed	Version 1.00	1.000	400	3	0		654	0	0		0	133	75	98	liga,dlig,pnum,salt,frac,sups,subs,ordn,aalt,locl,numr,dnom,ss01	kern	ttf	glyf	93004	no	Adrian Frutiger and Akria Kobayashi	Linotype GmbH	LINO	http://www.linotype.com/license	
/Users/bardiasamiee/Library/CloudStorage/GoogleDrive-b.samiee@mzn-group.com/My Drive/03.Digital Asset Database/01.Fonts/01.Premium Fonts/Frutiger Neue/FrutigerNeueLTW1G-CnThin.ttf	0	Frutiger Neue LT W1G Cn Thin	Regular	FrutigerNeueLTW1G-CnThin	FrutigerNeueLTW1G-CnThin	Frutiger Neue LT W1G	Condensed Thin	Version 1.00	1.000	275	3	0		654	0	0		0	133	75	98	liga,dlig,pnum,salt,frac,sups,subs,ordn,aalt,locl,numr,dnom,ss01	kern	ttf	glyf	90936	no	Adrian Frutiger and Akria Kobayashi	Linotype GmbH	LINO	http://www.linotype.com/license	
/Users/bardiasamiee/Library/CloudStorage/GoogleDrive-b.samiee@mzn-group.com/My Drive/03.Digital Asset Database/01.Fonts/01.Premium Fonts/Frutiger Neue/FrutigerNeueLTW1G-CnThinIt.ttf	0	Frutiger Neue LT W1G Cn Thin	Italic	FrutigerNeueLTW1G-CnThinIt	FrutigerNeueLTW1G-CnThinIt	Frutiger Neue LT W1G	Condensed Thin Italic	Version 1.00	1.000	275	3	1		654	0	0		0	133	75	98	liga,dlig,pnum,salt,frac,sups,subs,ordn,aalt,locl,numr,dnom,ss01	kern	ttf	glyf	95712	no	Adrian Frutiger and Akria Kobayashi	Linotype GmbH	LINO	http://www.linotype.com/license	
/Users/bardiasamiee/Library/CloudStorage/GoogleDrive-b.samiee@mzn-group.com/My Drive/03.Digital Asset Database/01.Fonts/01.Premium Fonts/Frutiger Neue/FrutigerNeueLTW1G-CnUltLt.ttf	0	Frutiger Neue LT W1G Cn UltLt	Regular	FrutigerNeueLTW1G-CnUltLt	FrutigerNeueLTW1G-CnUltLt	Frutiger Neue LT W1G	Condensed Ultra Light	Version 1.00	1.000	250	3	0		654	0	0		0	133	75	98	liga,dlig,pnum,salt,frac,sups,subs,ordn,aalt,locl,numr,dnom,ss01	kern	ttf	glyf	90788	no	Adrian Frutiger and Akria Kobayashi	Linotype GmbH	LINO	http://www.linotype.com/license	
/Users/bardiasamiee/Library/CloudStorage/GoogleDrive-b.samiee@mzn-group.com/My Drive/03.Digital Asset Database/01.Fonts/01.Premium Fonts/Frutiger Neue/FrutigerNeueLTW1G-CnUltLtIt.ttf	0	Frutiger Neue LT W1G Cn UltLt	Italic	FrutigerNeueLTW1G-CnUltLtIt	FrutigerNeueLTW1G-CnUltLtIt	Frutiger Neue LT W1G	Condensed Ultra Light Italic	Version 1.00	1.000	250	3	1		654	0	0		0	133	75	98	liga,dlig,pnum,salt,frac,sups,subs,ordn,aalt,locl,numr,dnom,ss01	kern	ttf	glyf	96384	no	Adrian Frutiger and Akria Kobayashi	Linotype GmbH	LINO	http://www.linotype.com/license	
/Users/bardiasamiee/Library/CloudStorage/GoogleDrive-b.samiee@mzn-group.com/My Drive/03.Digital Asset Database/01.Fonts/01.Premium Fonts/Frutiger Neue/FrutigerNeueLTW1G-CnXBlk.ttf	0	Frutiger Neue LT W1G Cn XBlack	Regular	FrutigerNeueLTW1G-CnXBlk	FrutigerNeueLTW1G-CnXBlk	Frutiger Neue LT W1G	Condensed Extra Black	Version 1.00	1.000	900	3	0		654	0	0		0	133	75	98	liga,dlig,pnum,salt,frac,sups,subs,ordn,aalt,locl,numr,dnom,ss01	kern	ttf	glyf	94036	no	Adrian Frutiger and Akria Kobayashi	Linotype GmbH	LINO	http://www.linotype.com/license	
/Users/bardiasamiee/Library/CloudStorage/GoogleDrive-b.samiee@mzn-group.com/My Drive/03.Digital Asset Database/01.Fonts/01.Premium Fonts/Frutiger Neue/FrutigerNeueLTW1G-CnXBlkIt.ttf	0	Frutiger Neue LT W1G Cn XBlack	Italic	FrutigerNeueLTW1G-CnXBlkIt	FrutigerNeueLTW1G-CnXBlkIt	Frutiger Neue LT W1G	Condensed Extra Black Italic	Version 1.00	1.000	900	3	1		654	0	0		0	133	75	98	liga,dlig,pnum,salt,frac,sups,subs,ordn,aalt,locl,numr,dnom,ss01	kern	ttf	glyf	97996	no	Adrian Frutiger and Akria Kobayashi	Linotype GmbH	LINO	http://www.linotype.com/license	
/Users/bardiasamiee/Library/CloudStorage/GoogleDrive-b.samiee@mzn-group.com/My Drive/03.Digital Asset Database/01.Fonts/01.Premium Fonts/Frutiger Neue/FrutigerNeueLTW1G-Heavy.ttf	0	Frutiger Neue LT W1G	Bold	FrutigerNeueLTW1G-Heavy	FrutigerNeueLTW1G-Heavy		Heavy	Version 1.00	1.000	725	5	0		655	0	0		0	133	75	98	liga,dlig,pnum,salt,frac,sups,subs,ordn,aalt,locl,numr,dnom,ss01	kern	ttf	glyf	124192	no	Adrian Frutiger and Linotype Design Studio	Linotype GmbH	LINO	http://www.linotype.com/license	
/Users/bardiasamiee/Library/CloudStorage/GoogleDrive-b.samiee@mzn-group.com/My Drive/03.Digital Asset Database/01.Fonts/01.Premium Fonts/Frutiger Neue/FrutigerNeueLTW1G-HeavyIt.ttf	0	Frutiger Neue LT W1G	Bold Italic	FrutigerNeueLTW1G-HeavyIt	FrutigerNeueLTW1G-HeavyIt		Heavy Italic	Version 1.00	1.000	725	5	1		655	0	0		0	133	75	98	liga,dlig,pnum,salt,frac,sups,subs,ordn,aalt,locl,numr,dnom,ss01	kern	ttf	glyf	119820	no	Adrian Frutiger and Linotype Design Studio	Linotype GmbH	LINO	http://www.linotype.com/license	
/Users/bardiasamiee/Library/CloudStorage/GoogleDrive-b.samiee@mzn-group.com/My Drive/03.Digital Asset Database/01.Fonts/01.Premium Fonts/Frutiger Neue/FrutigerNeueLTW1G-Italic.ttf	0	Frutiger Neue LT W1G	Italic	FrutigerNeueLTW1G-Italic	FrutigerNeueLTW1G-Italic			Version 1.00	1.000	400	5	1		655	0	0		0	133	75	98	liga,dlig,pnum,salt,frac,sups,subs,ordn,aalt,locl,numr,dnom,ss01	kern	ttf	glyf	120276	no	Adrian Frutiger and Linotype Design Studio	Linotype GmbH	LINO	http://www.linotype.com/license	
/Users/bardiasamiee/Library/CloudStorage/GoogleDrive-b.samiee@mzn-group.com/My Drive/03.Digital Asset Database/01.Fonts/01.Premium Fonts/Frutiger Neue/FrutigerNeueLTW1G-Light.ttf	0	Frutiger Neue LT W1G Light	Regular	FrutigerNeueLTW1G-Light	FrutigerNeueLTW1G-Light	Frutiger Neue LT W1G	Light	Version 1.00	1.000	300	5	0		655	0	0		0	133	75	98	liga,dlig,pnum,salt,frac,sups,subs,ordn,aalt,locl,numr,dnom,ss01	kern	ttf	glyf	114956	no	Adrian Frutiger and Linotype Design Studio	Linotype GmbH	LINO	http://www.linotype.com/license	
/Users/bardiasamiee/Library/CloudStorage/GoogleDrive-b.samiee@mzn-group.com/My Drive/03.Digital Asset Database/01.Fonts/01.Premium Fonts/Frutiger Neue/FrutigerNeueLTW1G-LightIt.ttf	0	Frutiger Neue LT W1G Light	Italic	FrutigerNeueLTW1G-LightIt	FrutigerNeueLTW1G-LightIt	Frutiger Neue LT W1G	Light Italic	Version 1.00	1.000	300	5	1		655	0	0		0	133	75	98	liga,dlig,pnum,salt,frac,sups,subs,ordn,aalt,locl,numr,dnom,ss01	kern	ttf	glyf	129040	no	Adrian Frutiger and Linotype Design Studio	Linotype GmbH	LINO	http://www.linotype.com/license	
/Users/bardiasamiee/Library/CloudStorage/GoogleDrive-b.samiee@mzn-group.com/My Drive/03.Digital Asset Database/01.Fonts/01.Premium Fonts/Frutiger Neue/FrutigerNeueLTW1G-Medium.ttf	0	Frutiger Neue LT W1G Medium	Regular	FrutigerNeueLTW1G-Medium	FrutigerNeueLTW1G-Medium	Frutiger Neue LT W1G	Medium	Version 1.00	1.000	500	5	0		655	0	0		0	133	75	98	liga,dlig,pnum,salt,frac,sups,subs,ordn,aalt,locl,numr,dnom,ss01	kern	ttf	glyf	125256	no	Adrian Frutiger and Linotype Design Studio	Linotype GmbH	LINO	http://www.linotype.com/license	
/Users/bardiasamiee/Library/CloudStorage/GoogleDrive-b.samiee@mzn-group.com/My Drive/03.Digital Asset Database/01.Fonts/01.Premium Fonts/Frutiger Neue/FrutigerNeueLTW1G-MediumIt.ttf	0	Frutiger Neue LT W1G Medium	Italic	FrutigerNeueLTW1G-MediumIt	FrutigerNeueLTW1G-MediumIt	Frutiger Neue LT W1G	Medium Italic	Version 1.00	1.000	500	5	1		655	0	0		0	133	75	98	liga,dlig,pnum,salt,frac,sups,subs,ordn,aalt,locl,numr,dnom,ss01	kern	ttf	glyf	123528	no	Adrian Frutiger and Linotype Design Studio	Linotype GmbH	LINO	http://www.linotype.com/license	
/Users/bardiasamiee/Library/CloudStorage/GoogleDrive-b.samiee@mzn-group.com/My Drive/03.Digital Asset Database/01.Fonts/01.Premium Fonts/Frutiger Neue/FrutigerNeueLTW1G-Regular.ttf	0	Frutiger Neue LT W1G	Regular	FrutigerNeueLTW1G-Regular	FrutigerNeueLTW1G-Regular			Version 1.00	1.000	400	5	0		655	0	0		0	133	75	98	liga,dlig,pnum,salt,frac,sups,subs,ordn,aalt,locl,numr,dnom,ss01	kern	ttf	glyf	124832	no	Adrian Frutiger and Linotype Design Studio	Linotype GmbH	LINO	http://www.linotype.com/license	
/Users/bardiasamiee/Library/CloudStorage/GoogleDrive-b.samiee@mzn-group.com/My Drive/03.Digital Asset Database/01.Fonts/01.Premium Fonts/Frutiger Neue/FrutigerNeueLTW1G-Thin.ttf	0	Frutiger Neue LT W1G Thin	Regular	FrutigerNeueLTW1G-Thin	FrutigerNeueLTW1G-Thin	Frutiger Neue LT W1G	Thin	Version 1.00	1.000	275	5	0		655	0	0		0	133	75	98	liga,dlig,pnum,salt,frac,sups,subs,ordn,aalt,locl,numr,dnom,ss01	kern	ttf	glyf	118428	no	Adrian Frutiger and Linotype Design Studio	Linotype GmbH	LINO	http://www.linotype.com/license	
/Users/bardiasamiee/Library/CloudStorage/GoogleDrive-b.samiee@mzn-group.com/My Drive/03.Digital Asset Database/01.Fonts/01.Premium Fonts/Frutiger Neue/FrutigerNeueLTW1G-ThinIt.ttf	0	Frutiger Neue LT W1G Thin	Italic	FrutigerNeueLTW1G-ThinIt	FrutigerNeueLTW1G-ThinIt	Frutiger Neue LT W1G	Thin Italic	Version 1.00	1.000	275	5	1		655	0	0		0	133	75	98	liga,dlig,pnum,salt,frac,sups,subs,ordn,aalt,locl,numr,dnom,ss01	kern	ttf	glyf	122776	no	Adrian Frutiger and Linotype Design Studio	Linotype GmbH	LINO	http://www.linotype.com/license	
/Users/bardiasamiee/Library/CloudStorage/GoogleDrive-b.samiee@mzn-group.com/My Drive/03.Digital Asset Database/01.Fonts/01.Premium Fonts/Frutiger Neue/FrutigerNeueLTW1G-UltLt.ttf	0	Frutiger Neue LT W1G UltLt	Regular	FrutigerNeueLTW1G-UltLt	FrutigerNeueLTW1G-UltLt	Frutiger Neue LT W1G	Ultra Light	Version 1.00	1.000	250	5	0		655	0	0		0	133	75	98	liga,dlig,pnum,salt,frac,sups,subs,ordn,aalt,locl,numr,dnom,ss01	kern	ttf	glyf	117332	no	Adrian Frutiger and Linotype Design Studio	Linotype GmbH	LINO	http://www.linotype.com/license	
/Users/bardiasamiee/Library/CloudStorage/GoogleDrive-b.samiee@mzn-group.com/My Drive/03.Digital Asset Database/01.Fonts/01.Premium Fonts/Frutiger Neue/FrutigerNeueLTW1G-UltLtIt.ttf	0	Frutiger Neue LT W1G UltLt	Italic	FrutigerNeueLTW1G-UltLtIt	FrutigerNeueLTW1G-UltLtIt	Frutiger Neue LT W1G	Ultra Light Italic	Version 1.00	1.000	250	5	1		655	0	0		0	133	75	98	liga,dlig,pnum,salt,frac,sups,subs,ordn,aalt,locl,numr,dnom,ss01	kern	ttf	glyf	121176	no	Adrian Frutiger and Linotype Design Studio	Linotype GmbH	LINO	http://www.linotype.com/license	
/Users/bardiasamiee/Library/CloudStorage/GoogleDrive-b.samiee@mzn-group.com/My Drive/03.Digital Asset Database/01.Fonts/01.Premium Fonts/Frutiger Neue/FrutigerNeueLTW1G-XBlack.ttf	0	Frutiger Neue LT W1G XBlack	Regular	FrutigerNeueLTW1G-XBlack	FrutigerNeueLTW1G-XBlack	Frutiger Neue LT W1G	Extra Black	Version 1.00	1.000	900	5	0		655	0	0		0	133	75	98	liga,dlig,pnum,salt,frac,sups,subs,ordn,aalt,locl,numr,dnom,ss01	kern	ttf	glyf	123432	no	Adrian Frutiger and Linotype Design Studio	Linotype GmbH	LINO	http://www.linotype.com/license	
/Users/bardiasamiee/Library/CloudStorage/GoogleDrive-b.samiee@mzn-group.com/My Drive/03.Digital Asset Database/01.Fonts/01.Premium Fonts/Frutiger Neue/FrutigerNeueLTW1G-XBlackIt.ttf	0	Frutiger Neue LT W1G XBlack	Italic	FrutigerNeueLTW1G-XBlackIt	FrutigerNeueLTW1G-XBlackIt	Frutiger Neue LT W1G	Extra Black Italic	Version 1.00	1.000	900	5	1		655	0	0		0	133	75	98	liga,dlig,pnum,salt,frac,sups,subs,ordn,aalt,locl,numr,dnom,ss01	kern	ttf	glyf	125836	no	Adrian Frutiger and Linotype Design Studio	Linotype GmbH	LINO	http://www.linotype.com/license	
/Users/bardiasamiee/Library/CloudStorage/GoogleDrive-b.samiee@mzn-group.com/My Drive/03.Digital Asset Database/01.Fonts/01.Premium Fonts/Frutiger/FrutigerLTStd-Black.ttf	0	Frutiger LT Std 55 Roman	Bold	FrutigerLTStd-Black	FrutigerLTStd-Black	Frutiger LT Std	75 Black	Version 2.035;PS 002.000;hotconv 1.0.51;makeotf.lib2.0.18671	2.035	850	5	0		263	0	0		0	11	3	0	liga,frac,sups,ordn,aalt	kern	ttf	glyf	26692	no	Adrian Frutiger		ADBE	http://www.adobe.com/type/legal.html	
/Users/bardiasamiee/Library/CloudStorage/GoogleDrive-b.samiee@mzn-group.com/My Drive/03.Digital Asset Database/01.Fonts/01.Premium Fonts/Frutiger/FrutigerLTStd-BlackCn.ttf	0	Frutiger LT Std 57 Cn	Bold	FrutigerLTStd-BlackCn	FrutigerLTStd-BlackCn	Frutiger LT Std	77 Black Condensed	Version 2.035;PS 002.000;hotconv 1.0.51;makeotf.lib2.0.18671	2.035	850	3	0		263	0	0		0	11	3	0	liga,frac,sups,ordn,aalt	kern	ttf	glyf	28768	no	Adrian Frutiger		ADBE	http://www.adobe.com/type/legal.html	
/Users/bardiasamiee/Library/CloudStorage/GoogleDrive-b.samiee@mzn-group.com/My Drive/03.Digital Asset Database/01.Fonts/01.Premium Fonts/Frutiger/FrutigerLTStd-BlackItalic.ttf	0	Frutiger LT Std 55 Roman	Bold Italic	FrutigerLTStd-BlackItalic	FrutigerLTStd-BlackItalic	Frutiger LT Std	76 Black Italic	Version 2.035;PS 002.000;hotconv 1.0.51;makeotf.lib2.0.18671	2.035	850	5	1		263	0	0		0	11	3	0	liga,frac,sups,ordn,aalt	kern	ttf	glyf	28548	no	Adrian Frutiger		ADBE	http://www.adobe.com/type/legal.html	
/Users/bardiasamiee/Library/CloudStorage/GoogleDrive-b.samiee@mzn-group.com/My Drive/03.Digital Asset Database/01.Fonts/01.Premium Fonts/Frutiger/FrutigerLTStd-Bold.ttf	0	Frutiger LT Std 45 Light	Bold	FrutigerLTStd-Bold	FrutigerLTStd-Bold	Frutiger LT Std	65 Bold	Version 2.035;PS 002.000;hotconv 1.0.51;makeotf.lib2.0.18671	2.035	700	5	0		263	0	0		0	11	3	0	liga,frac,sups,ordn,aalt	kern	ttf	glyf	27304	no	Adrian Frutiger		ADBE	http://www.adobe.com/type/legal.html	
/Users/bardiasamiee/Library/CloudStorage/GoogleDrive-b.samiee@mzn-group.com/My Drive/03.Digital Asset Database/01.Fonts/01.Premium Fonts/Frutiger/FrutigerLTStd-BoldCn.ttf	0	Frutiger LT Std 47 Light Cn	Bold	FrutigerLTStd-BoldCn	FrutigerLTStd-BoldCn	Frutiger LT Std	67 Bold Condensed	Version 2.035;PS 002.000;hotconv 1.0.51;makeotf.lib2.0.18671	2.035	700	3	0		263	0	0		0	11	3	0	liga,frac,sups,ordn,aalt	kern	ttf	glyf	29068	no	Adrian Frutiger		ADBE	http://www.adobe.com/type/legal.html	
/Users/bardiasamiee/Library/CloudStorage/GoogleDrive-b.samiee@mzn-group.com/My Drive/03.Digital Asset Database/01.Fonts/01.Premium Fonts/Frutiger/FrutigerLTStd-BoldItalic.ttf	0	Frutiger LT Std 45 Light	Bold Italic	FrutigerLTStd-BoldItalic	FrutigerLTStd-BoldItalic	Frutiger LT Std	66 Bold Italic	Version 2.035;PS 002.000;hotconv 1.0.51;makeotf.lib2.0.18671	2.035	700	5	1		263	0	0		0	11	3	0	liga,frac,sups,ordn,aalt	kern	ttf	glyf	28408	no	Adrian Frutiger		ADBE	http://www.adobe.com/type/legal.html	
/Users/bardiasamiee/Library/CloudStorage/GoogleDrive-b.samiee@mzn-group.com/My Drive/03.Digital Asset Database/01.Fonts/01.Premium Fonts/Frutiger/FrutigerLTStd-Cn.ttf	0	Frutiger LT Std 57 Cn	Regular	FrutigerLTStd-Cn	FrutigerLTStd-Cn	Frutiger LT Std	57 Condensed	Version 2.035;PS 002.000;hotconv 1.0.51;makeotf.lib2.0.18671	2.035	400	3	0		263	0	0		0	11	3	0	liga,frac,sups,ordn,aalt	kern	ttf	glyf	28012	no	Adrian Frutiger		ADBE	http://www.adobe.com/type/legal.html	
/Users/bardiasamiee/Library/CloudStorage/GoogleDrive-b.samiee@mzn-group.com/My Drive/03.Digital Asset Database/01.Fonts/01.Premium Fonts/Frutiger/FrutigerLTStd-ExtraBlackCn.ttf	0	Frutiger LT Std 87 ExtraBlk Cn	Regular	FrutigerLTStd-ExtraBlackCn	FrutigerLTStd-ExtraBlackCn	Frutiger LT Std	87 Extra Black Condensed	Version 2.035;PS 002.000;hotconv 1.0.51;makeotf.lib2.0.18671	2.035	900	3	0		263	0	0		0	11	3	0	liga,frac,sups,ordn,aalt	kern	ttf	glyf	28624	no	Adrian Frutiger		ADBE	http://www.adobe.com/type/legal.html	
/Users/bardiasamiee/Library/CloudStorage/GoogleDrive-b.samiee@mzn-group.com/My Drive/03.Digital Asset Database/01.Fonts/01.Premium Fonts/Frutiger/FrutigerLTStd-Italic.ttf	0	Frutiger LT Std 55 Roman	Italic	FrutigerLTStd-Italic	FrutigerLTStd-Italic	Frutiger LT Std	56 Italic	Version 2.035;PS 002.000;hotconv 1.0.51;makeotf.lib2.0.18671	2.035	400	5	1		263	0	0		0	11	3	0	liga,frac,sups,ordn,aalt	kern	ttf	glyf	28540	no	Adrian Frutiger		ADBE	http://www.adobe.com/type/legal.html	
/Users/bardiasamiee/Library/CloudStorage/GoogleDrive-b.samiee@mzn-group.com/My Drive/03.Digital Asset Database/01.Fonts/01.Premium Fonts/Frutiger/FrutigerLTStd-Light.ttf	0	Frutiger LT Std 45 Light	Regular	FrutigerLTStd-Light	FrutigerLTStd-Light	Frutiger LT Std	45 Light	Version 2.035;PS 002.000;hotconv 1.0.51;makeotf.lib2.0.18671	2.035	300	5	0		263	0	0		0	11	3	0	liga,frac,sups,ordn,aalt	kern	ttf	glyf	27528	no	Adrian Frutiger		ADBE	http://www.adobe.com/type/legal.html	
/Users/bardiasamiee/Library/CloudStorage/GoogleDrive-b.samiee@mzn-group.com/My Drive/03.Digital Asset Database/01.Fonts/01.Premium Fonts/Frutiger/FrutigerLTStd-LightCn.ttf	0	Frutiger LT Std 47 Light Cn	Regular	FrutigerLTStd-LightCn	FrutigerLTStd-LightCn	Frutiger LT Std	47 Light Condensed	Version 2.035;PS 002.000;hotconv 1.0.51;makeotf.lib2.0.18671	2.035	300	3	0		263	0	0		0	11	3	0	liga,frac,sups,ordn,aalt	kern	ttf	glyf	30532	no	Adrian Frutiger		ADBE	http://www.adobe.com/type/legal.html	
/Users/bardiasamiee/Library/CloudStorage/GoogleDrive-b.samiee@mzn-group.com/My Drive/03.Digital Asset Database/01.Fonts/01.Premium Fonts/Frutiger/FrutigerLTStd-LightItalic.ttf	0	Frutiger LT Std 45 Light	Italic	FrutigerLTStd-LightItalic	FrutigerLTStd-LightItalic	Frutiger LT Std	46 Light Italic	Version 2.035;PS 002.000;hotconv 1.0.51;makeotf.lib2.0.18671	2.035	300	5	1		263	0	0		0	11	3	0	liga,frac,sups,ordn,aalt	kern	ttf	glyf	28712	no	Adrian Frutiger		ADBE	http://www.adobe.com/type/legal.html	
/Users/bardiasamiee/Library/CloudStorage/GoogleDrive-b.samiee@mzn-group.com/My Drive/03.Digital Asset Database/01.Fonts/01.Premium Fonts/Frutiger/FrutigerLTStd-Roman.ttf	0	Frutiger LT Std 55 Roman	Regular	FrutigerLTStd-Roman	FrutigerLTStd-Roman	Frutiger LT Std	55 Roman	Version 2.035;PS 002.000;hotconv 1.0.51;makeotf.lib2.0.18671	2.035	400	5	0		263	0	0		0	11	3	0	liga,frac,sups,ordn,aalt	kern	ttf	glyf	27224	no	Adrian Frutiger		ADBE	http://www.adobe.com/type/legal.html	
/Users/bardiasamiee/Library/CloudStorage/GoogleDrive-b.samiee@mzn-group.com/My Drive/03.Digital Asset Database/01.Fonts/01.Premium Fonts/Frutiger/FrutigerLTStd-UltraBlack.ttf	0	Frutiger LT Std 95 UltraBlack	Regular	FrutigerLTStd-UltraBlack	FrutigerLTStd-UltraBlack	Frutiger LT Std	95 Ultra Black	Version 2.035;PS 002.000;hotconv 1.0.51;makeotf.lib2.0.18671	2.035	950	5	0		263	0	0		0	11	3	0	liga,frac,sups,ordn,aalt	kern	ttf	glyf	27192	no	Adrian Frutiger		ADBE	http://www.adobe.com/type/legal.html	
/Users/bardiasamiee/Library/CloudStorage/GoogleDrive-b.samiee@mzn-group.com/My Drive/03.Digital Asset Database/01.Fonts/01.Premium Fonts/Futura Italicized Cufonfonts/FuturaLT-Bold.ttf	0	Futura LT	Bold	Futura LT Bold	FuturaLT-Bold			Version 006.000	6.000	700	5	0		235	0	0		0	11	1	0			ttf	glyf	22304	no			PfEd		
/Users/bardiasamiee/Library/CloudStorage/GoogleDrive-b.samiee@mzn-group.com/My Drive/03.Digital Asset Database/01.Fonts/01.Premium Fonts/Futura Italicized Cufonfonts/FuturaLT-BoldOblique.ttf	0	Futura LT	BoldOblique	Futura LT Bold Oblique	FuturaLT-BoldOblique			Version 006.000	6.000	700	5	1		235	0	0		0	11	1	0			ttf	glyf	24748	no			PfEd		
/Users/bardiasamiee/Library/CloudStorage/GoogleDrive-b.samiee@mzn-group.com/My Drive/03.Digital Asset Database/01.Fonts/01.Premium Fonts/Futura Italicized Cufonfonts/FuturaLT-Book.ttf	0	Futura LT	Book	Futura LT Book	FuturaLT-Book			Version 006.000	6.000	400	5	0		235	0	0		0	11	1	0			ttf	glyf	22384	no			PfEd		
/Users/bardiasamiee/Library/CloudStorage/GoogleDrive-b.samiee@mzn-group.com/My Drive/03.Digital Asset Database/01.Fonts/01.Premium Fonts/Futura Italicized Cufonfonts/FuturaLT-BookOblique.ttf	0	Futura LT	BookOblique	Futura LT Book Oblique	FuturaLT-BookOblique			Version 006.000	6.000	400	5	1		235	0	0		0	11	1	0			ttf	glyf	24640	no			PfEd		
/Users/bardiasamiee/Library/CloudStorage/GoogleDrive-b.samiee@mzn-group.com/My Drive/03.Digital Asset Database/01.Fonts/01.Premium Fonts/Futura Italicized Cufonfonts/FuturaLT-Condensed.ttf	0	Futura LT	Condensed	Futura LT Condensed Medium	FuturaLT-Condensed			Version 006.000	6.000	500	3	0		234	0	0		0	11	1	0			ttf	glyf	25088	no			PfEd		
/Users/bardiasamiee/Library/CloudStorage/GoogleDrive-b.samiee@mzn-group.com/My Drive/03.Digital Asset Database/01.Fonts/01.Premium Fonts/Futura Italicized Cufonfonts/FuturaLT-CondensedBold.ttf	0	Futura LT	CondensedBold	Futura LT Condensed Bold	FuturaLT-CondensedBold			Version 006.000	6.000	700	3	0		234	0	0		0	11	1	0			ttf	glyf	23468	no			PfEd		
/Users/bardiasamiee/Library/CloudStorage/GoogleDrive-b.samiee@mzn-group.com/My Drive/03.Digital Asset Database/01.Fonts/01.Premium Fonts/Futura Italicized Cufonfonts/FuturaLT-CondensedBoldOblique.ttf	0	Futura LT	CondensedBoldOblique	Futura LT Condensed Bold Oblique	FuturaLT-CondensedBoldOblique			Version 006.000	6.000	700	3	1		234	0	0		0	11	1	0			ttf	glyf	26464	no			PfEd		
/Users/bardiasamiee/Library/CloudStorage/GoogleDrive-b.samiee@mzn-group.com/My Drive/03.Digital Asset Database/01.Fonts/01.Premium Fonts/Futura Italicized Cufonfonts/FuturaLT-CondensedExtraBold.ttf	0	Futura LT	CondensedExtraBold	Futura LT Condensed Extra Bold	FuturaLT-CondensedExtraBold			Version 006.000	6.000	700	2	0		234	0	0		0	11	1	0			ttf	glyf	22676	no			PfEd		
/Users/bardiasamiee/Library/CloudStorage/GoogleDrive-b.samiee@mzn-group.com/My Drive/03.Digital Asset Database/01.Fonts/01.Premium Fonts/Futura Italicized Cufonfonts/FuturaLT-CondensedLight.ttf	0	Futura LT	CondensedLight	Futura LT Condensed Light	FuturaLT-CondensedLight			Version 006.000	6.000	200	3	0		234	0	0		0	11	1	0			ttf	glyf	24024	no			PfEd		
/Users/bardiasamiee/Library/CloudStorage/GoogleDrive-b.samiee@mzn-group.com/My Drive/03.Digital Asset Database/01.Fonts/01.Premium Fonts/Futura Italicized Cufonfonts/FuturaLT-CondensedLightObl.ttf	0	Futura LT	CondensedLightObl	Futura LT Condensed Light Oblique	FuturaLT-CondensedLightObl			Version 006.000	6.000	200	3	1		234	0	0		0	11	1	0			ttf	glyf	26896	no			PfEd		
/Users/bardiasamiee/Library/CloudStorage/GoogleDrive-b.samiee@mzn-group.com/My Drive/03.Digital Asset Database/01.Fonts/01.Premium Fonts/Futura Italicized Cufonfonts/FuturaLT-CondensedOblique.ttf	0	Futura LT	CondensedOblique	Futura LT Condensed Medium Oblique	FuturaLT-CondensedOblique			Version 006.000	6.000	500	3	1		235	0	0		0	11	1	0			ttf	glyf	28268	no			PfEd		
/Users/bardiasamiee/Library/CloudStorage/GoogleDrive-b.samiee@mzn-group.com/My Drive/03.Digital Asset Database/01.Fonts/01.Premium Fonts/Futura Italicized Cufonfonts/FuturaLT-CondExtraBoldObl.ttf	0	Futura LT	CondExtraBoldObl	Futura LT Condensed Extra Bold Oblique	FuturaLT-CondExtraBoldObl			Version 006.000	6.000	700	5	1		234	0	0		0	11	1	0			ttf	glyf	25500	no			PfEd		
/Users/bardiasamiee/Library/CloudStorage/GoogleDrive-b.samiee@mzn-group.com/My Drive/03.Digital Asset Database/01.Fonts/01.Premium Fonts/Futura Italicized Cufonfonts/FuturaLT-ExtraBold.ttf	0	Futura LT	ExtraBold	Futura LT Extra Bold	FuturaLT-ExtraBold			Version 006.000	6.000	700	5	0		235	0	0		0	11	1	0			ttf	glyf	22952	no			PfEd		
/Users/bardiasamiee/Library/CloudStorage/GoogleDrive-b.samiee@mzn-group.com/My Drive/03.Digital Asset Database/01.Fonts/01.Premium Fonts/Futura Italicized Cufonfonts/FuturaLT-ExtraBoldOblique.ttf	0	Futura LT	ExtraBoldOblique	Futura LT Extra Bold Oblique	FuturaLT-ExtraBoldOblique			Version 006.000	6.000	700	5	1		235	0	0		0	11	1	0			ttf	glyf	25324	no			PfEd		
/Users/bardiasamiee/Library/CloudStorage/GoogleDrive-b.samiee@mzn-group.com/My Drive/03.Digital Asset Database/01.Fonts/01.Premium Fonts/Futura Italicized Cufonfonts/FuturaLT-Heavy.ttf	0	Futura LT	Heavy	Futura LT Heavy	FuturaLT-Heavy			Version 006.000	6.000	800	5	0		235	0	0		0	11	1	0			ttf	glyf	21800	no			PfEd		
/Users/bardiasamiee/Library/CloudStorage/GoogleDrive-b.samiee@mzn-group.com/My Drive/03.Digital Asset Database/01.Fonts/01.Premium Fonts/Futura Italicized Cufonfonts/FuturaLT-HeavyOblique.ttf	0	Futura LT	HeavyOblique	Futura LT Heavy Oblique	FuturaLT-HeavyOblique			Version 006.000	6.000	800	5	1		235	0	0		0	11	1	0			ttf	glyf	24196	no			PfEd		
/Users/bardiasamiee/Library/CloudStorage/GoogleDrive-b.samiee@mzn-group.com/My Drive/03.Digital Asset Database/01.Fonts/01.Premium Fonts/Futura Italicized Cufonfonts/FuturaLT-Light.ttf	0	Futura LT	Light	Futura LT Light	FuturaLT-Light			Version 006.000	6.000	200	5	0		235	0	0		0	11	1	0			ttf	glyf	22808	no			PfEd		
/Users/bardiasamiee/Library/CloudStorage/GoogleDrive-b.samiee@mzn-group.com/My Drive/03.Digital Asset Database/01.Fonts/01.Premium Fonts/Futura Italicized Cufonfonts/FuturaLT-LightOblique.ttf	0	Futura LT	LightOblique	Futura LT Light Oblique	FuturaLT-LightOblique			Version 006.000	6.000	200	5	1		235	0	0		0	11	1	0			ttf	glyf	25016	no			PfEd		
/Users/bardiasamiee/Library/CloudStorage/GoogleDrive-b.samiee@mzn-group.com/My Drive/03.Digital Asset Database/01.Fonts/01.Premium Fonts/Futura Italicized Cufonfonts/FuturaLT-Oblique.ttf	0	Futura LT	Oblique	Futura LT Medium Oblique	FuturaLT-Oblique			Version 006.000	6.000	400	5	1		235	0	0		0	11	1	0			ttf	glyf	24508	no			PfEd		
/Users/bardiasamiee/Library/CloudStorage/GoogleDrive-b.samiee@mzn-group.com/My Drive/03.Digital Asset Database/01.Fonts/01.Premium Fonts/Futura Italicized Cufonfonts/FuturaLT.ttf	0	Futura LT	Regular	Futura LT Medium	FuturaLT			Version 006.000	6.000	400	5	0		235	0	0		0	11	1	0			ttf	glyf	22396	no			PfEd		
/Users/bardiasamiee/Library/CloudStorage/GoogleDrive-b.samiee@mzn-group.com/My Drive/03.Digital Asset Database/01.Fonts/01.Premium Fonts/Futura Standard Heavy/Futura Std Heavy.otf	0	Futura Std Medium	Bold	FuturaStd-Heavy	FuturaStd-Heavy	Futura Std	Heavy	OTF 1.029;PS 001.002;Core 1.0.33;makeotf.lib1.4.1585	1.029	650	5	0		253	0	0		0	11	3	0	liga,frac,sups,ordn,aalt	kern	otf	CFF	26380	no	Paul Renner		ADBE	http://www.adobe.com/type/legal.html	
/Users/bardiasamiee/Library/CloudStorage/GoogleDrive-b.samiee@mzn-group.com/My Drive/03.Digital Asset Database/01.Fonts/01.Premium Fonts/Futura/futur.ttf	0	Futura-Bold	Regular	Futura-Bold	Futura-Bold				0.000	500	5	0		399	0	0		0	62	12	0			ttf	glyf	50452	no					
/Users/bardiasamiee/Library/CloudStorage/GoogleDrive-b.samiee@mzn-group.com/My Drive/03.Digital Asset Database/01.Fonts/01.Premium Fonts/Futura/Futura Bold font.ttf	0	Futura BdCn BT	Bold	Futura Bold Condensed BT	FuturaBT-BoldCondensed			mfgpctt-v1.52 Wednesday, January 13, 1993 4:09:13 pm (EST)	1.000	400	3	0		260	0	0		0	21	2	0			ttf	glyf	39444	no			Bits		
/Users/bardiasamiee/Library/CloudStorage/GoogleDrive-b.samiee@mzn-group.com/My Drive/03.Digital Asset Database/01.Fonts/01.Premium Fonts/Futura/Futura Bold Italic font.ttf	0	Futura Md BT	Bold Italic	Futura Bold Italic BT	FuturaBT-BoldItalic			mfgpctt-v1.52 Tuesday, January 12, 1993 3:40:15 pm (EST)	1.000	700	5	1		260	0	0		0	21	2	0			ttf	glyf	39444	no			Bits		
/Users/bardiasamiee/Library/CloudStorage/GoogleDrive-b.samiee@mzn-group.com/My Drive/03.Digital Asset Database/01.Fonts/01.Premium Fonts/Futura/Futura Book font.ttf	0	Futura Bk BT	Book	Futura Book BT	FuturaBT-Book			mfgpctt-v1.54 Tuesday, February 9, 1993 8:09:25 am (EST)	1.000	400	5	0		260	0	0		0	21	2	0			ttf	glyf	37688	no			Bits		
/Users/bardiasamiee/Library/CloudStorage/GoogleDrive-b.samiee@mzn-group.com/My Drive/03.Digital Asset Database/01.Fonts/01.Premium Fonts/Futura/Futura Book Italic font.ttf	0	Futura Bk BT	Book Italic	Futura Book Italic BT	FuturaBT-BookItalic			mfgpctt-v1.54 Tuesday, February 9, 1993 8:11:58 am (EST)	1.000	400	5	1		260	0	0		0	21	2	0			ttf	glyf	38672	no			Bits		
/Users/bardiasamiee/Library/CloudStorage/GoogleDrive-b.samiee@mzn-group.com/My Drive/03.Digital Asset Database/01.Fonts/01.Premium Fonts/Futura/Futura Extra Black font.ttf	0	Futura XBlk BT	Extra Black	Futura Extra Black BT	FuturaBT-ExtraBlack			mfgpctt-v1.52 Tuesday, January 12, 1993 3:49:39 pm (EST)	1.000	400	5	0		260	0	0		0	21	2	0			ttf	glyf	40028	no			Bits		
/Users/bardiasamiee/Library/CloudStorage/GoogleDrive-b.samiee@mzn-group.com/My Drive/03.Digital Asset Database/01.Fonts/01.Premium Fonts/Futura/Futura Heavy font.ttf	0	Futura Hv BT	Heavy	Futura Heavy BT	FuturaBT-Heavy			mfgpctt-v1.52 Tuesday, January 12, 1993 3:42:48 pm (EST)	1.000	400	5	0		260	0	0		0	21	2	0			ttf	glyf	38980	no			Bits		
/Users/bardiasamiee/Library/CloudStorage/GoogleDrive-b.samiee@mzn-group.com/My Drive/03.Digital Asset Database/01.Fonts/01.Premium Fonts/Futura/Futura Heavy Italic font.ttf	0	Futura Hv BT	Heavy Italic	Futura Heavy Italic BT	FuturaBT-HeavyItalic			mfgpctt-v1.52 Tuesday, January 12, 1993 3:46:56 pm (EST)	1.000	400	5	1		260	0	0		0	21	2	0			ttf	glyf	39564	no			Bits		
/Users/bardiasamiee/Library/CloudStorage/GoogleDrive-b.samiee@mzn-group.com/My Drive/03.Digital Asset Database/01.Fonts/01.Premium Fonts/Futura/futura light bt.ttf	0	Futura Lt BT	Light	Futura Light BT	FuturaBT-Light			mfgpctt-v1.52 Tuesday, January 12, 1993 3:25:03 pm (EST)	1.000	400	5	0		260	0	0		0	21	2	0			ttf	glyf	37432	no			Bits		
/Users/bardiasamiee/Library/CloudStorage/GoogleDrive-b.samiee@mzn-group.com/My Drive/03.Digital Asset Database/01.Fonts/01.Premium Fonts/Futura/Futura Light font.ttf	0	Futura LtCn BT	Light	Futura Light Condensed BT	FuturaBT-LightCondensed			mfgpctt-v1.52 Wednesday, January 13, 1993 4:03:50 pm (EST)	1.000	400	3	0		260	0	0		0	21	2	0			ttf	glyf	35704	no			Bits		
/Users/bardiasamiee/Library/CloudStorage/GoogleDrive-b.samiee@mzn-group.com/My Drive/03.Digital Asset Database/01.Fonts/01.Premium Fonts/Futura/Futura Light Italic font.ttf	0	Futura Lt BT	Light Italic	Futura Light Italic BT	FuturaBT-LightItalic			mfgpctt-v1.52 Tuesday, January 12, 1993 3:27:55 pm (EST)	1.000	400	5	1		260	0	0		0	21	2	0			ttf	glyf	38052	no			Bits		
/Users/bardiasamiee/Library/CloudStorage/GoogleDrive-b.samiee@mzn-group.com/My Drive/03.Digital Asset Database/01.Fonts/01.Premium Fonts/Futura/futura medium bt.ttf	0	Futura Md BT	Medium	Futura Medium BT	FuturaBT-Medium			mfgpctt-v1.52 Tuesday, January 12, 1993 3:32:04 pm (EST)	1.000	400	5	0		260	0	0		0	21	2	0			ttf	glyf	38764	no			Bits		
/Users/bardiasamiee/Library/CloudStorage/GoogleDrive-b.samiee@mzn-group.com/My Drive/03.Digital Asset Database/01.Fonts/01.Premium Fonts/Futura/futura medium condensed bt.ttf	0	Futura MdCn BT	Medium	Futura Medium Condensed BT	FuturaBT-MediumCondensed			mfgpctt-v1.52 Wednesday, January 13, 1993 4:06:34 pm (EST)	1.000	400	3	0		260	0	0		0	21	2	0			ttf	glyf	36336	no			Bits		
/Users/bardiasamiee/Library/CloudStorage/GoogleDrive-b.samiee@mzn-group.com/My Drive/03.Digital Asset Database/01.Fonts/01.Premium Fonts/Futura/Futura Medium Italic font.ttf	0	Futura Md BT	Medium Italic	Futura Medium Italic BT	FuturaBT-MediumItalic			mfgpctt-v1.52 Tuesday, January 12, 1993 3:34:53 pm (EST)	1.000	400	5	1		260	0	0		0	21	2	0			ttf	glyf	39172	no			Bits		
/Users/bardiasamiee/Library/CloudStorage/GoogleDrive-b.samiee@mzn-group.com/My Drive/03.Digital Asset Database/01.Fonts/01.Premium Fonts/Futura/Futura XBlk BT.ttf	0	Futura XBlk BT	Extra Black	Futura Extra Black BT	FuturaBT-ExtraBlack			mfgpctt-v4.4 Jan 1 1999	1.000	400	5	0		261	0	0		0	21	2	0			ttf	glyf	38860	no			Bits		
/Users/bardiasamiee/Library/CloudStorage/GoogleDrive-b.samiee@mzn-group.com/My Drive/03.Digital Asset Database/01.Fonts/01.Premium Fonts/Futura/Futura-CondensedLight.otf	0	Futura CondensedLight	Regular	Futura-CondensedLight	Futura-CondensedLight	Futura	Light Condensed	OTF 1.0;PS 001.003;Core 1.0.22	1.000	300	3	0		230	0	0		0	11	1	0		kern	otf	CFF	17072	no			ADBE		
/Users/bardiasamiee/Library/CloudStorage/GoogleDrive-b.samiee@mzn-group.com/My Drive/03.Digital Asset Database/01.Fonts/01.Premium Fonts/Futura/tt0205m_.ttf	0	Futura XBlkCnIt BT	Extra Black Italic	Futura Extra Black Condensed Italic BT	FuturaBT-ExtraBlackCondItalic			mfgpctt-v1.52 Wednesday, January 13, 1993 4:16:56 pm (EST)	1.000	400	3	0		260	0	0		0	21	2	0			ttf	glyf	41644	no			Bits		
/Users/bardiasamiee/Library/CloudStorage/GoogleDrive-b.samiee@mzn-group.com/My Drive/03.Digital Asset Database/01.Fonts/01.Premium Fonts/Futura/unicode.futurab.ttf	0	Futura	Bold	Futura Bold	Futura-Bold			1.0	1.000	700	5	0		423	0	0		0	19	0	0			ttf	glyf	79538	no					
/Users/bardiasamiee/Library/CloudStorage/GoogleDrive-b.samiee@mzn-group.com/My Drive/03.Digital Asset Database/01.Fonts/01.Premium Fonts/Futura/unicode.futurabb.ttf	0	Futura-Black	Bold	Futura-Black Bold	Futura-Black-Bold			1.0	1.000	700	5	0		423	0	0		0	19	0	0			ttf	glyf	78650	no					
/Users/bardiasamiee/Library/CloudStorage/GoogleDrive-b.samiee@mzn-group.com/My Drive/03.Digital Asset Database/01.Fonts/01.Premium Fonts/Gill Sans Nova/GillSansNova-Bold.ttf	0	Gill Sans Nova Book	Bold	Gill Sans Nova Bold	GillSansNova-Bold	Gill Sans Nova	Bold	Version 1.00	1.000	700	5	0		1100	0	0		1	145	75	136	liga,smcp,c2sc,onum,lnum,tnum,pnum,frac,sups,subs,case,ordn,aalt,locl,numr,dnom,ss01,ss02,ss03	kern	ttf	glyf	168504	no	Geoge Ryan/Eric Gill	Monotype Imaging Inc.	MONO	http://www.monotype.com	
/Users/bardiasamiee/Library/CloudStorage/GoogleDrive-b.samiee@mzn-group.com/My Drive/03.Digital Asset Database/01.Fonts/01.Premium Fonts/Gill Sans Nova/GillSansNova-BoldItalic.ttf	0	Gill Sans Nova Book	Bold Italic	Gill Sans Nova Bold Italic	GillSansNova-BoldItalic	Gill Sans Nova	Bold Italic	Version 1.00	1.000	700	5	1		1167	0	0		1	145	75	136	liga,smcp,c2sc,onum,lnum,tnum,pnum,swsh,frac,sups,subs,case,ordn,aalt,locl,numr,dnom,ss01,ss02,ss03	kern	ttf	glyf	181348	no	Geoge Ryan/Eric Gill	Monotype Imaging Inc.	MONO	http://www.monotype.com	
/Users/bardiasamiee/Library/CloudStorage/GoogleDrive-b.samiee@mzn-group.com/My Drive/03.Digital Asset Database/01.Fonts/01.Premium Fonts/Gill Sans Nova/GillSansNova-Book.ttf	0	Gill Sans Nova Book	Regular	Gill Sans Nova Book	GillSansNova-Book	Gill Sans Nova	Book	Version 1.00	1.000	400	5	0		1100	0	0		1	145	75	136	liga,smcp,c2sc,onum,lnum,tnum,pnum,frac,sups,subs,case,ordn,aalt,locl,numr,dnom,ss01,ss02,ss03	kern	ttf	glyf	165432	no	Geoge Ryan/Eric Gill	Monotype Imaging Inc.	MONO	http://www.monotype.com	
/Users/bardiasamiee/Library/CloudStorage/GoogleDrive-b.samiee@mzn-group.com/My Drive/03.Digital Asset Database/01.Fonts/01.Premium Fonts/Gill Sans Nova/GillSansNova-BookItalic.ttf	0	Gill Sans Nova Book	Italic	Gill Sans Nova Book Italic	GillSansNova-BookItalic	Gill Sans Nova	Book Italic	Version 1.00	1.000	400	5	1		1167	0	0		1	145	75	136	liga,smcp,c2sc,onum,lnum,tnum,pnum,swsh,frac,sups,subs,case,ordn,aalt,locl,numr,dnom,ss01,ss02,ss03	kern	ttf	glyf	178700	no	Geoge Ryan/Eric Gill	Monotype Imaging Inc.	MONO	http://www.monotype.com	
/Users/bardiasamiee/Library/CloudStorage/GoogleDrive-b.samiee@mzn-group.com/My Drive/03.Digital Asset Database/01.Fonts/01.Premium Fonts/Gill Sans Nova/GillSansNova-CnBold.ttf	0	Gill Sans Nova Cn Book	Bold	Gill Sans Nova Cn Bold	GillSansNova-CnBold	Gill Sans Nova	Condensed Bold	Version 1.00	1.000	700	3	0		1113	0	0		1	145	75	136	liga,smcp,c2sc,onum,lnum,tnum,pnum,frac,sups,subs,case,ordn,aalt,locl,numr,dnom,ss01,ss02	kern	ttf	glyf	166348	no	Geoge Ryan/Eric Gill	Monotype Imaging Inc.	MONO	http://www.monotype.com	
/Users/bardiasamiee/Library/CloudStorage/GoogleDrive-b.samiee@mzn-group.com/My Drive/03.Digital Asset Database/01.Fonts/01.Premium Fonts/Gill Sans Nova/GillSansNova-CnBoldIt.ttf	0	Gill Sans Nova Cn Book	Bold Italic	Gill Sans Nova Cn Bold It	GillSansNova-CnBoldIt	Gill Sans Nova	Condensed Bold Italic	Version 1.00	1.000	700	3	1		1158	0	0		1	145	75	136	liga,smcp,c2sc,onum,lnum,tnum,pnum,frac,sups,subs,case,ordn,aalt,locl,numr,dnom,ss01,ss02,ss03,ss04	kern	ttf	glyf	172808	no	Geoge Ryan/Eric Gill	Monotype Imaging Inc.	MONO	http://www.monotype.com	
/Users/bardiasamiee/Library/CloudStorage/GoogleDrive-b.samiee@mzn-group.com/My Drive/03.Digital Asset Database/01.Fonts/01.Premium Fonts/Gill Sans Nova/GillSansNova-CnBook.ttf	0	Gill Sans Nova Cn Book	Regular	Gill Sans Nova Cn Book	GillSansNova-CnBook	Gill Sans Nova	Condensed Book	Version 1.00	1.000	400	3	0		1108	0	0		1	145	75	136	liga,smcp,c2sc,onum,lnum,tnum,pnum,frac,sups,subs,case,ordn,aalt,locl,numr,dnom,ss01,ss02	kern	ttf	glyf	163080	no	Geoge Ryan/Eric Gill	Monotype Imaging Inc.	MONO	http://www.monotype.com	
/Users/bardiasamiee/Library/CloudStorage/GoogleDrive-b.samiee@mzn-group.com/My Drive/03.Digital Asset Database/01.Fonts/01.Premium Fonts/Gill Sans Nova/GillSansNova-CnBookIt.ttf	0	Gill Sans Nova Cn Book	Italic	Gill Sans Nova Cn Book It	GillSansNova-CnBookIt	Gill Sans Nova	Condensed Book Italic	Version 1.00	1.000	400	3	1		1153	0	0		1	145	75	136	liga,smcp,c2sc,onum,lnum,tnum,pnum,frac,sups,subs,case,ordn,aalt,locl,numr,dnom,ss01,ss02,ss03,ss04	kern	ttf	glyf	175540	no	Geoge Ryan/Eric Gill	Monotype Imaging Inc.	MONO	http://www.monotype.com	
/Users/bardiasamiee/Library/CloudStorage/GoogleDrive-b.samiee@mzn-group.com/My Drive/03.Digital Asset Database/01.Fonts/01.Premium Fonts/Gill Sans Nova/GillSansNova-CnExtraBold.ttf	0	Gill Sans Nova Cn ExtraBold	Regular	Gill Sans Nova Cn ExtraBold	GillSansNova-CnExtraBold	Gill Sans Nova	Condensed ExtraBold	Version 1.00	1.000	900	3	0		1114	0	0		1	145	75	136	liga,smcp,c2sc,onum,lnum,tnum,pnum,frac,sups,subs,case,ordn,aalt,locl,numr,dnom,ss01,ss02	kern	ttf	glyf	171488	no	Geoge Ryan/Eric Gill	Monotype Imaging Inc.	MONO	http://www.monotype.com	
/Users/bardiasamiee/Library/CloudStorage/GoogleDrive-b.samiee@mzn-group.com/My Drive/03.Digital Asset Database/01.Fonts/01.Premium Fonts/Gill Sans Nova/GillSansNova-CnHeavy.ttf	0	Gill Sans Nova Cn Heavy	Regular	Gill Sans Nova Cn Heavy	GillSansNova-CnHeavy	Gill Sans Nova	Condensed Heavy	Version 1.00	1.000	800	3	0		1113	0	0		1	145	75	136	liga,smcp,c2sc,onum,lnum,tnum,pnum,frac,sups,subs,case,ordn,aalt,locl,numr,dnom,ss01,ss02	kern	ttf	glyf	171284	no	Geoge Ryan/Eric Gill	Monotype Imaging Inc.	MONO	http://www.monotype.com	
/Users/bardiasamiee/Library/CloudStorage/GoogleDrive-b.samiee@mzn-group.com/My Drive/03.Digital Asset Database/01.Fonts/01.Premium Fonts/Gill Sans Nova/GillSansNova-CnHeavyIt.ttf	0	Gill Sans Nova Cn Heavy	Italic	Gill Sans Nova Cn Heavy It	GillSansNova-CnHeavyIt	Gill Sans Nova	Condensed Heavy Italic	Version 1.00	1.000	800	3	1		1158	0	0		1	145	75	136	liga,smcp,c2sc,onum,lnum,tnum,pnum,frac,sups,subs,case,ordn,aalt,locl,numr,dnom,ss01,ss02,ss03,ss04	kern	ttf	glyf	172344	no	Geoge Ryan/Eric Gill	Monotype Imaging Inc.	MONO	http://www.monotype.com	
/Users/bardiasamiee/Library/CloudStorage/GoogleDrive-b.samiee@mzn-group.com/My Drive/03.Digital Asset Database/01.Fonts/01.Premium Fonts/Gill Sans Nova/GillSansNova-CnLight.ttf	0	Gill Sans Nova Cn Light	Regular	Gill Sans Nova Cn Light	GillSansNova-CnLight	Gill Sans Nova	Condensed Light	Version 1.00	1.000	300	3	0		1108	0	0		1	145	75	136	liga,smcp,c2sc,onum,lnum,tnum,pnum,frac,sups,subs,case,ordn,aalt,locl,numr,dnom,ss01,ss02	kern	ttf	glyf	160528	no	Geoge Ryan/Eric Gill	Monotype Imaging Inc.	MONO	http://www.monotype.com	
/Users/bardiasamiee/Library/CloudStorage/GoogleDrive-b.samiee@mzn-group.com/My Drive/03.Digital Asset Database/01.Fonts/01.Premium Fonts/Gill Sans Nova/GillSansNova-CnLightIt.ttf	0	Gill Sans Nova Cn Light	Italic	Gill Sans Nova Cn Light It	GillSansNova-CnLightIt	Gill Sans Nova	Condensed Light Italic	Version 1.00	1.000	300	3	1		1154	0	0		1	145	75	136	liga,smcp,c2sc,onum,lnum,tnum,pnum,frac,sups,subs,case,ordn,aalt,locl,numr,dnom,ss01,ss02,ss03,ss04	kern	ttf	glyf	170960	no	Geoge Ryan/Eric Gill	Monotype Imaging Inc.	MONO	http://www.monotype.com	
/Users/bardiasamiee/Library/CloudStorage/GoogleDrive-b.samiee@mzn-group.com/My Drive/03.Digital Asset Database/01.Fonts/01.Premium Fonts/Gill Sans Nova/GillSansNova-CnMedium.ttf	0	Gill Sans Nova Cn Medium	Regular	Gill Sans Nova Cn Medium	GillSansNova-CnMedium	Gill Sans Nova	Condensed Medium	Version 1.00	1.000	500	3	0		1113	0	0		1	145	75	136	liga,smcp,c2sc,onum,lnum,tnum,pnum,frac,sups,subs,case,ordn,aalt,locl,numr,dnom,ss01,ss02	kern	ttf	glyf	164308	no	Geoge Ryan/Eric Gill	Monotype Imaging Inc.	MONO	http://www.monotype.com	
/Users/bardiasamiee/Library/CloudStorage/GoogleDrive-b.samiee@mzn-group.com/My Drive/03.Digital Asset Database/01.Fonts/01.Premium Fonts/Gill Sans Nova/GillSansNova-CnMediumIt.ttf	0	Gill Sans Nova Cn Medium	Italic	Gill Sans Nova Cn Medium It	GillSansNova-CnMediumIt	Gill Sans Nova	Condensed Medium Italic	Version 1.00	1.000	500	3	1		1158	0	0		1	145	75	136	liga,smcp,c2sc,onum,lnum,tnum,pnum,frac,sups,subs,case,ordn,aalt,locl,numr,dnom,ss01,ss02,ss03,ss04	kern	ttf	glyf	171584	no	Geoge Ryan/Eric Gill	Monotype Imaging Inc.	MONO	http://www.monotype.com	
/Users/bardiasamiee/Library/CloudStorage/GoogleDrive-b.samiee@mzn-group.com/My Drive/03.Digital Asset Database/01.Fonts/01.Premium Fonts/Gill Sans Nova/GillSansNova-CnSemiBold.ttf	0	Gill Sans Nova Cn SemiBold	Regular	Gill Sans Nova Cn SemiBold	GillSansNova-CnSemiBold	Gill Sans Nova	Condensed SemiBold	Version 1.00	1.000	600	3	0		1113	0	0		1	145	75	136	liga,smcp,c2sc,onum,lnum,tnum,pnum,frac,sups,subs,case,ordn,aalt,locl,numr,dnom,ss01,ss02	kern	ttf	glyf	165964	no	Geoge Ryan/Eric Gill	Monotype Imaging Inc.	MONO	http://www.monotype.com	
/Users/bardiasamiee/Library/CloudStorage/GoogleDrive-b.samiee@mzn-group.com/My Drive/03.Digital Asset Database/01.Fonts/01.Premium Fonts/Gill Sans Nova/GillSansNova-CnSemiBoldIt.ttf	0	Gill Sans Nova Cn SemiBold	Italic	Gill Sans Nova Cn SemiBold It	GillSansNova-CnSemiBoldIt	Gill Sans Nova	Condensed SemiBold Italic	Version 1.00	1.000	600	3	1		1158	0	0		1	145	75	136	liga,smcp,c2sc,onum,lnum,tnum,pnum,frac,sups,subs,case,ordn,aalt,locl,numr,dnom,ss01,ss02,ss03,ss04	kern	ttf	glyf	174040	no	Geoge Ryan/Eric Gill	Monotype Imaging Inc.	MONO	http://www.monotype.com	
/Users/bardiasamiee/Library/CloudStorage/GoogleDrive-b.samiee@mzn-group.com/My Drive/03.Digital Asset Database/01.Fonts/01.Premium Fonts/Gill Sans Nova/GillSansNova-CnUltraBold.ttf	0	Gill Sans Nova Cn UltraBold	Regular	Gill Sans Nova Cn UltraBold	GillSansNova-CnUltraBold	Gill Sans Nova	Condensed UltraBold	Version 1.00	1.000	1000	3	0		1006	0	0		1	145	75	136	liga,smcp,c2sc,onum,lnum,tnum,pnum,salt,frac,sups,subs,case,ordn,aalt,locl,numr,dnom,ss01	kern	ttf	glyf	149632	no	Geoge Ryan/Eric Gill	Monotype Imaging Inc.	MONO	http://www.monotype.com	
/Users/bardiasamiee/Library/CloudStorage/GoogleDrive-b.samiee@mzn-group.com/My Drive/03.Digital Asset Database/01.Fonts/01.Premium Fonts/Gill Sans Nova/GillSansNova-CnUltraLight.ttf	0	Gill Sans Nova Cn UltraLight	Regular	Gill Sans Nova Cn UltraLight	GillSansNova-CnUltraLight	Gill Sans Nova	Condensed UltraLight	Version 1.00	1.000	250	3	0		1108	0	0		1	145	75	136	liga,smcp,c2sc,onum,lnum,tnum,pnum,frac,sups,subs,case,ordn,aalt,locl,numr,dnom,ss01,ss02	kern	ttf	glyf	159596	no	Geoge Ryan/Eric Gill	Monotype Imaging Inc.	MONO	http://www.monotype.com	
/Users/bardiasamiee/Library/CloudStorage/GoogleDrive-b.samiee@mzn-group.com/My Drive/03.Digital Asset Database/01.Fonts/01.Premium Fonts/Gill Sans Nova/GillSansNova-CnUltraLightIt.ttf	0	Gill Sans Nova Cn UltraLight	Italic	Gill Sans Nova Cn UltraLight It	GillSansNova-CnUltraLightIt	Gill Sans Nova	Condensed UltraLight Italic	Version 1.00	1.000	250	3	1		1154	0	0		1	145	75	136	liga,smcp,c2sc,onum,lnum,tnum,pnum,frac,sups,subs,case,ordn,aalt,locl,numr,dnom,ss01,ss02,ss03,ss04	kern	ttf	glyf	171632	no	Geoge Ryan/Eric Gill	Monotype Imaging Inc.	MONO	http://www.monotype.com	
/Users/bardiasamiee/Library/CloudStorage/GoogleDrive-b.samiee@mzn-group.com/My Drive/03.Digital Asset Database/01.Fonts/01.Premium Fonts/Gill Sans Nova/GillSansNova-ExtraBold.ttf	0	Gill Sans Nova ExtraBold	Regular	Gill Sans Nova ExtraBold	GillSansNova-ExtraBold	Gill Sans Nova	ExtraBold	Version 1.00	1.000	900	5	0		1101	0	0		1	145	75	136	liga,smcp,c2sc,onum,lnum,tnum,pnum,frac,sups,subs,case,ordn,aalt,locl,numr,dnom,ss01,ss02,ss03	kern	ttf	glyf	166036	no	Geoge Ryan/Eric Gill	Monotype Imaging Inc.	MONO	http://www.monotype.com	
/Users/bardiasamiee/Library/CloudStorage/GoogleDrive-b.samiee@mzn-group.com/My Drive/03.Digital Asset Database/01.Fonts/01.Premium Fonts/Gill Sans Nova/GillSansNova-ExtraCondBold.ttf	0	Gill Sans Nova ExtraCond Bold	Regular	Gill Sans Nova ExtraCond Bold	GillSansNova-ExtraCondBold	Gill Sans Nova	ExtraCondensed Bold	Version 1.00	1.000	700	2	0		1014	0	0		1	145	75	136	liga,smcp,c2sc,onum,lnum,tnum,pnum,salt,frac,sups,subs,case,ordn,aalt,locl,numr,dnom	kern	ttf	glyf	163752	no	Geoge Ryan/Eric Gill	Monotype Imaging Inc.	MONO	http://www.monotype.com	
/Users/bardiasamiee/Library/CloudStorage/GoogleDrive-b.samiee@mzn-group.com/My Drive/03.Digital Asset Database/01.Fonts/01.Premium Fonts/Gill Sans Nova/GillSansNova-Heavy.ttf	0	Gill Sans Nova Heavy	Regular	Gill Sans Nova Heavy	GillSansNova-Heavy	Gill Sans Nova	Heavy	Version 1.00	1.000	800	5	0		1100	0	0		1	145	75	136	liga,smcp,c2sc,onum,lnum,tnum,pnum,frac,sups,subs,case,ordn,aalt,locl,numr,dnom,ss01,ss02,ss03	kern	ttf	glyf	168888	no	Geoge Ryan/Eric Gill	Monotype Imaging Inc.	MONO	http://www.monotype.com	
/Users/bardiasamiee/Library/CloudStorage/GoogleDrive-b.samiee@mzn-group.com/My Drive/03.Digital Asset Database/01.Fonts/01.Premium Fonts/Gill Sans Nova/GillSansNova-HeavyItalic.ttf	0	Gill Sans Nova Heavy	Italic	Gill Sans Nova Heavy Italic	GillSansNova-HeavyItalic	Gill Sans Nova	Heavy Italic	Version 1.00	1.000	800	5	1		1167	0	0		1	145	75	136	liga,smcp,c2sc,onum,lnum,tnum,pnum,swsh,frac,sups,subs,case,ordn,aalt,locl,numr,dnom,ss01,ss02,ss03	kern	ttf	glyf	183812	no	Geoge Ryan/Eric Gill	Monotype Imaging Inc.	MONO	http://www.monotype.com	
/Users/bardiasamiee/Library/CloudStorage/GoogleDrive-b.samiee@mzn-group.com/My Drive/03.Digital Asset Database/01.Fonts/01.Premium Fonts/Gill Sans Nova/GillSansNova-Light.ttf	0	Gill Sans Nova Light	Regular	Gill Sans Nova Light	GillSansNova-Light	Gill Sans Nova	Light	Version 1.00	1.000	300	5	0		1100	0	0		1	145	75	136	liga,smcp,c2sc,onum,lnum,tnum,pnum,frac,sups,subs,case,ordn,aalt,locl,numr,dnom,ss01,ss02,ss03	kern	ttf	glyf	176960	no	Geoge Ryan/Eric Gill	Monotype Imaging Inc.	MONO	http://www.monotype.com	
/Users/bardiasamiee/Library/CloudStorage/GoogleDrive-b.samiee@mzn-group.com/My Drive/03.Digital Asset Database/01.Fonts/01.Premium Fonts/Gill Sans Nova/GillSansNova-LightItalic.ttf	0	Gill Sans Nova Light	Italic	Gill Sans Nova Light Italic	GillSansNova-LightItalic	Gill Sans Nova	Light Italic	Version 1.00	1.000	300	5	1		1167	0	0		1	145	75	136	liga,smcp,c2sc,onum,lnum,tnum,pnum,swsh,frac,sups,subs,case,ordn,aalt,locl,numr,dnom,ss01,ss02,ss03	kern	ttf	glyf	185728	no	Geoge Ryan/Eric Gill	Monotype Imaging Inc.	MONO	http://www.monotype.com	
/Users/bardiasamiee/Library/CloudStorage/GoogleDrive-b.samiee@mzn-group.com/My Drive/03.Digital Asset Database/01.Fonts/01.Premium Fonts/Gill Sans Nova/GillSansNova-Medium.ttf	0	Gill Sans Nova Medium	Regular	Gill Sans Nova Medium	GillSansNova-Medium	Gill Sans Nova	Medium	Version 1.00	1.000	500	5	0		1100	0	0		1	145	75	136	liga,smcp,c2sc,onum,lnum,tnum,pnum,frac,sups,subs,case,ordn,aalt,locl,numr,dnom,ss01,ss02,ss03	kern	ttf	glyf	161660	no	Geoge Ryan/Eric Gill	Monotype Imaging Inc.	MONO	http://www.monotype.com	
/Users/bardiasamiee/Library/CloudStorage/GoogleDrive-b.samiee@mzn-group.com/My Drive/03.Digital Asset Database/01.Fonts/01.Premium Fonts/Gill Sans Nova/GillSansNova-MediumItalic.ttf	0	Gill Sans Nova Medium	Italic	Gill Sans Nova Medium Italic	GillSansNova-MediumItalic	Gill Sans Nova	Medium Italic	Version 1.00	1.000	500	5	1		1167	0	0		1	145	75	136	liga,smcp,c2sc,onum,lnum,tnum,pnum,swsh,frac,sups,subs,case,ordn,aalt,locl,numr,dnom,ss01,ss02,ss03	kern	ttf	glyf	181504	no	Geoge Ryan/Eric Gill	Monotype Imaging Inc.	MONO	http://www.monotype.com	
/Users/bardiasamiee/Library/CloudStorage/GoogleDrive-b.samiee@mzn-group.com/My Drive/03.Digital Asset Database/01.Fonts/01.Premium Fonts/Gill Sans Nova/GillSansNova-SemiBold.ttf	0	Gill Sans Nova SemiBold	Regular	Gill Sans Nova SemiBold	GillSansNova-SemiBold	Gill Sans Nova	SemiBold	Version 1.00	1.000	600	5	0		1100	0	0		1	145	75	136	liga,smcp,c2sc,onum,lnum,tnum,pnum,frac,sups,subs,case,ordn,aalt,locl,numr,dnom,ss01,ss02,ss03	kern	ttf	glyf	163204	no	Geoge Ryan/Eric Gill	Monotype Imaging Inc.	MONO	http://www.monotype.com	
/Users/bardiasamiee/Library/CloudStorage/GoogleDrive-b.samiee@mzn-group.com/My Drive/03.Digital Asset Database/01.Fonts/01.Premium Fonts/Gill Sans Nova/GillSansNova-SemiBoldItalic.ttf	0	Gill Sans Nova SemiBold	Italic	Gill Sans Nova SemiBold Italic	GillSansNova-SemiBoldItalic	Gill Sans Nova	SemiBold Italic	Version 1.00	1.000	600	5	1		1167	0	0		1	145	75	136	liga,smcp,c2sc,onum,lnum,tnum,pnum,swsh,frac,sups,subs,case,ordn,aalt,locl,numr,dnom,ss01,ss02,ss03	kern	ttf	glyf	179168	no	Geoge Ryan/Eric Gill	Monotype Imaging Inc.	MONO	http://www.monotype.com	
/Users/bardiasamiee/Library/CloudStorage/GoogleDrive-b.samiee@mzn-group.com/My Drive/03.Digital Asset Database/01.Fonts/01.Premium Fonts/Gill Sans Nova/GillSansNova-UltraBold.ttf	0	Gill Sans Nova UltraBold	Regular	Gill Sans Nova UltraBold	GillSansNova-UltraBold	Gill Sans Nova	UltraBold	Version 1.00	1.000	1000	5	0		1006	0	0		1	145	75	136	liga,smcp,c2sc,onum,lnum,tnum,pnum,salt,frac,sups,subs,case,ordn,aalt,locl,numr,dnom,ss01	kern	ttf	glyf	155628	no	Geoge Ryan/Eric Gill	Monotype Imaging Inc.	MONO	http://www.monotype.com	
/Users/bardiasamiee/Library/CloudStorage/GoogleDrive-b.samiee@mzn-group.com/My Drive/03.Digital Asset Database/01.Fonts/01.Premium Fonts/Gill Sans Nova/GillSansNova-UltraLight.ttf	0	Gill Sans Nova UltraLight	Regular	Gill Sans Nova UltraLight	GillSansNova-UltraLight	Gill Sans Nova	UltraLight	Version 1.00	1.000	250	5	0		1100	0	0		1	145	75	136	liga,smcp,c2sc,onum,lnum,tnum,pnum,frac,sups,subs,case,ordn,aalt,locl,numr,dnom,ss01,ss02,ss03	kern	ttf	glyf	167832	no	Geoge Ryan/Eric Gill	Monotype Imaging Inc.	MONO	http://www.monotype.com	
/Users/bardiasamiee/Library/CloudStorage/GoogleDrive-b.samiee@mzn-group.com/My Drive/03.Digital Asset Database/01.Fonts/01.Premium Fonts/Gill Sans Nova/GillSansNova-UltraLightIt.ttf	0	Gill Sans Nova UltraLight	Italic	Gill Sans Nova UltraLight It	GillSansNova-UltraLightIt	Gill Sans Nova	UltraLight Italic	Version 1.00	1.000	250	5	1		1167	0	0		1	145	75	136	liga,smcp,c2sc,onum,lnum,tnum,pnum,swsh,frac,sups,subs,case,ordn,aalt,locl,numr,dnom,ss01,ss02,ss03	kern	ttf	glyf	172080	no	Geoge Ryan/Eric Gill	Monotype Imaging Inc.	MONO	http://www.monotype.com	
/Users/bardiasamiee/Library/CloudStorage/GoogleDrive-b.samiee@mzn-group.com/My Drive/03.Digital Asset Database/01.Fonts/01.Premium Fonts/Gill Sans Nova/GillSansNovaDeco-Regular.ttf	0	Gill Sans Nova Deco Regular	Regular	Gill Sans Nova Deco	GillSansNovaDeco-Regular	Gill Sans Nova Deco	Regular	Version 1.00	1.000	400	5	0		611	0	0		1	141	75	136	liga,salt,aalt,locl,ss01,ss02,ss03,ss04	kern	ttf	glyf	162448	no	Geoge Ryan/Eric Gill	Monotype Imaging Inc.	MONO	http://www.monotype.com	
/Users/bardiasamiee/Library/CloudStorage/GoogleDrive-b.samiee@mzn-group.com/My Drive/03.Digital Asset Database/01.Fonts/01.Premium Fonts/Gill Sans Nova/GillSansNovaInline-Bold.ttf	0	Gill Sans Nova Inline Regular	Bold	Gill Sans Nova Inline Bold	GillSansNovaInline-Bold	Gill Sans Nova Inline	Bold	Version 1.00	1.000	700	5	0		844	0	0		1	145	75	136	liga,tnum,pnum,salt,frac,sups,subs,ordn,aalt,locl,numr,dnom,ss01,ss02	kern	ttf	glyf	141972	no	Geoge Ryan/Eric Gill	Monotype Imaging Inc.	MONO	http://www.monotype.com	
/Users/bardiasamiee/Library/CloudStorage/GoogleDrive-b.samiee@mzn-group.com/My Drive/03.Digital Asset Database/01.Fonts/01.Premium Fonts/Gill Sans Nova/GillSansNovaInline-Cond.ttf	0	Gill Sans Nova Inline Condensed	Regular	Gill Sans Nova Inline Condensed	GillSansNovaInline-Cond	Gill Sans Nova Inline	Condensed	Version 1.00	1.000	400	3	0		753	0	0		1	145	75	136	liga,tnum,pnum,salt,frac,sups,subs,ordn,aalt,locl,numr,dnom,ss01	kern	ttf	glyf	116372	no	Geoge Ryan/Eric Gill	Monotype Imaging Inc.	MONO	http://www.monotype.com	
/Users/bardiasamiee/Library/CloudStorage/GoogleDrive-b.samiee@mzn-group.com/My Drive/03.Digital Asset Database/01.Fonts/01.Premium Fonts/Gill Sans Nova/GillSansNovaInline-ExtraLt.ttf	0	Gill Sans Nova Inline ExtraLt	Regular	Gill Sans Nova Inline ExtraLt	GillSansNovaInline-ExtraLt	Gill Sans Nova Inline	ExtraLight	Version 1.00	1.000	250	5	0		844	0	0		1	145	75	136	liga,tnum,pnum,salt,frac,sups,subs,ordn,aalt,locl,numr,dnom,ss01,ss02	kern	ttf	glyf	142200	no	Geoge Ryan/Eric Gill	Monotype Imaging Inc.	MONO	http://www.monotype.com	
/Users/bardiasamiee/Library/CloudStorage/GoogleDrive-b.samiee@mzn-group.com/My Drive/03.Digital Asset Database/01.Fonts/01.Premium Fonts/Gill Sans Nova/GillSansNovaInline-Light.ttf	0	Gill Sans Nova Inline Light	Regular	Gill Sans Nova Inline Light	GillSansNovaInline-Light	Gill Sans Nova Inline	Light	Version 1.00	1.000	300	5	0		844	0	0		1	145	75	136	liga,tnum,pnum,salt,frac,sups,subs,ordn,aalt,locl,numr,dnom,ss01,ss02	kern	ttf	glyf	143548	no	Geoge Ryan/Eric Gill	Monotype Imaging Inc.	MONO	http://www.monotype.com	
/Users/bardiasamiee/Library/CloudStorage/GoogleDrive-b.samiee@mzn-group.com/My Drive/03.Digital Asset Database/01.Fonts/01.Premium Fonts/Gill Sans Nova/GillSansNovaInline-Regular.ttf	0	Gill Sans Nova Inline Regular	Regular	Gill Sans Nova Inline	GillSansNovaInline-Regular	Gill Sans Nova Inline	Regular	Version 1.00	1.000	400	5	0		844	0	0		1	145	75	136	liga,tnum,pnum,salt,frac,sups,subs,ordn,aalt,locl,numr,dnom,ss01,ss02	kern	ttf	glyf	143264	no	Geoge Ryan/Eric Gill	Monotype Imaging Inc.	MONO	http://www.monotype.com	
/Users/bardiasamiee/Library/CloudStorage/GoogleDrive-b.samiee@mzn-group.com/My Drive/03.Digital Asset Database/01.Fonts/01.Premium Fonts/Gill Sans Nova/GillSansNovaInline-SemiBold.ttf	0	Gill Sans Nova Inline SemiBold	Regular	Gill Sans Nova Inline SemiBold	GillSansNovaInline-SemiBold	Gill Sans Nova Inline	SemiBold	Version 1.00	1.000	600	5	0		844	0	0		1	145	75	136	liga,tnum,pnum,salt,frac,sups,subs,ordn,aalt,locl,numr,dnom,ss01,ss02	kern	ttf	glyf	142396	no	Geoge Ryan/Eric Gill	Monotype Imaging Inc.	MONO	http://www.monotype.com	
/Users/bardiasamiee/Library/CloudStorage/GoogleDrive-b.samiee@mzn-group.com/My Drive/03.Digital Asset Database/01.Fonts/01.Premium Fonts/Gill Sans Nova/GillSansNovaShadowed-Light.ttf	0	Gill Sans Nova Shadowed Light	Regular	Gill Sans Nova Shadowed Light	GillSansNovaShadowed-Light	Gill Sans Nova Shadowed	Light	Version 1.00	1.000	300	5	0		606	0	0		1	141	75	136	liga,salt,aalt,locl,ss01	kern	ttf	glyf	146788	no	Geoge Ryan/Eric Gill	Monotype Imaging Inc.	MONO	http://www.monotype.com	
/Users/bardiasamiee/Library/CloudStorage/GoogleDrive-b.samiee@mzn-group.com/My Drive/03.Digital Asset Database/01.Fonts/01.Premium Fonts/Gill Sans Nova/GillSansNovaShadowed-Medium.ttf	0	Gill Sans Nova Shadowed Medium	Regular	Gill Sans Nova Shadowed Medium	GillSansNovaShadowed-Medium	Gill Sans Nova Shadowed	Medium	Version 1.00	1.000	500	5	0		601	0	0		1	141	75	136	liga,aalt,locl	kern	ttf	glyf	149728	no	Geoge Ryan/Eric Gill	Monotype Imaging Inc.	MONO	http://www.monotype.com	
/Users/bardiasamiee/Library/CloudStorage/GoogleDrive-b.samiee@mzn-group.com/My Drive/03.Digital Asset Database/01.Fonts/01.Premium Fonts/Gill Sans Nova/GillSansNovaShadowed-Outln.ttf	0	Gill Sans Nova Shadowed Outline	Regular	Gill Sans Nova Shadowed Outline	GillSansNovaShadowed-Outln	Gill Sans Nova Shadowed	Outline	Version 1.00	1.000	400	5	0		602	0	0		1	141	75	136	liga,salt,aalt,locl,ss01	kern	ttf	glyf	131596	no	Geoge Ryan/Eric Gill	Monotype Imaging Inc.	MONO	http://www.monotype.com	
/Users/bardiasamiee/Library/CloudStorage/GoogleDrive-b.samiee@mzn-group.com/My Drive/03.Digital Asset Database/01.Fonts/01.Premium Fonts/Gotham/Gotham-Black.ttf	0	Gotham Black	Regular	Gotham-Black	Gotham-Black	Gotham	Black	Version 3.301	3.301	900	5	0		773	0	0		0	117	72	170	liga,calt,tnum,pnum,salt,frac,sups,subs,aalt,locl,numr,dnom,ss01,ss02,ss03,ss04,ss05,ss06,ss07	kern	ttf	glyf	119776	no	Hoefler & Co.	Hoefler & Co.	H&Co	http://www.typography.com/webfont-software	
/Users/bardiasamiee/Library/CloudStorage/GoogleDrive-b.samiee@mzn-group.com/My Drive/03.Digital Asset Database/01.Fonts/01.Premium Fonts/Gotham/Gotham-BlackItalic.ttf	0	Gotham Black	Italic	Gotham-BlackItalic	Gotham-BlackItalic	Gotham	Black Italic	Version 3.301	3.301	900	5	1		773	0	0		0	117	72	170	liga,calt,tnum,pnum,salt,frac,sups,subs,aalt,locl,numr,dnom,ss01,ss02,ss03,ss04,ss05,ss06,ss07	kern	ttf	glyf	129108	no	Hoefler & Co.	Hoefler & Co.	H&Co	http://www.typography.com/webfont-software	
/Users/bardiasamiee/Library/CloudStorage/GoogleDrive-b.samiee@mzn-group.com/My Drive/03.Digital Asset Database/01.Fonts/01.Premium Fonts/Gotham/Gotham-Bold.ttf	0	Gotham	Bold	Gotham-Bold	Gotham-Bold	Gotham	Bold	Version 3.301	3.301	700	5	0		773	0	0		0	117	72	170	liga,calt,tnum,pnum,salt,frac,sups,subs,aalt,locl,numr,dnom,ss01,ss02,ss03,ss04,ss05,ss06,ss07	kern	ttf	glyf	117576	no	Hoefler & Co.	Hoefler & Co.	H&Co	http://www.typography.com/webfont-software	
/Users/bardiasamiee/Library/CloudStorage/GoogleDrive-b.samiee@mzn-group.com/My Drive/03.Digital Asset Database/01.Fonts/01.Premium Fonts/Gotham/Gotham-BoldItalic.ttf	0	Gotham	Bold Italic	Gotham-BoldItalic	Gotham-BoldItalic	Gotham	Bold Italic	Version 3.301	3.301	700	5	1		773	0	0		0	117	72	170	liga,calt,tnum,pnum,salt,frac,sups,subs,aalt,locl,numr,dnom,ss01,ss02,ss03,ss04,ss05,ss06,ss07	kern	ttf	glyf	124440	no	Hoefler & Co.	Hoefler & Co.	H&Co	http://www.typography.com/webfont-software	
/Users/bardiasamiee/Library/CloudStorage/GoogleDrive-b.samiee@mzn-group.com/My Drive/03.Digital Asset Database/01.Fonts/01.Premium Fonts/Gotham/Gotham-Book.ttf	0	Gotham	Regular	Gotham-Book	Gotham-Book	Gotham	Book	Version 3.301	3.301	400	5	0		773	0	0		0	117	72	170	liga,calt,tnum,pnum,salt,frac,sups,subs,aalt,locl,numr,dnom,ss01,ss02,ss03,ss04,ss05,ss06,ss07	kern	ttf	glyf	119892	no	Hoefler & Co.	Hoefler & Co.	H&Co	http://www.typography.com/webfont-software	
/Users/bardiasamiee/Library/CloudStorage/GoogleDrive-b.samiee@mzn-group.com/My Drive/03.Digital Asset Database/01.Fonts/01.Premium Fonts/Gotham/Gotham-BookItalic.ttf	0	Gotham	Italic	Gotham-BookItalic	Gotham-BookItalic	Gotham	Book Italic	Version 3.301	3.301	400	5	1		773	0	0		0	117	72	170	liga,calt,tnum,pnum,salt,frac,sups,subs,aalt,locl,numr,dnom,ss01,ss02,ss03,ss04,ss05,ss06,ss07	kern	ttf	glyf	127440	no	Hoefler & Co.	Hoefler & Co.	H&Co	http://www.typography.com/webfont-software	
/Users/bardiasamiee/Library/CloudStorage/GoogleDrive-b.samiee@mzn-group.com/My Drive/03.Digital Asset Database/01.Fonts/01.Premium Fonts/Gotham/Gotham-Light.ttf	0	Gotham Light	Regular	Gotham-Light	Gotham-Light	Gotham	Light	Version 3.301	3.301	300	5	0		773	0	0		0	117	72	170	liga,calt,tnum,pnum,salt,frac,sups,subs,aalt,locl,numr,dnom,ss01,ss02,ss03,ss04,ss05,ss06,ss07	kern	ttf	glyf	119228	no	Hoefler & Co.	Hoefler & Co.	H&Co	http://www.typography.com/webfont-software	
/Users/bardiasamiee/Library/CloudStorage/GoogleDrive-b.samiee@mzn-group.com/My Drive/03.Digital Asset Database/01.Fonts/01.Premium Fonts/Gotham/Gotham-LightItalic.ttf	0	Gotham Light	Italic	Gotham-LightItalic	Gotham-LightItalic	Gotham	Light Italic	Version 3.301	3.301	300	5	1		773	0	0		0	117	72	170	liga,calt,tnum,pnum,salt,frac,sups,subs,aalt,locl,numr,dnom,ss01,ss02,ss03,ss04,ss05,ss06,ss07	kern	ttf	glyf	126268	no	Hoefler & Co.	Hoefler & Co.	H&Co	http://www.typography.com/webfont-software	
/Users/bardiasamiee/Library/CloudStorage/GoogleDrive-b.samiee@mzn-group.com/My Drive/03.Digital Asset Database/01.Fonts/01.Premium Fonts/Gotham/Gotham-Medium.ttf	0	Gotham Medium	Regular	Gotham-Medium	Gotham-Medium	Gotham	Medium	Version 3.301	3.301	500	5	0		773	0	0		0	117	72	170	liga,calt,tnum,pnum,salt,frac,sups,subs,aalt,locl,numr,dnom,ss01,ss02,ss03,ss04,ss05,ss06,ss07	kern	ttf	glyf	119512	no	Hoefler & Co.	Hoefler & Co.	H&Co	http://www.typography.com/webfont-software	
/Users/bardiasamiee/Library/CloudStorage/GoogleDrive-b.samiee@mzn-group.com/My Drive/03.Digital Asset Database/01.Fonts/01.Premium Fonts/Gotham/Gotham-MediumItalic.ttf	0	Gotham Medium	Italic	Gotham-MediumItalic	Gotham-MediumItalic	Gotham	Medium Italic	Version 3.301	3.301	500	5	1		773	0	0		0	117	72	170	liga,calt,tnum,pnum,salt,frac,sups,subs,aalt,locl,numr,dnom,ss01,ss02,ss03,ss04,ss05,ss06,ss07	kern	ttf	glyf	127020	no	Hoefler & Co.	Hoefler & Co.	H&Co	http://www.typography.com/webfont-software	
/Users/bardiasamiee/Library/CloudStorage/GoogleDrive-b.samiee@mzn-group.com/My Drive/03.Digital Asset Database/01.Fonts/01.Premium Fonts/Gotham/Gotham-Thin.ttf	0	Gotham Thin	Regular	Gotham-Thin	Gotham-Thin	Gotham	Thin	Version 3.301	3.301	250	5	0		773	0	0		0	117	72	170	liga,calt,tnum,pnum,salt,frac,sups,subs,aalt,locl,numr,dnom,ss01,ss02,ss03,ss04,ss05,ss06,ss07	kern	ttf	glyf	120448	no	Hoefler & Co.	Hoefler & Co.	H&Co	http://www.typography.com/webfont-software	
/Users/bardiasamiee/Library/CloudStorage/GoogleDrive-b.samiee@mzn-group.com/My Drive/03.Digital Asset Database/01.Fonts/01.Premium Fonts/Gotham/Gotham-ThinItalic.ttf	0	Gotham Thin	Italic	Gotham-ThinItalic	Gotham-ThinItalic	Gotham	Thin Italic	Version 3.301	3.301	250	5	1		773	0	0		0	117	72	170	liga,calt,tnum,pnum,salt,frac,sups,subs,aalt,locl,numr,dnom,ss01,ss02,ss03,ss04,ss05,ss06,ss07	kern	ttf	glyf	128536	no	Hoefler & Co.	Hoefler & Co.	H&Co	http://www.typography.com/webfont-software	
/Users/bardiasamiee/Library/CloudStorage/GoogleDrive-b.samiee@mzn-group.com/My Drive/03.Digital Asset Database/01.Fonts/01.Premium Fonts/Gotham/Gotham-Ultra.ttf	0	Gotham Ultra	Regular	Gotham-Ultra	Gotham-Ultra	Gotham	Ultra	Version 3.301	3.301	1000	5	0		773	0	0		0	117	72	170	liga,calt,tnum,pnum,salt,frac,sups,subs,aalt,locl,numr,dnom,ss01,ss02,ss03,ss04,ss05,ss06,ss07	kern	ttf	glyf	117504	no	Hoefler & Co.	Hoefler & Co.	H&Co	http://www.typography.com/webfont-software	
/Users/bardiasamiee/Library/CloudStorage/GoogleDrive-b.samiee@mzn-group.com/My Drive/03.Digital Asset Database/01.Fonts/01.Premium Fonts/Gotham/Gotham-UltraItalic.ttf	0	Gotham Ultra	Italic	Gotham-UltraItalic	Gotham-UltraItalic	Gotham	Ultra Italic	Version 3.301	3.301	1000	5	1		773	0	0		0	117	72	170	liga,calt,tnum,pnum,salt,frac,sups,subs,aalt,locl,numr,dnom,ss01,ss02,ss03,ss04,ss05,ss06,ss07	kern	ttf	glyf	127352	no	Hoefler & Co.	Hoefler & Co.	H&Co	http://www.typography.com/webfont-software	
/Users/bardiasamiee/Library/CloudStorage/GoogleDrive-b.samiee@mzn-group.com/My Drive/03.Digital Asset Database/01.Fonts/01.Premium Fonts/Gotham/Gotham-XLight.ttf	0	Gotham ExtraLight	Regular	Gotham-XLight	Gotham-XLight	Gotham	ExtraLight	Version 3.301	3.301	275	5	0		773	0	0		0	117	72	170	liga,calt,tnum,pnum,salt,frac,sups,subs,aalt,locl,numr,dnom,ss01,ss02,ss03,ss04,ss05,ss06,ss07	kern	ttf	glyf	121148	no	Hoefler & Co.	Hoefler & Co.	H&Co	http://www.typography.com/webfont-software	
/Users/bardiasamiee/Library/CloudStorage/GoogleDrive-b.samiee@mzn-group.com/My Drive/03.Digital Asset Database/01.Fonts/01.Premium Fonts/Gotham/Gotham-XLightItalic.ttf	0	Gotham ExtraLight	Italic	Gotham-XLightItalic	Gotham-XLightItalic	Gotham	ExtraLight Italic	Version 3.301	3.301	275	5	1		773	0	0		0	117	72	170	liga,calt,tnum,pnum,salt,frac,sups,subs,aalt,locl,numr,dnom,ss01,ss02,ss03,ss04,ss05,ss06,ss07	kern	ttf	glyf	128600	no	Hoefler & Co.	Hoefler & Co.	H&Co	http://www.typography.com/webfont-software	
/Users/bardiasamiee/Library/CloudStorage/GoogleDrive-b.samiee@mzn-group.com/My Drive/03.Digital Asset Database/01.Fonts/01.Premium Fonts/Helvetica Font/Helvetica-Bold.ttf	0	Helvetica	Bold	Helvetica‭ ‬עבה	Helvetica-Bold			Version 10.0d4e1	1.000	700	5	0		2197	0	0		0	297	93	208	liga	kern	ttf	glyf	308628	no			pyrs		
/Users/bardiasamiee/Library/CloudStorage/GoogleDrive-b.samiee@mzn-group.com/My Drive/03.Digital Asset Database/01.Fonts/01.Premium Fonts/Helvetica Font/Helvetica-BoldOblique.ttf	0	Helvetica	Bold Oblique	Helvetica Bold Oblique	Helvetica-BoldOblique			Version 10.0d4e1	1.000	700	5	1		2196	0	0		0	297	93	208	liga	kern	ttf	glyf	277080	no			pyrs		
/Users/bardiasamiee/Library/CloudStorage/GoogleDrive-b.samiee@mzn-group.com/My Drive/03.Digital Asset Database/01.Fonts/01.Premium Fonts/Helvetica Font/helvetica-compressed-5871d14b6903a.otf	0	Helvetica Compressed	Regular	Helvetica-Compressed	Helvetica-Compressed			001.000	1.000	500	5	0		229	0	0		0	11	0	0		kern	otf	CFF	24240	no					
/Users/bardiasamiee/Library/CloudStorage/GoogleDrive-b.samiee@mzn-group.com/My Drive/03.Digital Asset Database/01.Fonts/01.Premium Fonts/Helvetica Font/helvetica-light-587ebe5a59211.ttf	0	Helvetica Light	Regular	Helvetica Light	Helvetica-Light			Converter: Windows Type 1 Installer V1.0d.￿Font: V1.3	1.000	400	5	0		229	0	0		0	9	0	0			ttf	glyf	50583	no					
/Users/bardiasamiee/Library/CloudStorage/GoogleDrive-b.samiee@mzn-group.com/My Drive/03.Digital Asset Database/01.Fonts/01.Premium Fonts/Helvetica Font/Helvetica-Oblique.ttf	0	Helvetica	Oblique	Helvetica Oblique	Helvetica-Oblique			Version 10.0d4e1	0.000	400	5	1		2196	0	0		0	297	93	208	liga	kern	ttf	glyf	597564	no			pyrs		
/Users/bardiasamiee/Library/CloudStorage/GoogleDrive-b.samiee@mzn-group.com/My Drive/03.Digital Asset Database/01.Fonts/01.Premium Fonts/Helvetica Font/helvetica-rounded-bold-5871d05ead8de.otf	0	Helvetica Rounded	Bold	HelveticaRounded-Bold	HelveticaRounded-Bold			001.000	1.000	700	5	0		229	0	0		0	11	0	0		kern	otf	CFF	31681	no					
/Users/bardiasamiee/Library/CloudStorage/GoogleDrive-b.samiee@mzn-group.com/My Drive/03.Digital Asset Database/01.Fonts/01.Premium Fonts/Helvetica Font/Helvetica.ttf	0	Helvetica	Regular	Helvetica	Helvetica			Version 10.0d4e1	0.000	400	5	0		2197	0	0		0	297	93	208	liga	kern	ttf	glyf	317968	no			pyrs		
/Users/bardiasamiee/Library/CloudStorage/GoogleDrive-b.samiee@mzn-group.com/My Drive/03.Digital Asset Database/01.Fonts/01.Premium Fonts/Memphis-font/Memphis-Bold-Italic.ttf	0	Memphis LT Std Medium	Bold Italic	MemphisLTStd-BoldItalic	MemphisLTStd-BoldItalic	Memphis LT Std		OTF 1.029;PS 001.002;Core 1.0.33;makeotf.lib1.4.1585	1.029	700	5	1		253	0	0		0	11	3	0	liga,frac,sups,ordn,aalt	kern	ttf	CFF	30720	no	Dr. Rudolf Wolf		ADBE	http://www.adobe.com/type/legal.html	
/Users/bardiasamiee/Library/CloudStorage/GoogleDrive-b.samiee@mzn-group.com/My Drive/03.Digital Asset Database/01.Fonts/01.Premium Fonts/Memphis-font/Memphis-Bold.ttf	0	Memphis-Bold	Regular	Memphis-Bold	Memphis-Bold				0.000	500	5	0		399	0	0		0	62	12	0			ttf	glyf	57504	no					
/Users/bardiasamiee/Library/CloudStorage/GoogleDrive-b.samiee@mzn-group.com/My Drive/03.Digital Asset Database/01.Fonts/01.Premium Fonts/Memphis-font/Memphis-Extra-Bold.ttf	0	Memphis Extra Bold	Regular	Memphis Extra Bold	Memphis-ExtraBold			1.001; 05-25-93	2.000	800	5	0		258	0	0		0	21	1	0			ttf	glyf	42468	no			LINO		
/Users/bardiasamiee/Library/CloudStorage/GoogleDrive-b.samiee@mzn-group.com/My Drive/03.Digital Asset Database/01.Fonts/01.Premium Fonts/Memphis-font/Memphis-Light.ttf	0	Memphis-Light	Regular	Memphis-Light	Memphis-Light				0.000	500	5	0		399	0	0		0	62	12	0			ttf	glyf	57272	no					
/Users/bardiasamiee/Library/CloudStorage/GoogleDrive-b.samiee@mzn-group.com/My Drive/03.Digital Asset Database/01.Fonts/01.Premium Fonts/Memphis-font/Memphis-LightItalic.ttf	0	Memphis-LightItalic	Regular	Memphis-LightItalic	Memphis-LightItalic				0.000	500	5	0		399	0	0		0	62	12	0			ttf	glyf	57684	no					
/Users/bardiasamiee/Library/CloudStorage/GoogleDrive-b.samiee@mzn-group.com/My Drive/03.Digital Asset Database/01.Fonts/01.Premium Fonts/Memphis-font/Memphis-Medium-Italic.ttf	0	Memphis LT Std Medium	Italic	MemphisLTStd-MediumItalic	MemphisLTStd-MediumItalic	Memphis LT Std	Medium Italic	OTF 1.029;PS 001.002;Core 1.0.33;makeotf.lib1.4.1585	1.029	500	5	1		253	0	0		0	11	3	0	liga,frac,sups,ordn,aalt	kern	ttf	CFF	30396	no	Dr. Rudolf Wolf		ADBE	http://www.adobe.com/type/legal.html	
/Users/bardiasamiee/Library/CloudStorage/GoogleDrive-b.samiee@mzn-group.com/My Drive/03.Digital Asset Database/01.Fonts/01.Premium Fonts/Memphis-font/Memphis-Medium.ttf	0	Memphis Medium	Regular	Memphis Medium	Memphis-Medium			1.001; 05-25-93	2.000	500	5	0		258	0	0		0	21	1	0			ttf	glyf	43732	no			LINO		
/Users/bardiasamiee/Library/CloudStorage/GoogleDrive-b.samiee@mzn-group.com/My Drive/03.Digital Asset Database/01.Fonts/01.Premium Fonts/meta-pro/FFMetaProBlk.TTF	0	Meta Pro Black	Regular	Meta Pro Black	MetaPro-Black	Meta Pro	Black	Version 7.600, build 1027, FoPs, FL 5.04	7.600	900	5	0		1195	0	0		1	155	79	136	liga,dlig,smcp,c2sc,lnum,tnum,pnum,rlig,salt,frac,sups,subs,case,ordn,aalt,locl,numr,dnom,ss02,ss05,ss09,ss10,ss11,ss12	kern	ttf	glyf	268100	no	Erik Spiekermann, greek version by Panos Haratzopoulos	Monotype GmbH	MONO	http://www.monotype.com	
/Users/bardiasamiee/Library/CloudStorage/GoogleDrive-b.samiee@mzn-group.com/My Drive/03.Digital Asset Database/01.Fonts/01.Premium Fonts/meta-pro/FFMetaProBlkIt.TTF	0	Meta Pro Black	Italic	Meta Pro Black Italic	MetaPro-BlackItalic	Meta Pro	Black Italic	Version 7.600, build 1027, FoPs, FL 5.04	7.600	900	5	1		1188	0	0		1	155	79	136	liga,dlig,smcp,c2sc,lnum,tnum,pnum,rlig,salt,frac,sups,subs,case,ordn,aalt,locl,numr,dnom,ss05,ss09,ss10,ss12	kern	ttf	glyf	272080	no	Erik Spiekermann, greek version by Panos Haratzopoulos	Monotype GmbH	MONO	http://www.monotype.com	
/Users/bardiasamiee/Library/CloudStorage/GoogleDrive-b.samiee@mzn-group.com/My Drive/03.Digital Asset Database/01.Fonts/01.Premium Fonts/meta-pro/FFMetaProBold.TTF	0	Meta Pro	Bold	Meta Pro Bold	MetaPro-Bold	Meta Pro	Bold	Version 7.600, build 1027, FoPs, FL 5.04	7.600	700	5	0		1205	0	0		1	155	79	136	liga,dlig,smcp,c2sc,lnum,tnum,pnum,rlig,salt,frac,sups,subs,case,ordn,aalt,locl,numr,dnom,ss02,ss05,ss07,ss09,ss10,ss11	kern	ttf	glyf	279208	no	Erik Spiekermann, greek version by Panos Haratzopoulos	Monotype GmbH	MONO	http://www.monotype.com	
/Users/bardiasamiee/Library/CloudStorage/GoogleDrive-b.samiee@mzn-group.com/My Drive/03.Digital Asset Database/01.Fonts/01.Premium Fonts/meta-pro/FFMetaProBoldIt.TTF	0	Meta Pro	Bold Italic	Meta Pro Bold Italic	MetaPro-BoldItalic	Meta Pro	Bold Italic	Version 7.600, build 1027, FoPs, FL 5.04	7.600	700	5	1		1184	0	0		1	155	79	136	liga,dlig,smcp,c2sc,lnum,tnum,pnum,rlig,salt,frac,sups,subs,case,ordn,aalt,locl,numr,dnom,ss05,ss09,ss10	kern	ttf	glyf	277144	no	Erik Spiekermann, greek version by Panos Haratzopoulos	Monotype GmbH	MONO	http://www.monotype.com	
/Users/bardiasamiee/Library/CloudStorage/GoogleDrive-b.samiee@mzn-group.com/My Drive/03.Digital Asset Database/01.Fonts/01.Premium Fonts/meta-pro/FFMetaProBook.TTF	0	Meta Pro Book	Regular	Meta Pro Book	MetaPro-Book	Meta Pro	Book	Version 7.600, build 1027, FoPs, FL 5.04	7.600	450	5	0		1197	0	0		1	155	79	136	liga,dlig,smcp,c2sc,lnum,tnum,pnum,rlig,salt,frac,sups,subs,case,ordn,aalt,locl,numr,dnom,ss02,ss05,ss07,ss09,ss10	kern	ttf	glyf	281456	no	Erik Spiekermann, greek version by Panos Haratzopoulos	Monotype GmbH	MONO	http://www.monotype.com	
/Users/bardiasamiee/Library/CloudStorage/GoogleDrive-b.samiee@mzn-group.com/My Drive/03.Digital Asset Database/01.Fonts/01.Premium Fonts/meta-pro/FFMetaProBookIt.TTF	0	Meta Pro Book	Italic	Meta Pro Book Italic	MetaPro-BookItalic	Meta Pro	Book Italic	Version 7.600, build 1027, FoPs, FL 5.04	7.600	450	5	1		1192	0	0		1	155	79	136	liga,dlig,smcp,c2sc,lnum,tnum,pnum,rlig,salt,frac,sups,subs,case,ordn,aalt,locl,numr,dnom,ss05,ss07,ss09,ss10	kern	ttf	glyf	283220	no	Erik Spiekermann, greek version by Panos Haratzopoulos	Monotype GmbH	MONO	http://www.monotype.com	
/Users/bardiasamiee/Library/CloudStorage/GoogleDrive-b.samiee@mzn-group.com/My Drive/03.Digital Asset Database/01.Fonts/01.Premium Fonts/meta-pro/FFMetaProCondBd.TTF	0	Meta Pro Cond	Bold	Meta Pro Cond Bold	MetaPro-CondBold	Meta Pro	Cond Bold	Version 7.600, build 1027, FoPs, FL 5.04	7.600	700	3	0		861	0	0		1	155	79	136	liga,dlig,lnum,tnum,pnum,rlig,salt,frac,sups,subs,case,ordn,aalt,locl,numr,dnom,ss02,ss09	kern	ttf	glyf	188208	no	Erik Spiekermann, greek version by Panos Haratzopoulos	Monotype GmbH	MONO	http://www.monotype.com	
/Users/bardiasamiee/Library/CloudStorage/GoogleDrive-b.samiee@mzn-group.com/My Drive/03.Digital Asset Database/01.Fonts/01.Premium Fonts/meta-pro/FFMetaProCondBdIt.TTF	0	Meta Pro Cond	Bold Italic	Meta Pro Cond Bold Italic	MetaPro-CondBoldItalic	Meta Pro	Cond Bold Italic	Version 7.600, build 1027, FoPs, FL 5.04	7.600	700	3	1		856	0	0		1	155	79	136	liga,dlig,lnum,tnum,pnum,rlig,salt,frac,sups,subs,case,ordn,aalt,locl,numr,dnom,ss09	kern	ttf	glyf	193508	no	Erik Spiekermann, greek version by Panos Haratzopoulos	Monotype GmbH	MONO	http://www.monotype.com	
/Users/bardiasamiee/Library/CloudStorage/GoogleDrive-b.samiee@mzn-group.com/My Drive/03.Digital Asset Database/01.Fonts/01.Premium Fonts/meta-pro/FFMetaProCondBk.TTF	0	Meta Pro Cond Book	Regular	Meta Pro Cond Book	MetaPro-CondBook	Meta Pro	Cond Book	Version 7.600, build 1027, FoPs, FL 5.04	7.600	450	3	0		861	0	0		1	155	79	136	liga,dlig,lnum,tnum,pnum,rlig,salt,frac,sups,subs,case,ordn,aalt,locl,numr,dnom,ss02,ss09	kern	ttf	glyf	190768	no	Erik Spiekermann, greek version by Panos Haratzopoulos	Monotype GmbH	MONO	http://www.monotype.com	
/Users/bardiasamiee/Library/CloudStorage/GoogleDrive-b.samiee@mzn-group.com/My Drive/03.Digital Asset Database/01.Fonts/01.Premium Fonts/meta-pro/FFMetaProCondBkIt.TTF	0	Meta Pro Cond Book	Italic	Meta Pro Cond Book Italic	MetaPro-CondBookItalic	Meta Pro	Cond Book Italic	Version 7.600, build 1027, FoPs, FL 5.04	7.600	450	3	1		856	0	0		1	155	79	136	liga,dlig,lnum,tnum,pnum,rlig,salt,frac,sups,subs,case,ordn,aalt,locl,numr,dnom,ss09	kern	ttf	glyf	188832	no	Erik Spiekermann, greek version by Panos Haratzopoulos	Monotype GmbH	MONO	http://www.monotype.com	
/Users/bardiasamiee/Library/CloudStorage/GoogleDrive-b.samiee@mzn-group.com/My Drive/03.Digital Asset Database/01.Fonts/01.Premium Fonts/meta-pro/FFMetaProCondBlk.TTF	0	Meta Pro Cond Black	Regular	Meta Pro Cond Black	MetaPro-CondBlack	Meta Pro	Cond Black	Version 7.600, build 1027, FoPs, FL 5.04	7.600	900	3	0		861	0	0		1	155	79	136	liga,dlig,lnum,tnum,pnum,rlig,salt,frac,sups,subs,case,ordn,aalt,locl,numr,dnom,ss02,ss09	kern	ttf	glyf	187820	no	Erik Spiekermann, greek version by Panos Haratzopoulos	Monotype GmbH	MONO	http://www.monotype.com	
/Users/bardiasamiee/Library/CloudStorage/GoogleDrive-b.samiee@mzn-group.com/My Drive/03.Digital Asset Database/01.Fonts/01.Premium Fonts/meta-pro/FFMetaProCondBlkIt.TTF	0	Meta Pro Cond Black	Italic	Meta Pro Cond Black Italic	MetaPro-CondBlackItalic	Meta Pro	Cond Black Italic	Version 7.600, build 1027, FoPs, FL 5.04	7.600	900	3	1		856	0	0		1	155	79	136	liga,dlig,lnum,tnum,pnum,rlig,salt,frac,sups,subs,case,ordn,aalt,locl,numr,dnom,ss09	kern	ttf	glyf	184900	no	Erik Spiekermann, greek version by Panos Haratzopoulos	Monotype GmbH	MONO	http://www.monotype.com	
/Users/bardiasamiee/Library/CloudStorage/GoogleDrive-b.samiee@mzn-group.com/My Drive/03.Digital Asset Database/01.Fonts/01.Premium Fonts/meta-pro/FFMetaProCondMdIt.TTF	0	Meta Pro Cond Medium	Italic	Meta Pro Cond Medium Italic	MetaPro-CondMediumItalic	Meta Pro	Cond Medium Italic	Version 7.600, build 1027, FoPs, FL 5.04	7.600	500	3	1		856	0	0		1	155	79	136	liga,dlig,lnum,tnum,pnum,rlig,salt,frac,sups,subs,case,ordn,aalt,locl,numr,dnom,ss09	kern	ttf	glyf	190088	no	Erik Spiekermann, greek version by Panos Haratzopoulos	Monotype GmbH	MONO	http://www.monotype.com	
/Users/bardiasamiee/Library/CloudStorage/GoogleDrive-b.samiee@mzn-group.com/My Drive/03.Digital Asset Database/01.Fonts/01.Premium Fonts/meta-pro/FFMetaProCondMed.TTF	0	Meta Pro Cond Medium	Regular	Meta Pro Cond Medium	MetaPro-CondMedium	Meta Pro	Cond Medium	Version 7.600, build 1027, FoPs, FL 5.04	7.600	500	3	0		861	0	0		1	155	79	136	liga,dlig,lnum,tnum,pnum,rlig,salt,frac,sups,subs,case,ordn,aalt,locl,numr,dnom,ss02,ss09	kern	ttf	glyf	190548	no	Erik Spiekermann, greek version by Panos Haratzopoulos	Monotype GmbH	MONO	http://www.monotype.com	
/Users/bardiasamiee/Library/CloudStorage/GoogleDrive-b.samiee@mzn-group.com/My Drive/03.Digital Asset Database/01.Fonts/01.Premium Fonts/meta-pro/FFMetaProCondRg.TTF	0	Meta Pro Cond	Regular	Meta Pro Cond	MetaPro-Cond	Meta Pro	Cond Regular	Version 7.600, build 1027, FoPs, FL 5.04	7.600	400	3	0		861	0	0		1	155	79	136	liga,dlig,lnum,tnum,pnum,rlig,salt,frac,sups,subs,case,ordn,aalt,locl,numr,dnom,ss02,ss09	kern	ttf	glyf	190368	no	Erik Spiekermann, greek version by Panos Haratzopoulos	Monotype GmbH	MONO	http://www.monotype.com	
/Users/bardiasamiee/Library/CloudStorage/GoogleDrive-b.samiee@mzn-group.com/My Drive/03.Digital Asset Database/01.Fonts/01.Premium Fonts/meta-pro/FFMetaProCondRgIt.TTF	0	Meta Pro Cond	Italic	Meta Pro Cond Italic	MetaPro-CondItalic	Meta Pro	Cond Italic	Version 7.600, build 1027, FoPs, FL 5.04	7.600	400	3	1		856	0	0		1	155	79	136	liga,dlig,lnum,tnum,pnum,rlig,salt,frac,sups,subs,case,ordn,aalt,locl,numr,dnom,ss09	kern	ttf	glyf	184496	no	Erik Spiekermann, greek version by Panos Haratzopoulos	Monotype GmbH	MONO	http://www.monotype.com	
/Users/bardiasamiee/Library/CloudStorage/GoogleDrive-b.samiee@mzn-group.com/My Drive/03.Digital Asset Database/01.Fonts/01.Premium Fonts/meta-pro/FFMetaProCondXBold.TTF	0	Meta Pro Cond Xbold	Regular	Meta Pro Cond Xbold	MetaPro-CondXbold	Meta Pro	Cond Xbold	Version 7.600, build 1027, FoPs, FL 5.04	7.600	750	3	0		861	0	0		1	155	79	136	liga,dlig,lnum,tnum,pnum,rlig,salt,frac,sups,subs,case,ordn,aalt,locl,numr,dnom,ss02,ss09	kern	ttf	glyf	188996	no	Erik Spiekermann, greek version by Panos Haratzopoulos	Monotype GmbH	MONO	http://www.monotype.com	
/Users/bardiasamiee/Library/CloudStorage/GoogleDrive-b.samiee@mzn-group.com/My Drive/03.Digital Asset Database/01.Fonts/01.Premium Fonts/meta-pro/FFMetaProCondXBoldIt.TTF	0	Meta Pro Cond Xbold	Italic	Meta Pro Cond Xbold Italic	MetaPro-CondXboldItalic	Meta Pro	Cond Xbold Italic	Version 7.600, build 1027, FoPs, FL 5.04	7.600	750	3	1		857	0	0		1	155	79	136	liga,dlig,lnum,tnum,pnum,rlig,salt,frac,sups,subs,case,ordn,aalt,locl,numr,dnom,ss09	kern	ttf	glyf	192540	no	Erik Spiekermann, greek version by Panos Haratzopoulos	Monotype GmbH	MONO	http://www.monotype.com	
/Users/bardiasamiee/Library/CloudStorage/GoogleDrive-b.samiee@mzn-group.com/My Drive/03.Digital Asset Database/01.Fonts/01.Premium Fonts/meta-pro/FFMetaProLight.TTF	0	Meta Pro Light	Regular	Meta Pro Light	MetaPro-Light	Meta Pro	Light	Version 7.600, build 1027, FoPs, FL 5.04	7.600	350	5	0		885	0	0		1	155	79	136	liga,dlig,lnum,tnum,pnum,rlig,salt,frac,sups,subs,case,ordn,aalt,locl,numr,dnom,ss02,ss05,ss07,ss09,ss10	kern	ttf	glyf	212840	no	Erik Spiekermann	Monotype GmbH	MONO	http://www.monotype.com	
/Users/bardiasamiee/Library/CloudStorage/GoogleDrive-b.samiee@mzn-group.com/My Drive/03.Digital Asset Database/01.Fonts/01.Premium Fonts/meta-pro/FFMetaProLightIt.TTF	0	Meta Pro Light	Italic	Meta Pro Light Italic	MetaPro-LightItalic	Meta Pro	Light Italic	Version 7.600, build 1027, FoPs, FL 5.04	7.600	350	5	1		881	0	0		1	155	79	136	liga,dlig,lnum,tnum,pnum,rlig,salt,frac,sups,subs,case,ordn,aalt,locl,numr,dnom,ss05,ss07,ss09,ss10	kern	ttf	glyf	208780	no	Erik Spiekermann	Monotype GmbH	MONO	http://www.monotype.com	
/Users/bardiasamiee/Library/CloudStorage/GoogleDrive-b.samiee@mzn-group.com/My Drive/03.Digital Asset Database/01.Fonts/01.Premium Fonts/meta-pro/FFMetaProMedIt.TTF	0	Meta Pro Medium	Italic	Meta Pro Medium Italic	MetaPro-MediumItalic	Meta Pro	Medium Italic	Version 7.600, build 1027, FoPs, FL 5.04	7.600	500	5	1		1192	0	0		1	155	79	136	liga,dlig,smcp,c2sc,lnum,tnum,pnum,rlig,salt,frac,sups,subs,case,ordn,aalt,locl,numr,dnom,ss05,ss07,ss09,ss10	kern	ttf	glyf	280692	no	Erik Spiekermann, greek version by Panos Haratzopoulos	Monotype GmbH	MONO	http://www.monotype.com	
/Users/bardiasamiee/Library/CloudStorage/GoogleDrive-b.samiee@mzn-group.com/My Drive/03.Digital Asset Database/01.Fonts/01.Premium Fonts/meta-pro/FFMetaProMedium.TTF	0	Meta Pro Medium	Regular	Meta Pro Medium	MetaPro-Medium	Meta Pro	Medium	Version 7.600, build 1027, FoPs, FL 5.04	7.600	500	5	0		1198	0	0		1	155	79	136	liga,dlig,smcp,c2sc,lnum,tnum,pnum,rlig,salt,frac,sups,subs,case,ordn,aalt,locl,numr,dnom,ss02,ss05,ss07,ss09,ss10	kern	ttf	glyf	275180	no	Erik Spiekermann, greek version by Panos Haratzopoulos	Monotype GmbH	MONO	http://www.monotype.com	
/Users/bardiasamiee/Library/CloudStorage/GoogleDrive-b.samiee@mzn-group.com/My Drive/03.Digital Asset Database/01.Fonts/01.Premium Fonts/meta-pro/FFMetaProRegIt.TTF	0	Meta Pro	Italic	Meta Pro Italic	MetaPro-Italic	Meta Pro	Italic	Version 7.600, build 1027, FoPs, FL 5.04	7.600	400	5	1		1192	0	0		1	155	79	136	liga,dlig,smcp,c2sc,lnum,tnum,pnum,rlig,salt,frac,sups,subs,case,ordn,aalt,locl,numr,dnom,ss05,ss07,ss09,ss10	kern	ttf	glyf	278716	no	Erik Spiekermann, greek version by Panos Haratzopoulos	Monotype GmbH	MONO	http://www.monotype.com	
/Users/bardiasamiee/Library/CloudStorage/GoogleDrive-b.samiee@mzn-group.com/My Drive/03.Digital Asset Database/01.Fonts/01.Premium Fonts/meta-pro/FFMetaProRegular.TTF	0	Meta Pro	Regular	Meta Pro	MetaPro	Meta Pro	Regular	Version 7.600, build 1027, FoPs, FL 5.04	7.600	400	5	0		1203	0	0		1	155	79	136	liga,dlig,smcp,c2sc,lnum,tnum,pnum,rlig,salt,frac,sups,subs,case,ordn,aalt,locl,numr,dnom,ss02,ss05,ss07,ss09,ss10	kern	ttf	glyf	285740	no	Erik Spiekermann, greek version by Panos Haratzopoulos	Monotype GmbH	MONO	http://www.monotype.com	
/Users/bardiasamiee/Library/CloudStorage/GoogleDrive-b.samiee@mzn-group.com/My Drive/03.Digital Asset Database/01.Fonts/01.Premium Fonts/meta-pro/FFMetaProThin.TTF	0	Meta Pro Thin	Regular	Meta Pro Thin	MetaPro-Thin	Meta Pro	Thin	Version 7.600, build 1027, FoPs, FL 5.04	7.600	250	5	0		885	0	0		1	155	79	136	liga,dlig,lnum,tnum,pnum,rlig,salt,frac,sups,subs,case,ordn,aalt,locl,numr,dnom,ss02,ss05,ss07,ss09,ss10	kern	ttf	glyf	219456	no	Erik Spiekermann	Monotype GmbH	MONO	http://www.monotype.com	
/Users/bardiasamiee/Library/CloudStorage/GoogleDrive-b.samiee@mzn-group.com/My Drive/03.Digital Asset Database/01.Fonts/01.Premium Fonts/meta-pro/FFMetaProThinIt.TTF	0	Meta Pro Thin	Italic	Meta Pro Thin Italic	MetaPro-ThinItalic	Meta Pro	Thin Italic	Version 7.600, build 1027, FoPs, FL 5.04	7.600	250	5	1		879	0	0		1	155	79	136	liga,dlig,lnum,tnum,pnum,rlig,salt,frac,sups,subs,case,ordn,aalt,locl,numr,dnom,ss05,ss07,ss09,ss10	kern	ttf	glyf	211408	no	Erik Spiekermann	Monotype GmbH	MONO	http://www.monotype.com	
/Users/bardiasamiee/Library/CloudStorage/GoogleDrive-b.samiee@mzn-group.com/My Drive/03.Digital Asset Database/01.Fonts/01.Premium Fonts/TT_Supermolot/TTSupermolotNeue-Black.ttf	0	TT Supermolot Neue Black	Regular	TTSupermolotNeue-Black	TTSupermolotNeue-Black	TT Supermolot Neue	Black	Version 1.000	1.000	900	5	0		626	0	0		0	92	0	94	liga,dlig,calt,onum,lnum,tnum,pnum,salt,frac,sups,case,ordn,numr,dnom,ss01,ss02	kern	ttf	glyf	70116	no	TypeType	Typetype	TpTp		
/Users/bardiasamiee/Library/CloudStorage/GoogleDrive-b.samiee@mzn-group.com/My Drive/03.Digital Asset Database/01.Fonts/01.Premium Fonts/TT_Supermolot/TTSupermolotNeue-BlackItalic.ttf	0	TT Supermolot Neue Black	Italic	TTSupermolotNeue-BlackItalic	TTSupermolotNeue-BlackItalic	TT Supermolot Neue	Black Italic	Version 1.000	1.000	900	5	1		626	0	0		0	92	0	94	liga,dlig,calt,onum,lnum,tnum,pnum,salt,frac,sups,case,ordn,numr,dnom,ss01,ss02	kern	ttf	glyf	74632	no	TypeType	Typetype	TpTp		
/Users/bardiasamiee/Library/CloudStorage/GoogleDrive-b.samiee@mzn-group.com/My Drive/03.Digital Asset Database/01.Fonts/01.Premium Fonts/TT_Supermolot/TTSupermolotNeue-Bold.ttf	0	TT Supermolot Neue	Bold	TTSupermolotNeue-Bold	TTSupermolotNeue-Bold	TT Supermolot Neue	Bold	Version 1.000	1.000	700	5	0		626	0	0		0	92	0	94	liga,dlig,calt,onum,lnum,tnum,pnum,salt,frac,sups,case,ordn,numr,dnom,ss01,ss02	kern	ttf	glyf	75696	no	TypeType	Typetype	TpTp		
/Users/bardiasamiee/Library/CloudStorage/GoogleDrive-b.samiee@mzn-group.com/My Drive/03.Digital Asset Database/01.Fonts/01.Premium Fonts/TT_Supermolot/TTSupermolotNeue-BoldItalic.ttf	0	TT Supermolot Neue	Bold Italic	TTSupermolotNeue-BoldItalic	TTSupermolotNeue-BoldItalic	TT Supermolot Neue	Bold Italic	Version 1.000	1.000	700	5	1		626	0	0		0	92	0	94	liga,dlig,calt,onum,lnum,tnum,pnum,salt,frac,sups,case,ordn,numr,dnom,ss01,ss02	kern	ttf	glyf	81732	no	TypeType	Typetype	TpTp		
/Users/bardiasamiee/Library/CloudStorage/GoogleDrive-b.samiee@mzn-group.com/My Drive/03.Digital Asset Database/01.Fonts/01.Premium Fonts/TT_Supermolot/TTSupermolotNeue-CondBlack.ttf	0	TT Supermolot Neue Cond Black	Regular	TTSupermolotNeue-CondBlack	TTSupermolotNeue-CondBlack	TT Supermolot Neue	Condensed Black	Version 1.000	1.000	900	3	0		626	0	0		0	92	0	94	liga,dlig,calt,onum,lnum,tnum,pnum,salt,frac,sups,case,ordn,numr,dnom,ss01,ss02	kern	ttf	glyf	70248	no	TypeType	Typetype	TpTp		
/Users/bardiasamiee/Library/CloudStorage/GoogleDrive-b.samiee@mzn-group.com/My Drive/03.Digital Asset Database/01.Fonts/01.Premium Fonts/TT_Supermolot/TTSupermolotNeue-CondBlackIt.ttf	0	TT Supermolot Neue Cond Black	Italic	TTSupermolotNeue-CondBlackIt	TTSupermolotNeue-CondBlackIt	TT Supermolot Neue	Condensed Black Italic	Version 1.000	1.000	900	3	1		626	0	0		0	92	0	94	liga,dlig,calt,onum,lnum,tnum,pnum,salt,frac,sups,case,ordn,numr,dnom,ss01,ss02	kern	ttf	glyf	74292	no	TypeType	Typetype	TpTp		
/Users/bardiasamiee/Library/CloudStorage/GoogleDrive-b.samiee@mzn-group.com/My Drive/03.Digital Asset Database/01.Fonts/01.Premium Fonts/TT_Supermolot/TTSupermolotNeue-CondBold.ttf	0	TT Supermolot Neue Cond	Bold	TTSupermolotNeue-CondBold	TTSupermolotNeue-CondBold	TT Supermolot Neue	Condensed Bold	Version 1.000	1.000	700	3	0		626	0	0		0	92	0	94	liga,dlig,calt,onum,lnum,tnum,pnum,salt,frac,sups,case,ordn,numr,dnom,ss01,ss02	kern	ttf	glyf	76512	no	TypeType	Typetype	TpTp		
/Users/bardiasamiee/Library/CloudStorage/GoogleDrive-b.samiee@mzn-group.com/My Drive/03.Digital Asset Database/01.Fonts/01.Premium Fonts/TT_Supermolot/TTSupermolotNeue-CondBoldIt.ttf	0	TT Supermolot Neue Cond	Bold Italic	TTSupermolotNeue-CondBoldIt	TTSupermolotNeue-CondBoldIt	TT Supermolot Neue	Condensed Bold Italic	Version 1.000	1.000	700	3	1		626	0	0		0	92	0	94	liga,dlig,calt,onum,lnum,tnum,pnum,salt,frac,sups,case,ordn,numr,dnom,ss01,ss02	kern	ttf	glyf	82476	no	TypeType	Typetype	TpTp		
/Users/bardiasamiee/Library/CloudStorage/GoogleDrive-b.samiee@mzn-group.com/My Drive/03.Digital Asset Database/01.Fonts/01.Premium Fonts/TT_Supermolot/TTSupermolotNeue-CondDBold.ttf	0	TT Supermolot Neue Cond DBold	Regular	TTSupermolotNeue-CondDBold	TTSupermolotNeue-CondDBold	TT Supermolot Neue	Condensed DemiBold	Version 1.000	1.000	600	3	0		626	0	0		0	92	0	94	liga,dlig,calt,onum,lnum,tnum,pnum,salt,frac,sups,case,ordn,numr,dnom,ss01,ss02	kern	ttf	glyf	75020	no	TypeType	Typetype	TpTp		
/Users/bardiasamiee/Library/CloudStorage/GoogleDrive-b.samiee@mzn-group.com/My Drive/03.Digital Asset Database/01.Fonts/01.Premium Fonts/TT_Supermolot/TTSupermolotNeue-CondDBoldItalic.ttf	0	TT Supermolot Neue Cond DBold	Italic	TTSupermolotNeue-CondDBoldItalic	TTSupermolotNeue-CondDBoldItalic	TT Supermolot Neue	Condensed DemiBold Italic	Version 1.000	1.000	600	3	1		626	0	0		0	92	0	94	liga,dlig,calt,onum,lnum,tnum,pnum,salt,frac,sups,case,ordn,numr,dnom,ss01,ss02	kern	ttf	glyf	82040	no	TypeType	Typetype	TpTp		
/Users/bardiasamiee/Library/CloudStorage/GoogleDrive-b.samiee@mzn-group.com/My Drive/03.Digital Asset Database/01.Fonts/01.Premium Fonts/TT_Supermolot/TTSupermolotNeue-CondItalic.ttf	0	TT Supermolot Neue Cond	Italic	TTSupermolotNeue-CondItalic	TTSupermolotNeue-CondItalic	TT Supermolot Neue	Condensed Italic	Version 1.000	1.000	400	3	1		626	0	0		0	92	0	94	liga,dlig,calt,onum,lnum,tnum,pnum,salt,frac,sups,case,ordn,numr,dnom,ss01,ss02	kern	ttf	glyf	83964	no	TypeType	Typetype	TpTp		
/Users/bardiasamiee/Library/CloudStorage/GoogleDrive-b.samiee@mzn-group.com/My Drive/03.Digital Asset Database/01.Fonts/01.Premium Fonts/TT_Supermolot/TTSupermolotNeue-CondLight.ttf	0	TT Supermolot Neue Cond Light	Regular	TTSupermolotNeue-CondLight	TTSupermolotNeue-CondLight	TT Supermolot Neue	Condensed Light	Version 1.000	1.000	300	3	0		626	0	0		0	92	0	94	liga,dlig,calt,onum,lnum,tnum,pnum,salt,frac,sups,case,ordn,numr,dnom,ss01,ss02	kern	ttf	glyf	78740	no	TypeType	Typetype	TpTp		
/Users/bardiasamiee/Library/CloudStorage/GoogleDrive-b.samiee@mzn-group.com/My Drive/03.Digital Asset Database/01.Fonts/01.Premium Fonts/TT_Supermolot/TTSupermolotNeue-CondLightIt.ttf	0	TT Supermolot Neue Cond Light	Italic	TTSupermolotNeue-CondLightIt	TTSupermolotNeue-CondLightIt	TT Supermolot Neue	Condensed Light Italic	Version 1.000	1.000	300	3	1		625	0	0		0	92	0	94	liga,dlig,calt,onum,lnum,tnum,pnum,salt,frac,sups,case,ordn,numr,dnom,ss01,ss02	kern	ttf	glyf	82676	no	TypeType	Typetype	TpTp		
/Users/bardiasamiee/Library/CloudStorage/GoogleDrive-b.samiee@mzn-group.com/My Drive/03.Digital Asset Database/01.Fonts/01.Premium Fonts/TT_Supermolot/TTSupermolotNeue-CondMed.ttf	0	TT Supermolot Neue Cond Light	Bold	TTSupermolotNeue-CondMed	TTSupermolotNeue-CondMed	TT Supermolot Neue	Condensed Medium	Version 1.000	1.000	500	3	0		626	0	0		0	92	0	94	liga,dlig,calt,onum,lnum,tnum,pnum,salt,frac,sups,case,ordn,numr,dnom,ss01,ss02	kern	ttf	glyf	75992	no	TypeType	Typetype	TpTp		
/Users/bardiasamiee/Library/CloudStorage/GoogleDrive-b.samiee@mzn-group.com/My Drive/03.Digital Asset Database/01.Fonts/01.Premium Fonts/TT_Supermolot/TTSupermolotNeue-CondMedItalic.ttf	0	TT Supermolot Neue Cond Light	Bold Italic	TTSupermolotNeue-CondMedItalic	TTSupermolotNeue-CondMedItalic	TT Supermolot Neue	Condensed Medium Italic	Version 1.000	1.000	500	3	1		626	0	0		0	92	0	94	liga,dlig,calt,onum,lnum,tnum,pnum,salt,frac,sups,case,ordn,numr,dnom,ss01,ss02	kern	ttf	glyf	82928	no	TypeType	Typetype	TpTp		
/Users/bardiasamiee/Library/CloudStorage/GoogleDrive-b.samiee@mzn-group.com/My Drive/03.Digital Asset Database/01.Fonts/01.Premium Fonts/TT_Supermolot/TTSupermolotNeue-CondRegular.ttf	0	TT Supermolot Neue Cond	Regular	TTSupermolotNeue-CondRegular	TTSupermolotNeue-CondRegular	TT Supermolot Neue	Condensed Regular	Version 1.000	1.000	400	3	0		626	0	0		0	92	0	94	liga,dlig,calt,onum,lnum,tnum,pnum,salt,frac,sups,case,ordn,numr,dnom,ss01,ss02	kern	ttf	glyf	77892	no	TypeType	Typetype	TpTp		
/Users/bardiasamiee/Library/CloudStorage/GoogleDrive-b.samiee@mzn-group.com/My Drive/03.Digital Asset Database/01.Fonts/01.Premium Fonts/TT_Supermolot/TTSupermolotNeue-CondThin.ttf	0	TT Supermolot Neue Cond Thin	Regular	TTSupermolotNeue-CondThin	TTSupermolotNeue-CondThin	TT Supermolot Neue	Condensed Thin	Version 1.000	1.000	250	3	0		626	0	0		0	92	0	94	liga,dlig,calt,onum,lnum,tnum,pnum,salt,frac,sups,case,ordn,numr,dnom,ss01,ss02	kern	ttf	glyf	78448	no	TypeType	Typetype	TpTp		
/Users/bardiasamiee/Library/CloudStorage/GoogleDrive-b.samiee@mzn-group.com/My Drive/03.Digital Asset Database/01.Fonts/01.Premium Fonts/TT_Supermolot/TTSupermolotNeue-CondThinIt.ttf	0	TT Supermolot Neue Cond Thin	Italic	TTSupermolotNeue-CondThinIt	TTSupermolotNeue-CondThinIt	TT Supermolot Neue	Condensed Thin Italic	Version 1.000	1.000	250	3	1		626	0	0		0	92	0	94	liga,dlig,calt,onum,lnum,tnum,pnum,salt,frac,sups,case,ordn,numr,dnom,ss01,ss02	kern	ttf	glyf	83552	no	TypeType	Typetype	TpTp		
/Users/bardiasamiee/Library/CloudStorage/GoogleDrive-b.samiee@mzn-group.com/My Drive/03.Digital Asset Database/01.Fonts/01.Premium Fonts/TT_Supermolot/TTSupermolotNeue-CondXBold.ttf	0	TT Supermolot Neue Cond DBold	Bold	TTSupermolotNeue-CondXBold	TTSupermolotNeue-CondXBold	TT Supermolot Neue	Condensed ExtraBold	Version 1.000	1.000	800	3	0		626	0	0		0	92	0	94	liga,dlig,calt,onum,lnum,tnum,pnum,salt,frac,sups,case,ordn,numr,dnom,ss01,ss02	kern	ttf	glyf	75088	no	TypeType	Typetype	TpTp		
/Users/bardiasamiee/Library/CloudStorage/GoogleDrive-b.samiee@mzn-group.com/My Drive/03.Digital Asset Database/01.Fonts/01.Premium Fonts/TT_Supermolot/TTSupermolotNeue-CondXBoldIt.ttf	0	TT Supermolot Neue Cond DBold	Bold Italic	TTSupermolotNeue-CondXBoldIt	TTSupermolotNeue-CondXBoldIt	TT Supermolot Neue	Condensed ExtraBold Italic	Version 1.000	1.000	800	3	1		626	0	0		0	92	0	94	liga,dlig,calt,onum,lnum,tnum,pnum,salt,frac,sups,case,ordn,numr,dnom,ss01,ss02	kern	ttf	glyf	80048	no	TypeType	Typetype	TpTp		
/Users/bardiasamiee/Library/CloudStorage/GoogleDrive-b.samiee@mzn-group.com/My Drive/03.Digital Asset Database/01.Fonts/01.Premium Fonts/TT_Supermolot/TTSupermolotNeue-CondXLight.ttf	0	TT Supermolot Neue Cond Thin	Bold	TTSupermolotNeue-CondXLight	TTSupermolotNeue-CondXLight	TT Supermolot Neue	Condensed ExtraLight	Version 1.000	1.000	265	3	0		626	0	0		0	92	0	94	liga,dlig,calt,onum,lnum,tnum,pnum,salt,frac,sups,case,ordn,numr,dnom,ss01,ss02	kern	ttf	glyf	77104	no	TypeType	Typetype	TpTp		
/Users/bardiasamiee/Library/CloudStorage/GoogleDrive-b.samiee@mzn-group.com/My Drive/03.Digital Asset Database/01.Fonts/01.Premium Fonts/TT_Supermolot/TTSupermolotNeue-CondXLightIt.ttf	0	TT Supermolot Neue Cond Thin	Bold Italic	TTSupermolotNeue-CondXLightIt	TTSupermolotNeue-CondXLightIt	TT Supermolot Neue	Condensed ExtraLight Italic	Version 1.000	1.000	265	3	1		626	0	0		0	92	0	94	liga,dlig,calt,onum,lnum,tnum,pnum,salt,frac,sups,case,ordn,numr,dnom,ss01,ss02	kern	ttf	glyf	83688	no	TypeType	Typetype	TpTp		
/Users/bardiasamiee/Library/CloudStorage/GoogleDrive-b.samiee@mzn-group.com/My Drive/03.Digital Asset Database/01.Fonts/01.Premium Fonts/TT_Supermolot/TTSupermolotNeue-DemiBold.ttf	0	TT Supermolot Neue DemiBold	Regular	TTSupermolotNeue-DemiBold	TTSupermolotNeue-DemiBold	TT Supermolot Neue	DemiBold	Version 1.000	1.000	600	5	0		626	0	0		0	92	0	94	liga,dlig,calt,onum,lnum,tnum,pnum,salt,frac,sups,case,ordn,numr,dnom,ss01,ss02	kern	ttf	glyf	75540	no	TypeType	Typetype	TpTp		
/Users/bardiasamiee/Library/CloudStorage/GoogleDrive-b.samiee@mzn-group.com/My Drive/03.Digital Asset Database/01.Fonts/01.Premium Fonts/TT_Supermolot/TTSupermolotNeue-DemiBoldItalic.ttf	0	TT Supermolot Neue DemiBold	Italic	TTSupermolotNeue-DemiBoldItalic	TTSupermolotNeue-DemiBoldItalic	TT Supermolot Neue	DemiBold Italic	Version 1.000	1.000	600	5	1		626	0	0		0	92	0	94	liga,dlig,calt,onum,lnum,tnum,pnum,salt,frac,sups,case,ordn,numr,dnom,ss01,ss02	kern	ttf	glyf	82424	no	TypeType	Typetype	TpTp		
/Users/bardiasamiee/Library/CloudStorage/GoogleDrive-b.samiee@mzn-group.com/My Drive/03.Digital Asset Database/01.Fonts/01.Premium Fonts/TT_Supermolot/TTSupermolotNeue-ExpBlack.ttf	0	TT Supermolot Neue Exp Black	Regular	TTSupermolotNeue-ExpBlack	TTSupermolotNeue-ExpBlack	TT Supermolot Neue	Expanded Black	Version 1.000	1.000	900	7	0		626	0	0		0	92	0	94	liga,dlig,calt,onum,lnum,tnum,pnum,salt,frac,sups,case,ordn,numr,dnom,ss01,ss02	kern	ttf	glyf	70732	no	TypeType	Typetype	TpTp		
/Users/bardiasamiee/Library/CloudStorage/GoogleDrive-b.samiee@mzn-group.com/My Drive/03.Digital Asset Database/01.Fonts/01.Premium Fonts/TT_Supermolot/TTSupermolotNeue-ExpBlackIt.ttf	0	TT Supermolot Neue Exp Black	Italic	TTSupermolotNeue-ExpBlackIt	TTSupermolotNeue-ExpBlackIt	TT Supermolot Neue	Expanded Black Italic	Version 1.000	1.000	900	7	1		626	0	0		0	92	0	94	liga,dlig,calt,onum,lnum,tnum,pnum,salt,frac,sups,case,ordn,numr,dnom,ss01,ss02	kern	ttf	glyf	79976	no	TypeType	Typetype	TpTp		
/Users/bardiasamiee/Library/CloudStorage/GoogleDrive-b.samiee@mzn-group.com/My Drive/03.Digital Asset Database/01.Fonts/01.Premium Fonts/TT_Supermolot/TTSupermolotNeue-ExpBold.ttf	0	TT Supermolot Neue Exp	Bold	TTSupermolotNeue-ExpBold	TTSupermolotNeue-ExpBold	TT Supermolot Neue	Expanded Bold	Version 1.000	1.000	700	7	0		626	0	0		0	92	0	94	liga,dlig,calt,onum,lnum,tnum,pnum,salt,frac,sups,case,ordn,numr,dnom,ss01,ss02	kern	ttf	glyf	77076	no	TypeType	Typetype	TpTp		
/Users/bardiasamiee/Library/CloudStorage/GoogleDrive-b.samiee@mzn-group.com/My Drive/03.Digital Asset Database/01.Fonts/01.Premium Fonts/TT_Supermolot/TTSupermolotNeue-ExpBoldIt.ttf	0	TT Supermolot Neue Exp	Bold Italic	TTSupermolotNeue-ExpBoldIt	TTSupermolotNeue-ExpBoldIt	TT Supermolot Neue	Expanded Bold Italic	Version 1.000	1.000	700	7	1		626	0	0		0	92	0	94	liga,dlig,calt,onum,lnum,tnum,pnum,salt,frac,sups,case,ordn,numr,dnom,ss01,ss02	kern	ttf	glyf	82488	no	TypeType	Typetype	TpTp		
/Users/bardiasamiee/Library/CloudStorage/GoogleDrive-b.samiee@mzn-group.com/My Drive/03.Digital Asset Database/01.Fonts/01.Premium Fonts/TT_Supermolot/TTSupermolotNeue-ExpDBold.ttf	0	TT Supermolot Neue Exp DBold	Regular	TTSupermolotNeue-ExpDBold	TTSupermolotNeue-ExpDBold	TT Supermolot Neue	Expanded DemiBold	Version 1.000	1.000	600	7	0		626	0	0		0	92	0	94	liga,dlig,calt,onum,lnum,tnum,pnum,salt,frac,sups,case,ordn,numr,dnom,ss01,ss02	kern	ttf	glyf	76432	no	TypeType	Typetype	TpTp		
/Users/bardiasamiee/Library/CloudStorage/GoogleDrive-b.samiee@mzn-group.com/My Drive/03.Digital Asset Database/01.Fonts/01.Premium Fonts/TT_Supermolot/TTSupermolotNeue-ExpDBoldIt.ttf	0	TT Supermolot Neue Exp DBold	Italic	TTSupermolotNeue-ExpDBoldIt	TTSupermolotNeue-ExpDBoldIt	TT Supermolot Neue	Expanded DemiBold Italic	Version 1.000	1.000	600	7	1		626	0	0		0	92	0	94	liga,dlig,calt,onum,lnum,tnum,pnum,salt,frac,sups,case,ordn,numr,dnom,ss01,ss02	kern	ttf	glyf	82664	no	TypeType	Typetype	TpTp		
/Users/bardiasamiee/Library/CloudStorage/GoogleDrive-b.samiee@mzn-group.com/My Drive/03.Digital Asset Database/01.Fonts/01.Premium Fonts/TT_Supermolot/TTSupermolotNeue-ExpItalic.ttf	0	TT Supermolot Neue Exp	Italic	TTSupermolotNeue-ExpItalic	TTSupermolotNeue-ExpItalic	TT Supermolot Neue	Expanded Italic	Version 1.000	1.000	400	7	1		626	0	0		0	92	0	94	liga,dlig,calt,onum,lnum,tnum,pnum,salt,frac,sups,case,ordn,numr,dnom,ss01,ss02	kern	ttf	glyf	84316	no	TypeType	Typetype	TpTp		
/Users/bardiasamiee/Library/CloudStorage/GoogleDrive-b.samiee@mzn-group.com/My Drive/03.Digital Asset Database/01.Fonts/01.Premium Fonts/TT_Supermolot/TTSupermolotNeue-ExpLight.ttf	0	TT Supermolot Neue Exp Light	Regular	TTSupermolotNeue-ExpLight	TTSupermolotNeue-ExpLight	TT Supermolot Neue	Expanded Light	Version 1.000	1.000	300	7	0		626	0	0		0	92	0	94	liga,dlig,calt,onum,lnum,tnum,pnum,salt,frac,sups,case,ordn,numr,dnom,ss01,ss02	kern	ttf	glyf	78484	no	TypeType	Typetype	TpTp		
/Users/bardiasamiee/Library/CloudStorage/GoogleDrive-b.samiee@mzn-group.com/My Drive/03.Digital Asset Database/01.Fonts/01.Premium Fonts/TT_Supermolot/TTSupermolotNeue-ExpLightIt.ttf	0	TT Supermolot Neue Exp Light	Italic	TTSupermolotNeue-ExpLightIt	TTSupermolotNeue-ExpLightIt	TT Supermolot Neue	Expanded Light Italic	Version 1.000	1.000	300	7	1		626	0	0		0	92	0	94	liga,dlig,calt,onum,lnum,tnum,pnum,salt,frac,sups,case,ordn,numr,dnom,ss01,ss02	kern	ttf	glyf	83768	no	TypeType	Typetype	TpTp		
/Users/bardiasamiee/Library/CloudStorage/GoogleDrive-b.samiee@mzn-group.com/My Drive/03.Digital Asset Database/01.Fonts/01.Premium Fonts/TT_Supermolot/TTSupermolotNeue-ExpMed.ttf	0	TT Supermolot Neue Exp Light	Bold	TTSupermolotNeue-ExpMed	TTSupermolotNeue-ExpMed	TT Supermolot Neue	Expanded Medium	Version 1.000	1.000	500	7	0		626	0	0		0	92	0	94	liga,dlig,calt,onum,lnum,tnum,pnum,salt,frac,sups,case,ordn,numr,dnom,ss01,ss02	kern	ttf	glyf	76812	no	TypeType	Typetype	TpTp		
/Users/bardiasamiee/Library/CloudStorage/GoogleDrive-b.samiee@mzn-group.com/My Drive/03.Digital Asset Database/01.Fonts/01.Premium Fonts/TT_Supermolot/TTSupermolotNeue-ExpMedItalic.ttf	0	TT Supermolot Neue Exp Light	Bold Italic	TTSupermolotNeue-ExpMedItalic	TTSupermolotNeue-ExpMedItalic	TT Supermolot Neue	Expanded Medium Italic	Version 1.000	1.000	500	7	1		626	0	0		0	92	0	94	liga,dlig,calt,onum,lnum,tnum,pnum,salt,frac,sups,case,ordn,numr,dnom,ss01,ss02	kern	ttf	glyf	84508	no	TypeType	Typetype	TpTp		
/Users/bardiasamiee/Library/CloudStorage/GoogleDrive-b.samiee@mzn-group.com/My Drive/03.Digital Asset Database/01.Fonts/01.Premium Fonts/TT_Supermolot/TTSupermolotNeue-ExpRegular.ttf	0	TT Supermolot Neue Exp	Regular	TTSupermolotNeue-ExpRegular	TTSupermolotNeue-ExpRegular	TT Supermolot Neue	Expanded Regular	Version 1.000	1.000	400	7	0		626	0	0		0	92	0	94	liga,dlig,calt,onum,lnum,tnum,pnum,salt,frac,sups,case,ordn,numr,dnom,ss01,ss02	kern	ttf	glyf	78004	no	TypeType	Typetype	TpTp		
/Users/bardiasamiee/Library/CloudStorage/GoogleDrive-b.samiee@mzn-group.com/My Drive/03.Digital Asset Database/01.Fonts/01.Premium Fonts/TT_Supermolot/TTSupermolotNeue-ExpThin.ttf	0	TT Supermolot Neue Exp Thin	Regular	TTSupermolotNeue-ExpThin	TTSupermolotNeue-ExpThin	TT Supermolot Neue	Expanded Thin	Version 1.000	1.000	250	7	0		626	0	0		0	92	0	94	liga,dlig,calt,onum,lnum,tnum,pnum,salt,frac,sups,case,ordn,numr,dnom,ss01,ss02	kern	ttf	glyf	76796	no	TypeType	Typetype	TpTp		
/Users/bardiasamiee/Library/CloudStorage/GoogleDrive-b.samiee@mzn-group.com/My Drive/03.Digital Asset Database/01.Fonts/01.Premium Fonts/TT_Supermolot/TTSupermolotNeue-ExpThinIt.ttf	0	TT Supermolot Neue Exp Thin	Italic	TTSupermolotNeue-ExpThinIt	TTSupermolotNeue-ExpThinIt	TT Supermolot Neue	Expanded Thin Italic	Version 1.000	1.000	250	7	1		626	0	0		0	92	0	94	liga,dlig,calt,onum,lnum,tnum,pnum,salt,frac,sups,case,ordn,numr,dnom,ss01,ss02	kern	ttf	glyf	84772	no	TypeType	Typetype	TpTp		
/Users/bardiasamiee/Library/CloudStorage/GoogleDrive-b.samiee@mzn-group.com/My Drive/03.Digital Asset Database/01.Fonts/01.Premium Fonts/TT_Supermolot/TTSupermolotNeue-ExpXBold.ttf	0	TT Supermolot Neue Exp DBold	Bold	TTSupermolotNeue-ExpXBold	TTSupermolotNeue-ExpXBold	TT Supermolot Neue	Expanded ExtraBold	Version 1.000	1.000	800	7	0		626	0	0		0	92	0	94	liga,dlig,calt,onum,lnum,tnum,pnum,salt,frac,sups,case,ordn,numr,dnom,ss01,ss02	kern	ttf	glyf	76004	no	TypeType	Typetype	TpTp		
/Users/bardiasamiee/Library/CloudStorage/GoogleDrive-b.samiee@mzn-group.com/My Drive/03.Digital Asset Database/01.Fonts/01.Premium Fonts/TT_Supermolot/TTSupermolotNeue-ExpXBoldIt.ttf	0	TT Supermolot Neue Exp DBold	Bold Italic	TTSupermolotNeue-ExpXBoldIt	TTSupermolotNeue-ExpXBoldIt	TT Supermolot Neue	Expanded ExtraBold Italic	Version 1.000	1.000	800	7	1		626	0	0		0	92	0	94	liga,dlig,calt,onum,lnum,tnum,pnum,salt,frac,sups,case,ordn,numr,dnom,ss01,ss02	kern	ttf	glyf	83192	no	TypeType	Typetype	TpTp		
/Users/bardiasamiee/Library/CloudStorage/GoogleDrive-b.samiee@mzn-group.com/My Drive/03.Digital Asset Database/01.Fonts/01.Premium Fonts/TT_Supermolot/TTSupermolotNeue-ExpXLight.ttf	0	TT Supermolot Neue Exp Thin	Bold	TTSupermolotNeue-ExpXLight	TTSupermolotNeue-ExpXLight	TT Supermolot Neue	Expanded ExtraLight	Version 1.000	1.000	265	7	0		626	0	0		0	92	0	94	liga,dlig,calt,onum,lnum,tnum,pnum,salt,frac,sups,case,ordn,numr,dnom,ss01,ss02	kern	ttf	glyf	78960	no	TypeType	Typetype	TpTp		
/Users/bardiasamiee/Library/CloudStorage/GoogleDrive-b.samiee@mzn-group.com/My Drive/03.Digital Asset Database/01.Fonts/01.Premium Fonts/TT_Supermolot/TTSupermolotNeue-ExpXLightIt.ttf	0	TT Supermolot Neue Exp Thin	Bold Italic	TTSupermolotNeue-ExpXLightIt	TTSupermolotNeue-ExpXLightIt	TT Supermolot Neue	Expanded ExtraLight Italic	Version 1.000	1.000	265	7	1		626	0	0		0	92	0	94	liga,dlig,calt,onum,lnum,tnum,pnum,salt,frac,sups,case,ordn,numr,dnom,ss01,ss02	kern	ttf	glyf	84940	no	TypeType	Typetype	TpTp		
/Users/bardiasamiee/Library/CloudStorage/GoogleDrive-b.samiee@mzn-group.com/My Drive/03.Digital Asset Database/01.Fonts/01.Premium Fonts/TT_Supermolot/TTSupermolotNeue-ExtraBold.ttf	0	TT Supermolot Neue DemiBold	Bold	TTSupermolotNeue-ExtraBold	TTSupermolotNeue-ExtraBold	TT Supermolot Neue	ExtraBold	Version 1.000	1.000	800	5	0		626	0	0		0	92	0	94	liga,dlig,calt,onum,lnum,tnum,pnum,salt,frac,sups,case,ordn,numr,dnom,ss01,ss02	kern	ttf	glyf	75624	no	TypeType	Typetype	TpTp		
/Users/bardiasamiee/Library/CloudStorage/GoogleDrive-b.samiee@mzn-group.com/My Drive/03.Digital Asset Database/01.Fonts/01.Premium Fonts/TT_Supermolot/TTSupermolotNeue-ExtraBoldItalic.ttf	0	TT Supermolot Neue DemiBold	Bold Italic	TTSupermolotNeue-ExtraBoldItalic	TTSupermolotNeue-ExtraBoldItalic	TT Supermolot Neue	ExtraBold Italic	Version 1.000	1.000	800	5	1		626	0	0		0	92	0	94	liga,dlig,calt,onum,lnum,tnum,pnum,salt,frac,sups,case,ordn,numr,dnom,ss01,ss02	kern	ttf	glyf	81572	no	TypeType	Typetype	TpTp		
/Users/bardiasamiee/Library/CloudStorage/GoogleDrive-b.samiee@mzn-group.com/My Drive/03.Digital Asset Database/01.Fonts/01.Premium Fonts/TT_Supermolot/TTSupermolotNeue-ExtraLight.ttf	0	TT Supermolot Neue Thin	Bold	TTSupermolotNeue-ExtraLight	TTSupermolotNeue-ExtraLight	TT Supermolot Neue	ExtraLight	Version 1.000	1.000	265	5	0		626	0	0		0	92	0	94	liga,dlig,calt,onum,lnum,tnum,pnum,salt,frac,sups,case,ordn,numr,dnom,ss01,ss02	kern	ttf	glyf	78808	no	TypeType	Typetype	TpTp		
/Users/bardiasamiee/Library/CloudStorage/GoogleDrive-b.samiee@mzn-group.com/My Drive/03.Digital Asset Database/01.Fonts/01.Premium Fonts/TT_Supermolot/TTSupermolotNeue-ExtraLightItalic.ttf	0	TT Supermolot Neue Thin	Bold Italic	TTSupermolotNeue-ExtraLightItalic	TTSupermolotNeue-ExtraLightItalic	TT Supermolot Neue	ExtraLight Italic	Version 1.000	1.000	265	5	1		626	0	0		0	92	0	94	liga,dlig,calt,onum,lnum,tnum,pnum,salt,frac,sups,case,ordn,numr,dnom,ss01,ss02	kern	ttf	glyf	83360	no	TypeType	Typetype	TpTp		
/Users/bardiasamiee/Library/CloudStorage/GoogleDrive-b.samiee@mzn-group.com/My Drive/03.Digital Asset Database/01.Fonts/01.Premium Fonts/TT_Supermolot/TTSupermolotNeue-Italic.ttf	0	TT Supermolot Neue	Italic	TTSupermolotNeue-Italic	TTSupermolotNeue-Italic	TT Supermolot Neue	Italic	Version 1.000	1.000	400	5	1		626	0	0		0	92	0	94	liga,dlig,calt,onum,lnum,tnum,pnum,salt,frac,sups,case,ordn,numr,dnom,ss01,ss02	kern	ttf	glyf	83564	no	TypeType	Typetype	TpTp		
/Users/bardiasamiee/Library/CloudStorage/GoogleDrive-b.samiee@mzn-group.com/My Drive/03.Digital Asset Database/01.Fonts/01.Premium Fonts/TT_Supermolot/TTSupermolotNeue-Light.ttf	0	TT Supermolot Neue Light	Regular	TTSupermolotNeue-Light	TTSupermolotNeue-Light	TT Supermolot Neue	Light	Version 1.000	1.000	300	5	0		626	0	0		0	92	0	94	liga,dlig,calt,onum,lnum,tnum,pnum,salt,frac,sups,case,ordn,numr,dnom,ss01,ss02	kern	ttf	glyf	78816	no	TypeType	Typetype	TpTp		
/Users/bardiasamiee/Library/CloudStorage/GoogleDrive-b.samiee@mzn-group.com/My Drive/03.Digital Asset Database/01.Fonts/01.Premium Fonts/TT_Supermolot/TTSupermolotNeue-LightItalic.ttf	0	TT Supermolot Neue Light	Italic	TTSupermolotNeue-LightItalic	TTSupermolotNeue-LightItalic	TT Supermolot Neue	Light Italic	Version 1.000	1.000	300	5	1		626	0	0		0	92	0	94	liga,dlig,calt,onum,lnum,tnum,pnum,salt,frac,sups,case,ordn,numr,dnom,ss01,ss02	kern	ttf	glyf	83272	no	TypeType	Typetype	TpTp		
/Users/bardiasamiee/Library/CloudStorage/GoogleDrive-b.samiee@mzn-group.com/My Drive/03.Digital Asset Database/01.Fonts/01.Premium Fonts/TT_Supermolot/TTSupermolotNeue-Medium.ttf	0	TT Supermolot Neue Light	Bold	TTSupermolotNeue-Medium	TTSupermolotNeue-Medium	TT Supermolot Neue	Medium	Version 1.000	1.000	500	5	0		626	0	0		0	92	0	94	liga,dlig,calt,onum,lnum,tnum,pnum,salt,frac,sups,case,ordn,numr,dnom,ss01,ss02	kern	ttf	glyf	75564	no	TypeType	Typetype	TpTp		
/Users/bardiasamiee/Library/CloudStorage/GoogleDrive-b.samiee@mzn-group.com/My Drive/03.Digital Asset Database/01.Fonts/01.Premium Fonts/TT_Supermolot/TTSupermolotNeue-MediumItalic.ttf	0	TT Supermolot Neue Light	Bold Italic	TTSupermolotNeue-MediumItalic	TTSupermolotNeue-MediumItalic	TT Supermolot Neue	Medium Italic	Version 1.000	1.000	500	5	1		626	0	0		0	92	0	94	liga,dlig,calt,onum,lnum,tnum,pnum,salt,frac,sups,case,ordn,numr,dnom,ss01,ss02	kern	ttf	glyf	83536	no	TypeType	Typetype	TpTp		
/Users/bardiasamiee/Library/CloudStorage/GoogleDrive-b.samiee@mzn-group.com/My Drive/03.Digital Asset Database/01.Fonts/01.Premium Fonts/TT_Supermolot/TTSupermolotNeue-Regular.ttf	0	TT Supermolot Neue	Regular	TTSupermolotNeue-Regular	TTSupermolotNeue-Regular	TT Supermolot Neue	Regular	Version 1.000	1.000	400	5	0		626	0	0		0	92	0	94	liga,dlig,calt,onum,lnum,tnum,pnum,salt,frac,sups,case,ordn,numr,dnom,ss01,ss02	kern	ttf	glyf	75956	no	TypeType	Typetype	TpTp		
/Users/bardiasamiee/Library/CloudStorage/GoogleDrive-b.samiee@mzn-group.com/My Drive/03.Digital Asset Database/01.Fonts/01.Premium Fonts/TT_Supermolot/TTSupermolotNeue-Thin.ttf	0	TT Supermolot Neue Thin	Regular	TTSupermolotNeue-Thin	TTSupermolotNeue-Thin	TT Supermolot Neue	Thin	Version 1.000	1.000	250	5	0		626	0	0		0	92	0	94	liga,dlig,calt,onum,lnum,tnum,pnum,salt,frac,sups,case,ordn,numr,dnom,ss01,ss02	kern	ttf	glyf	78244	no	TypeType	Typetype	TpTp		
/Users/bardiasamiee/Library/CloudStorage/GoogleDrive-b.samiee@mzn-group.com/My Drive/03.Digital Asset Database/01.Fonts/01.Premium Fonts/TT_Supermolot/TTSupermolotNeue-ThinItalic.ttf	0	TT Supermolot Neue Thin	Italic	TTSupermolotNeue-ThinItalic	TTSupermolotNeue-ThinItalic	TT Supermolot Neue	Thin Italic	Version 1.000	1.000	250	5	1		626	0	0		0	92	0	94	liga,dlig,calt,onum,lnum,tnum,pnum,salt,frac,sups,case,ordn,numr,dnom,ss01,ss02	kern	ttf	glyf	83444	no	TypeType	Typetype	TpTp		
/Users/bardiasamiee/Library/CloudStorage/GoogleDrive-b.samiee@mzn-group.com/My Drive/03.Digital Asset Database/01.Fonts/01.Premium Fonts/Univers/UniversLTStd-Black.ttf	0	Univers LT Std 55	Bold	UniversLTStd-Black	UniversLTStd-Black	Univers LT Std	75 Black	OTF 1.029;PS 001.004;Core 1.0.33;makeotf.lib1.4.1585	1.029	850	5	0		255	0	0		0	11	3	0	liga,frac,sups,ordn,aalt	kern	ttf	glyf	32732	no	Adrian Frutiger		ADBE	http://www.adobe.com/type/legal.html	
/Users/bardiasamiee/Library/CloudStorage/GoogleDrive-b.samiee@mzn-group.com/My Drive/03.Digital Asset Database/01.Fonts/01.Premium Fonts/Univers/UniversLTStd-BlackEx.ttf	0	Univers LT Std 73 Black Ext	Regular	UniversLTStd-BlackEx	UniversLTStd-BlackEx	Univers LT Std	73 Black Extended	OTF 1.029;PS 001.001;Core 1.0.33;makeotf.lib1.4.1585	1.029	850	7	0		255	0	0		0	11	3	0	liga,frac,sups,ordn,aalt	kern	ttf	glyf	28436	no	Adrian Frutiger		ADBE	http://www.adobe.com/type/legal.html	
/Users/bardiasamiee/Library/CloudStorage/GoogleDrive-b.samiee@mzn-group.com/My Drive/03.Digital Asset Database/01.Fonts/01.Premium Fonts/Univers/UniversLTStd-BlackExObl.ttf	0	Univers LT Std 73 Black Ext	Italic	UniversLTStd-BlackExObl	UniversLTStd-BlackExObl	Univers LT Std	73 Black Extended Oblique	OTF 1.029;PS 001.001;Core 1.0.33;makeotf.lib1.4.1585	1.029	850	7	1		255	0	0		0	11	3	0	liga,frac,sups,ordn,aalt	kern	ttf	glyf	30184	no	Adrian Frutiger		ADBE	http://www.adobe.com/type/legal.html	
/Users/bardiasamiee/Library/CloudStorage/GoogleDrive-b.samiee@mzn-group.com/My Drive/03.Digital Asset Database/01.Fonts/01.Premium Fonts/Univers/UniversLTStd-BlackObl.ttf	0	Univers LT Std 55	Bold Italic	UniversLTStd-BlackObl	UniversLTStd-BlackObl	Univers LT Std	75 Black Oblique	OTF 1.029;PS 001.004;Core 1.0.33;makeotf.lib1.4.1585	1.029	850	5	1		255	0	0		0	11	3	0	liga,frac,sups,ordn,aalt	kern	ttf	glyf	34456	no	Adrian Frutiger		ADBE	http://www.adobe.com/type/legal.html	
/Users/bardiasamiee/Library/CloudStorage/GoogleDrive-b.samiee@mzn-group.com/My Drive/03.Digital Asset Database/01.Fonts/01.Premium Fonts/Univers/UniversLTStd-Bold.ttf	0	Univers LT Std 45 Light	Bold	UniversLTStd-Bold	UniversLTStd-Bold	Univers LT Std	65 Bold	OTF 1.029;PS 001.004;Core 1.0.33;makeotf.lib1.4.1585	1.029	700	5	0		255	0	0		0	11	3	0	liga,frac,sups,ordn,aalt	kern	ttf	glyf	33152	no	Adrian Frutiger		ADBE	http://www.adobe.com/type/legal.html	
/Users/bardiasamiee/Library/CloudStorage/GoogleDrive-b.samiee@mzn-group.com/My Drive/03.Digital Asset Database/01.Fonts/01.Premium Fonts/Univers/UniversLTStd-BoldCn.ttf	0	Univers LT Std 47 Cn Lt	Bold	UniversLTStd-BoldCn	UniversLTStd-BoldCn	Univers LT Std	67 Bold Condensed	OTF 1.029;PS 001.002;Core 1.0.33;makeotf.lib1.4.1585	1.029	700	3	0		255	0	0		0	11	3	0	liga,frac,sups,ordn,aalt	kern	ttf	glyf	28240	no	Adrian Frutiger		ADBE	http://www.adobe.com/type/legal.html	
/Users/bardiasamiee/Library/CloudStorage/GoogleDrive-b.samiee@mzn-group.com/My Drive/03.Digital Asset Database/01.Fonts/01.Premium Fonts/Univers/UniversLTStd-BoldCnObl.ttf	0	Univers LT Std 47 Cn Lt	Bold Italic	UniversLTStd-BoldCnObl	UniversLTStd-BoldCnObl	Univers LT Std	67 Bold Condensed Oblique	OTF 1.029;PS 001.002;Core 1.0.33;makeotf.lib1.4.1585	1.029	700	3	1		255	0	0		0	11	3	0	liga,frac,sups,ordn,aalt	kern	ttf	glyf	30048	no	Adrian Frutiger		ADBE	http://www.adobe.com/type/legal.html	
/Users/bardiasamiee/Library/CloudStorage/GoogleDrive-b.samiee@mzn-group.com/My Drive/03.Digital Asset Database/01.Fonts/01.Premium Fonts/Univers/UniversLTStd-BoldEx.ttf	0	Univers LT Std 53 Extended	Bold	UniversLTStd-BoldEx	UniversLTStd-BoldEx	Univers LT Std	63 Bold Extended	OTF 1.029;PS 001.001;Core 1.0.33;makeotf.lib1.4.1585	1.029	700	7	0		255	0	0		0	11	3	0	liga,frac,sups,ordn,aalt	kern	ttf	glyf	29944	no	Adrian Frutiger		ADBE	http://www.adobe.com/type/legal.html	
/Users/bardiasamiee/Library/CloudStorage/GoogleDrive-b.samiee@mzn-group.com/My Drive/03.Digital Asset Database/01.Fonts/01.Premium Fonts/Univers/UniversLTStd-BoldExObl.ttf	0	Univers LT Std 53 Extended	Bold Italic	UniversLTStd-BoldExObl	UniversLTStd-BoldExObl	Univers LT Std	63 Bold Extended Oblique	OTF 1.029;PS 001.001;Core 1.0.33;makeotf.lib1.4.1585	1.029	700	7	1		255	0	0		0	11	3	0	liga,frac,sups,ordn,aalt	kern	ttf	glyf	31768	no	Adrian Frutiger		ADBE	http://www.adobe.com/type/legal.html	
/Users/bardiasamiee/Library/CloudStorage/GoogleDrive-b.samiee@mzn-group.com/My Drive/03.Digital Asset Database/01.Fonts/01.Premium Fonts/Univers/UniversLTStd-BoldObl.ttf	0	Univers LT Std 45 Light	Bold Italic	UniversLTStd-BoldObl	UniversLTStd-BoldObl	Univers LT Std	65 Bold Oblique	OTF 1.029;PS 001.004;Core 1.0.33;makeotf.lib1.4.1585	1.029	700	5	1		255	0	0		0	11	3	0	liga,frac,sups,ordn,aalt	kern	ttf	glyf	35012	no	Adrian Frutiger		ADBE	http://www.adobe.com/type/legal.html	
/Users/bardiasamiee/Library/CloudStorage/GoogleDrive-b.samiee@mzn-group.com/My Drive/03.Digital Asset Database/01.Fonts/01.Premium Fonts/Univers/UniversLTStd-Cn.ttf	0	Univers LT Std 57 Cn	Regular	UniversLTStd-Cn	UniversLTStd-Cn	Univers LT Std	57 Condensed	OTF 1.029;PS 001.003;Core 1.0.33;makeotf.lib1.4.1585	1.029	400	3	0		255	0	0		0	11	3	0	liga,frac,sups,ordn,aalt	kern	ttf	glyf	28092	no	Adrian Frutiger		ADBE	http://www.adobe.com/type/legal.html	
/Users/bardiasamiee/Library/CloudStorage/GoogleDrive-b.samiee@mzn-group.com/My Drive/03.Digital Asset Database/01.Fonts/01.Premium Fonts/Univers/UniversLTStd-CnObl.ttf	0	Univers LT Std 57 Cn	Italic	UniversLTStd-CnObl	UniversLTStd-CnObl	Univers LT Std	57 Condensed Oblique	OTF 1.029;PS 001.003;Core 1.0.33;makeotf.lib1.4.1585	1.029	400	3	1		255	0	0		0	11	3	0	liga,frac,sups,ordn,aalt	kern	ttf	glyf	29788	no	Adrian Frutiger		ADBE	http://www.adobe.com/type/legal.html	
/Users/bardiasamiee/Library/CloudStorage/GoogleDrive-b.samiee@mzn-group.com/My Drive/03.Digital Asset Database/01.Fonts/01.Premium Fonts/Univers/UniversLTStd-Ex.ttf	0	Univers LT Std 53 Extended	Regular	UniversLTStd-Ex	UniversLTStd-Ex	Univers LT Std	53 Extended	OTF 1.029;PS 001.001;Core 1.0.33;makeotf.lib1.4.1585	1.029	400	7	0		255	0	0		0	11	3	0	liga,frac,sups,ordn,aalt	kern	ttf	glyf	29152	no	Adrian Frutiger		ADBE	http://www.adobe.com/type/legal.html	
/Users/bardiasamiee/Library/CloudStorage/GoogleDrive-b.samiee@mzn-group.com/My Drive/03.Digital Asset Database/01.Fonts/01.Premium Fonts/Univers/UniversLTStd-ExObl.ttf	0	Univers LT Std 53 Extended	Italic	UniversLTStd-ExObl	UniversLTStd-ExObl	Univers LT Std	53 Extended Oblique	OTF 1.029;PS 001.001;Core 1.0.33;makeotf.lib1.4.1585	1.029	400	7	1		255	0	0		0	11	3	0	liga,frac,sups,ordn,aalt	kern	ttf	glyf	30812	no	Adrian Frutiger		ADBE	http://www.adobe.com/type/legal.html	
/Users/bardiasamiee/Library/CloudStorage/GoogleDrive-b.samiee@mzn-group.com/My Drive/03.Digital Asset Database/01.Fonts/01.Premium Fonts/Univers/UniversLTStd-Light.ttf	0	Univers LT Std 45 Light	Regular	UniversLTStd-Light	UniversLTStd-Light	Univers LT Std	45 Light	OTF 1.029;PS 001.004;Core 1.0.33;makeotf.lib1.4.1585	1.029	300	5	0		255	0	0		0	11	3	0	liga,frac,sups,ordn,aalt	kern	ttf	glyf	32768	no	Adrian Frutiger		ADBE	http://www.adobe.com/type/legal.html	
/Users/bardiasamiee/Library/CloudStorage/GoogleDrive-b.samiee@mzn-group.com/My Drive/03.Digital Asset Database/01.Fonts/01.Premium Fonts/Univers/UniversLTStd-LightCn.ttf	0	Univers LT Std 47 Cn Lt	Regular	UniversLTStd-LightCn	UniversLTStd-LightCn	Univers LT Std	47 Light Condensed	OTF 1.029;PS 001.002;Core 1.0.33;makeotf.lib1.4.1585	1.029	300	3	0		255	0	0		0	11	3	0	liga,frac,sups,ordn,aalt	kern	ttf	glyf	29100	no	Adrian Frutiger		ADBE	http://www.adobe.com/type/legal.html	
/Users/bardiasamiee/Library/CloudStorage/GoogleDrive-b.samiee@mzn-group.com/My Drive/03.Digital Asset Database/01.Fonts/01.Premium Fonts/Univers/UniversLTStd-LightCnObl.ttf	0	Univers LT Std 47 Cn Lt	Italic	UniversLTStd-LightCnObl	UniversLTStd-LightCnObl	Univers LT Std	47 Light Condensed Oblique	OTF 1.029;PS 001.002;Core 1.0.33;makeotf.lib1.4.1585	1.029	300	3	1		255	0	0		0	11	3	0	liga,frac,sups,ordn,aalt	kern	ttf	glyf	31136	no	Adrian Frutiger		ADBE	http://www.adobe.com/type/legal.html	
/Users/bardiasamiee/Library/CloudStorage/GoogleDrive-b.samiee@mzn-group.com/My Drive/03.Digital Asset Database/01.Fonts/01.Premium Fonts/Univers/UniversLTStd-LightObl.ttf	0	Univers LT Std 45 Light	Italic	UniversLTStd-LightObl	UniversLTStd-LightObl	Univers LT Std	45 Light Oblique	OTF 1.029;PS 001.004;Core 1.0.33;makeotf.lib1.4.1585	1.029	300	5	1		255	0	0		0	11	3	0	liga,frac,sups,ordn,aalt	kern	ttf	glyf	34424	no	Adrian Frutiger		ADBE	http://www.adobe.com/type/legal.html	
/Users/bardiasamiee/Library/CloudStorage/GoogleDrive-b.samiee@mzn-group.com/My Drive/03.Digital Asset Database/01.Fonts/01.Premium Fonts/Univers/UniversLTStd-LightUltraCn.ttf	0	Univers LT Std 49 Light UltraCn	Regular	UniversLTStd-LightUltraCn	UniversLTStd-LightUltraCn	Univers LT Std	49 Light Ultra Condensed	OTF 1.029;PS 001.000;Core 1.0.33;makeotf.lib1.4.1585	1.029	300	1	0		255	0	0		0	11	3	0	liga,frac,sups,ordn,aalt	kern	ttf	glyf	27772	no	Adrian Frutiger		ADBE	http://www.adobe.com/type/legal.html	
/Users/bardiasamiee/Library/CloudStorage/GoogleDrive-b.samiee@mzn-group.com/My Drive/03.Digital Asset Database/01.Fonts/01.Premium Fonts/Univers/UniversLTStd-Obl.ttf	0	Univers LT Std 55	Italic	UniversLTStd-Obl	UniversLTStd-Obl	Univers LT Std	55 Oblique	OTF 1.029;PS 001.004;Core 1.0.33;makeotf.lib1.4.1585	1.029	400	5	1		255	0	0		0	11	3	0	liga,frac,sups,ordn,aalt	kern	ttf	glyf	34800	no	Adrian Frutiger		ADBE	http://www.adobe.com/type/legal.html	
/Users/bardiasamiee/Library/CloudStorage/GoogleDrive-b.samiee@mzn-group.com/My Drive/03.Digital Asset Database/01.Fonts/01.Premium Fonts/Univers/UniversLTStd-ThinUltraCn.ttf	0	Univers LT Std 39 Thin UltraCn	Regular	UniversLTStd-ThinUltraCn	UniversLTStd-ThinUltraCn	Univers LT Std	39 Thin Ultra Condensed	OTF 1.029;PS 001.000;Core 1.0.33;makeotf.lib1.4.1585	1.029	250	1	0		255	0	0		0	11	3	0	liga,frac,sups,ordn,aalt	kern	ttf	glyf	27156	no	Adrian Frutiger		ADBE	http://www.adobe.com/type/legal.html	
/Users/bardiasamiee/Library/CloudStorage/GoogleDrive-b.samiee@mzn-group.com/My Drive/03.Digital Asset Database/01.Fonts/01.Premium Fonts/Univers/UniversLTStd-UltraCn.ttf	0	Univers LT Std 59 UltraCn	Regular	UniversLTStd-UltraCn	UniversLTStd-UltraCn	Univers LT Std	59 Ultra Condensed	Version 1.030	1.000	400	1	0		255	0	0		0	11	3	0	liga,dlig,frac,sups,ordn,aalt	kern	ttf	glyf	29760	no	Adrian Frutiger	Monotype GmbH	LINO	http://www.fonts.com/legal/mi-eula.htm	
/Users/bardiasamiee/Library/CloudStorage/GoogleDrive-b.samiee@mzn-group.com/My Drive/03.Digital Asset Database/01.Fonts/01.Premium Fonts/Univers/UniversLTStd-XBlack.ttf	0	Univers LT Std 85 XBlk	Regular	UniversLTStd-XBlack	UniversLTStd-XBlack	Univers LT Std	85 Extra Black	OTF 1.029;PS 001.000;Core 1.0.33;makeotf.lib1.4.1585	1.029	950	5	0		255	0	0		0	11	3	0	liga,frac,sups,ordn,aalt	kern	ttf	glyf	28300	no	Adrian Frutiger		ADBE	http://www.adobe.com/type/legal.html	
/Users/bardiasamiee/Library/CloudStorage/GoogleDrive-b.samiee@mzn-group.com/My Drive/03.Digital Asset Database/01.Fonts/01.Premium Fonts/Univers/UniversLTStd-XBlackEx.ttf	0	Univers LT Std 93 XBlk Ext	Regular	UniversLTStd-XBlackEx	UniversLTStd-XBlackEx	Univers LT Std	93 Extra Black Extended	OTF 1.029;PS 001.001;Core 1.0.33;makeotf.lib1.4.1585	1.029	950	7	0		255	0	0		0	11	3	0	liga,frac,sups,ordn,aalt	kern	ttf	glyf	29788	no	Adrian Frutiger		ADBE	http://www.adobe.com/type/legal.html	
/Users/bardiasamiee/Library/CloudStorage/GoogleDrive-b.samiee@mzn-group.com/My Drive/03.Digital Asset Database/01.Fonts/01.Premium Fonts/Univers/UniversLTStd-XBlackExObl.ttf	0	Univers LT Std 93 XBlk Ext	Italic	UniversLTStd-XBlackExObl	UniversLTStd-XBlackExObl	Univers LT Std	93 Extra Black Extended Oblique	OTF 1.029;PS 001.001;Core 1.0.33;makeotf.lib1.4.1585	1.029	950	7	1		255	0	0		0	11	3	0	liga,frac,sups,ordn,aalt	kern	ttf	glyf	31404	no	Adrian Frutiger		ADBE	http://www.adobe.com/type/legal.html	
/Users/bardiasamiee/Library/CloudStorage/GoogleDrive-b.samiee@mzn-group.com/My Drive/03.Digital Asset Database/01.Fonts/01.Premium Fonts/Univers/UniversLTStd-XBlackObl.ttf	0	Univers LT Std 85 XBlk	Italic	UniversLTStd-XBlackObl	UniversLTStd-XBlackObl	Univers LT Std	85 Extra Black Oblique	OTF 1.029;PS 001.000;Core 1.0.33;makeotf.lib1.4.1585	1.029	950	5	1		255	0	0		0	11	3	0	liga,frac,sups,ordn,aalt	kern	ttf	glyf	30032	no	Adrian Frutiger		ADBE	http://www.adobe.com/type/legal.html	
/Users/bardiasamiee/Library/CloudStorage/GoogleDrive-b.samiee@mzn-group.com/My Drive/03.Digital Asset Database/01.Fonts/01.Premium Fonts/Univers/UniversLTStd.ttf	0	Univers LT Std 55	Regular	UniversLTStd	UniversLTStd	Univers LT Std	55 Roman	OTF 1.029;PS 001.004;Core 1.0.33;makeotf.lib1.4.1585	1.029	400	5	0		255	0	0		0	11	3	0	liga,frac,sups,ordn,aalt	kern	ttf	glyf	33180	no	Adrian Frutiger		ADBE	http://www.adobe.com/type/legal.html	
/Users/bardiasamiee/Library/CloudStorage/GoogleDrive-b.samiee@mzn-group.com/My Drive/03.Digital Asset Database/01.Fonts/02.Free Fonts/Architects - Regular/Architects-Regular.otf	0	Architects	Regular	Architects Regular	Architects-Regular	Architects	Regular	Version 001.005	1.000	400	5	0		76	0	0		0	0	0	0			otf	glyf	23732	no			CLGR		
/Users/bardiasamiee/Library/CloudStorage/GoogleDrive-b.samiee@mzn-group.com/My Drive/03.Digital Asset Database/01.Fonts/02.Free Fonts/Architects - Regular/Architects-Regular.ttf	0	Architects	Regular	Architects Regular	Architects-Regular	Architects	Regular	Version 001.005	1.000	400	5	0		76	0	0		0	0	0	0			ttf	glyf	23732	no			CLGR		
/Users/bardiasamiee/Library/CloudStorage/GoogleDrive-b.samiee@mzn-group.com/My Drive/03.Digital Asset Database/01.Fonts/02.Free Fonts/Bradley Hand Typeface/bradhitc.ttf	0	Bradley Hand ITC	Regular	Bradley Hand ITC	BradleyHandITC			Version 1.05	1.000	400	5	0		251	0	0		0	11	1	0			ttf	glyf	105296	no			ITC		
/Users/bardiasamiee/Library/CloudStorage/GoogleDrive-b.samiee@mzn-group.com/My Drive/03.Digital Asset Database/01.Fonts/02.Free Fonts/Codeink Typeface/CODEINK-Italic.ttf	0	CODEINK	Italic	CODEINK Italic	CODEINK-Italic			Version 1.000	1.000	400	5	1		110	0	0		0	2	0	0			ttf	glyf	56548	no	HEROINK		HERO		
/Users/bardiasamiee/Library/CloudStorage/GoogleDrive-b.samiee@mzn-group.com/My Drive/03.Digital Asset Database/01.Fonts/02.Free Fonts/Codeink Typeface/CODEINK-Regular.ttf	0	CODEINK	Regular	CODEINK Regular	CODEINK-Regular			Version 1.000	1.000	400	5	0		112	0	0		0	2	0	0			ttf	glyf	69256	no					
/Users/bardiasamiee/Library/CloudStorage/GoogleDrive-b.samiee@mzn-group.com/My Drive/03.Digital Asset Database/01.Fonts/02.Free Fonts/Geist Typeface/Geist Mono/GeistMono-Black.otf	0	Geist Mono Black	Regular	Geist Mono Black	GeistMono-Black	Geist Mono	Black	Version 1.002;Glyphs 3.1.2 (3151)	1.002	800	5	0		694	0	0		0	133	4	0	liga,frac,sups,subs,ordn,aalt,locl,ccmp,ss01,ss02,ss03,ss04,ss06,ss07,ss08,ss09	mark,mkmk	otf	CFF	60392	no			UKWN		
/Users/bardiasamiee/Library/CloudStorage/GoogleDrive-b.samiee@mzn-group.com/My Drive/03.Digital Asset Database/01.Fonts/02.Free Fonts/Geist Typeface/Geist Mono/GeistMono-Bold.otf	0	Geist Mono Bold	Regular	Geist Mono Bold	GeistMono-Bold	Geist Mono	Bold	Version 1.002;Glyphs 3.1.2 (3151)	1.002	700	5	0		694	0	0		0	133	4	0	liga,frac,sups,subs,ordn,aalt,locl,ccmp,ss01,ss02,ss03,ss04,ss06,ss07,ss08,ss09	mark,mkmk	otf	CFF	59852	no			UKWN		
/Users/bardiasamiee/Library/CloudStorage/GoogleDrive-b.samiee@mzn-group.com/My Drive/03.Digital Asset Database/01.Fonts/02.Free Fonts/Geist Typeface/Geist Mono/GeistMono-Light.otf	0	Geist Mono Light	Regular	Geist Mono Light	GeistMono-Light	Geist Mono	Light	Version 1.002;Glyphs 3.1.2 (3151)	1.002	300	5	0		694	0	0		0	133	4	0	liga,frac,sups,subs,ordn,aalt,locl,ccmp,ss01,ss02,ss03,ss04,ss06,ss07,ss08,ss09	mark,mkmk	otf	CFF	57488	no			UKWN		
/Users/bardiasamiee/Library/CloudStorage/GoogleDrive-b.samiee@mzn-group.com/My Drive/03.Digital Asset Database/01.Fonts/02.Free Fonts/Geist Typeface/Geist Mono/GeistMono-Medium.otf	0	Geist Mono Medium	Regular	Geist Mono Medium	GeistMono-Medium	Geist Mono	Medium	Version 1.002;Glyphs 3.1.2 (3151)	1.002	500	5	0		694	0	0		0	133	4	0	liga,frac,sups,subs,ordn,aalt,locl,ccmp,ss01,ss02,ss03,ss04,ss06,ss07,ss08,ss09	mark,mkmk	otf	CFF	58320	no			UKWN		
/Users/bardiasamiee/Library/CloudStorage/GoogleDrive-b.samiee@mzn-group.com/My Drive/03.Digital Asset Database/01.Fonts/02.Free Fonts/Geist Typeface/Geist Mono/GeistMono-Regular.otf	0	Geist Mono	Regular	Geist Mono Regular	GeistMono-Regular	Geist Mono	Regular	Version 1.002;Glyphs 3.1.2 (3151)	1.002	400	5	0		694	0	0		0	133	4	0	liga,frac,sups,subs,ordn,aalt,locl,ccmp,ss01,ss02,ss03,ss04,ss06,ss07,ss08,ss09	mark,mkmk	otf	CFF	57576	no			UKWN		
/Users/bardiasamiee/Library/CloudStorage/GoogleDrive-b.samiee@mzn-group.com/My Drive/03.Digital Asset Database/01.Fonts/02.Free Fonts/Geist Typeface/Geist Mono/GeistMono-SemiBold.otf	0	Geist Mono SemiBold	Regular	Geist Mono SemiBold	GeistMono-SemiBold	Geist Mono	SemiBold	Version 1.002;Glyphs 3.1.2 (3151)	1.002	600	5	0		694	0	0		0	133	4	0	liga,frac,sups,subs,ordn,aalt,locl,ccmp,ss01,ss02,ss03,ss04,ss06,ss07,ss08,ss09	mark,mkmk	otf	CFF	58836	no			UKWN		
/Users/bardiasamiee/Library/CloudStorage/GoogleDrive-b.samiee@mzn-group.com/My Drive/03.Digital Asset Database/01.Fonts/02.Free Fonts/Geist Typeface/Geist Mono/GeistMono-Thin.otf	0	Geist Mono Thin	Regular	Geist Mono Thin	GeistMono-Thin	Geist Mono	Thin	Version 1.002;Glyphs 3.1.2 (3151)	1.002	100	5	0		694	0	0		0	133	4	0	liga,frac,sups,subs,ordn,aalt,locl,ccmp,ss01,ss02,ss03,ss04,ss06,ss07,ss08,ss09	mark,mkmk	otf	CFF	56564	no			UKWN		
/Users/bardiasamiee/Library/CloudStorage/GoogleDrive-b.samiee@mzn-group.com/My Drive/03.Digital Asset Database/01.Fonts/02.Free Fonts/Geist Typeface/Geist Mono/GeistMono-UltraBlack.otf	0	Geist Mono UltraBlack	Regular	Geist Mono UltraBlack	GeistMono-UltraBlack	Geist Mono	UltraBlack	Version 1.002;Glyphs 3.1.2 (3151)	1.002	900	5	0		694	0	0		0	133	4	0	liga,frac,sups,subs,ordn,aalt,locl,ccmp,ss01,ss02,ss03,ss04,ss06,ss07,ss08,ss09	mark,mkmk	otf	CFF	60812	no			UKWN		
/Users/bardiasamiee/Library/CloudStorage/GoogleDrive-b.samiee@mzn-group.com/My Drive/03.Digital Asset Database/01.Fonts/02.Free Fonts/Geist Typeface/Geist Mono/GeistMono-UltraLight.otf	0	Geist Mono UltraLight	Regular	Geist Mono UltraLight	GeistMono-UltraLight	Geist Mono	UltraLight	Version 1.002;Glyphs 3.1.2 (3151)	1.002	200	5	0		694	0	0		0	133	4	0	liga,frac,sups,subs,ordn,aalt,locl,ccmp,ss01,ss02,ss03,ss04,ss06,ss07,ss08,ss09	mark,mkmk	otf	CFF	57748	no			UKWN		
/Users/bardiasamiee/Library/CloudStorage/GoogleDrive-b.samiee@mzn-group.com/My Drive/03.Digital Asset Database/01.Fonts/02.Free Fonts/Geist Typeface/Geist Mono/GeistMonoVariableVF.ttf	0	Geist Mono Variable	Regular	Geist Mono Variable Regular	GeistMonoVariable-Regular	Geist Mono Variable	Regular	Version 1.002;Glyphs 3.1.2 (3151)	1.002	400	5	0	wght[100..100..1100]	694	0	0		0	133	4	0	liga,frac,sups,subs,ordn,aalt,locl,ccmp,ss01,ss02,ss03,ss04,ss06,ss07,ss08,ss09	mark,mkmk	ttf	glyf	100696	no			UKWN		
/Users/bardiasamiee/Library/CloudStorage/GoogleDrive-b.samiee@mzn-group.com/My Drive/03.Digital Asset Database/01.Fonts/02.Free Fonts/Geist Typeface/Geist/Geist-Black.otf	0	Geist Black	Regular	Geist Black	Geist-Black	Geist	Black	Version 1.002;Glyphs 3.1.2 (3151)	1.002	800	5	0		683	0	0		0	135	4	0	liga,dlig,tnum,pnum,frac,sups,subs,ordn,aalt,locl,ccmp,ss01,ss02,ss03,ss04,ss05,ss06,ss07,ss08,ss09	kern,mark,mkmk	otf	CFF	61548	no			UKWN		
/Users/bardiasamiee/Library/CloudStorage/GoogleDrive-b.samiee@mzn-group.com/My Drive/03.Digital Asset Database/01.Fonts/02.Free Fonts/Geist Typeface/Geist/Geist-Bold.otf	0	Geist Bold	Regular	Geist Bold	Geist-Bold	Geist	Bold	Version 1.002;Glyphs 3.1.2 (3151)	1.002	700	5	0		683	0	0		0	135	4	0	liga,dlig,tnum,pnum,frac,sups,subs,ordn,aalt,locl,ccmp,ss01,ss02,ss03,ss04,ss05,ss06,ss07,ss08,ss09	kern,mark,mkmk	otf	CFF	61004	no			UKWN		
/Users/bardiasamiee/Library/CloudStorage/GoogleDrive-b.samiee@mzn-group.com/My Drive/03.Digital Asset Database/01.Fonts/02.Free Fonts/Geist Typeface/Geist/Geist-Light.otf	0	Geist Light	Regular	Geist Light	Geist-Light	Geist	Light	Version 1.002;Glyphs 3.1.2 (3151)	1.002	300	5	0		683	0	0		0	135	4	0	liga,dlig,tnum,pnum,frac,sups,subs,ordn,aalt,locl,ccmp,ss01,ss02,ss03,ss04,ss05,ss06,ss07,ss08,ss09	kern,mark,mkmk	otf	CFF	58772	no			UKWN		
/Users/bardiasamiee/Library/CloudStorage/GoogleDrive-b.samiee@mzn-group.com/My Drive/03.Digital Asset Database/01.Fonts/02.Free Fonts/Geist Typeface/Geist/Geist-Medium.otf	0	Geist Medium	Regular	Geist Medium	Geist-Medium	Geist	Medium	Version 1.002;Glyphs 3.1.2 (3151)	1.002	500	5	0		683	0	0		0	135	4	0	liga,dlig,tnum,pnum,frac,sups,subs,ordn,aalt,locl,ccmp,ss01,ss02,ss03,ss04,ss05,ss06,ss07,ss08,ss09	kern,mark,mkmk	otf	CFF	60004	no			UKWN		
/Users/bardiasamiee/Library/CloudStorage/GoogleDrive-b.samiee@mzn-group.com/My Drive/03.Digital Asset Database/01.Fonts/02.Free Fonts/Geist Typeface/Geist/Geist-Regular.otf	0	Geist	Regular	Geist Regular	Geist-Regular	Geist	Regular	Version 1.002;Glyphs 3.1.2 (3151)	1.002	400	5	0		683	0	0		0	135	4	0	liga,dlig,tnum,pnum,frac,sups,subs,ordn,aalt,locl,ccmp,ss01,ss02,ss03,ss04,ss05,ss06,ss07,ss08,ss09	kern,mark,mkmk	otf	CFF	58332	no			UKWN		
/Users/bardiasamiee/Library/CloudStorage/GoogleDrive-b.samiee@mzn-group.com/My Drive/03.Digital Asset Database/01.Fonts/02.Free Fonts/Geist Typeface/Geist/Geist-SemiBold.otf	0	Geist SemiBold	Regular	Geist SemiBold	Geist-SemiBold	Geist	SemiBold	Version 1.002;Glyphs 3.1.2 (3151)	1.002	600	5	0		683	0	0		0	135	4	0	liga,dlig,tnum,pnum,frac,sups,subs,ordn,aalt,locl,ccmp,ss01,ss02,ss03,ss04,ss05,ss06,ss07,ss08,ss09	kern,mark,mkmk	otf	CFF	60996	no			UKWN		
/Users/bardiasamiee/Library/CloudStorage/GoogleDrive-b.samiee@mzn-group.com/My Drive/03.Digital Asset Database/01.Fonts/02.Free Fonts/Geist Typeface/Geist/Geist-Thin.otf	0	Geist Thin	Regular	Geist Thin	Geist-Thin	Geist	Thin	Version 1.002;Glyphs 3.1.2 (3151)	1.002	100	5	0		683	0	0		0	135	4	0	liga,dlig,tnum,pnum,frac,sups,subs,ordn,aalt,locl,ccmp,ss01,ss02,ss03,ss04,ss05,ss06,ss07,ss08,ss09	kern,mark,mkmk	otf	CFF	56856	no			UKWN		
/Users/bardiasamiee/Library/CloudStorage/GoogleDrive-b.samiee@mzn-group.com/My Drive/03.Digital Asset Database/01.Fonts/02.Free Fonts/Geist Typeface/Geist/Geist-UltraBlack.otf	0	Geist UltraBlack	Regular	Geist UltraBlack	Geist-UltraBlack	Geist	UltraBlack	Version 1.002;Glyphs 3.1.2 (3151)	1.002	900	5	0		683	0	0		0	135	4	0	liga,dlig,tnum,pnum,frac,sups,subs,ordn,aalt,locl,ccmp,ss01,ss02,ss03,ss04,ss05,ss06,ss07,ss08,ss09	kern,mark,mkmk	otf	CFF	62084	no			UKWN		
/Users/bardiasamiee/Library/CloudStorage/GoogleDrive-b.samiee@mzn-group.com/My Drive/03.Digital Asset Database/01.Fonts/02.Free Fonts/Geist Typeface/Geist/Geist-UltraLight.otf	0	Geist UltraLight	Regular	Geist UltraLight	Geist-UltraLight	Geist	UltraLight	Version 1.002;Glyphs 3.1.2 (3151)	1.002	200	5	0		683	0	0		0	135	4	0	liga,dlig,tnum,pnum,frac,sups,subs,ordn,aalt,locl,ccmp,ss01,ss02,ss03,ss04,ss05,ss06,ss07,ss08,ss09	kern,mark,mkmk	otf	CFF	59312	no			UKWN		
/Users/bardiasamiee/Library/CloudStorage/GoogleDrive-b.samiee@mzn-group.com/My Drive/03.Digital Asset Database/01.Fonts/02.Free Fonts/Geist Typeface/Geist/GeistVariableVF.ttf	0	Geist Variable	Regular	Geist Variable Regular	GeistVariable-Regular	Geist Variable	Regular	Version 1.002;Glyphs 3.1.2 (3151)	1.002	400	5	0	wght[100..100..1100]	683	0	0		0	135	4	0	liga,dlig,tnum,pnum,frac,sups,subs,ordn,aalt,locl,ccmp,ss01,ss02,ss03,ss04,ss05,ss06,ss07,ss08,ss09	kern,mark,mkmk	ttf	glyf	107120	no			UKWN		
/Users/bardiasamiee/Library/CloudStorage/GoogleDrive-b.samiee@mzn-group.com/My Drive/03.Digital Asset Database/01.Fonts/02.Free Fonts/Inter Font Typeface/extras/otf/Inter-Black.otf	0	Inter Black	Regular	Inter Black	Inter-Black	Inter	Black	Version 4.000;git-a52131595	4.000	900	5	0		2926	0	0		1	334	105	248	dlig,calt,smcp,c2sc,tnum,pnum,salt,frac,sups,subs,zero,case,ordn,aalt,locl,numr,dnom,ccmp,ss01,ss02,ss03,ss04,ss05,ss06,ss07,ss08,cv01,cv02,cv03	kern,mark,mkmk	otf	CFF	619772	no	Rasmus Andersson	rsms	RSMS	http://scripts.sil.org/OFL	
/Users/bardiasamiee/Library/CloudStorage/GoogleDrive-b.samiee@mzn-group.com/My Drive/03.Digital Asset Database/01.Fonts/02.Free Fonts/Inter Font Typeface/extras/otf/Inter-BlackItalic.otf	0	Inter Black	Italic	Inter Black Italic	Inter-BlackItalic	Inter	Black Italic	Version 4.000;git-a52131595	4.000	900	5	1		2889	0	0		1	334	105	248	dlig,calt,smcp,c2sc,tnum,pnum,salt,frac,sups,subs,zero,case,ordn,aalt,locl,numr,dnom,ccmp,ss01,ss02,ss03,ss04,ss05,ss06,ss07,ss08,cv01,cv02,cv03	kern,mark,mkmk	otf	CFF	592516	no	Rasmus Andersson	rsms	RSMS	http://scripts.sil.org/OFL	
/Users/bardiasamiee/Library/CloudStorage/GoogleDrive-b.samiee@mzn-group.com/My Drive/03.Digital Asset Database/01.Fonts/02.Free Fonts/Inter Font Typeface/extras/otf/Inter-Bold.otf	0	Inter	Bold	Inter Bold	Inter-Bold			Version 4.000;git-a52131595	4.000	700	5	0		2926	0	0		1	334	105	248	dlig,calt,smcp,c2sc,tnum,pnum,salt,frac,sups,subs,zero,case,ordn,aalt,locl,numr,dnom,ccmp,ss01,ss02,ss03,ss04,ss05,ss06,ss07,ss08,cv01,cv02,cv03	kern,mark,mkmk	otf	CFF	626056	no	Rasmus Andersson	rsms	RSMS	http://scripts.sil.org/OFL	
/Users/bardiasamiee/Library/CloudStorage/GoogleDrive-b.samiee@mzn-group.com/My Drive/03.Digital Asset Database/01.Fonts/02.Free Fonts/Inter Font Typeface/extras/otf/Inter-BoldItalic.otf	0	Inter	Bold Italic	Inter Bold Italic	Inter-BoldItalic			Version 4.000;git-a52131595	4.000	700	5	1		2889	0	0		1	334	105	248	dlig,calt,smcp,c2sc,tnum,pnum,salt,frac,sups,subs,zero,case,ordn,aalt,locl,numr,dnom,ccmp,ss01,ss02,ss03,ss04,ss05,ss06,ss07,ss08,cv01,cv02,cv03	kern,mark,mkmk	otf	CFF	604316	no	Rasmus Andersson	rsms	RSMS	http://scripts.sil.org/OFL	
/Users/bardiasamiee/Library/CloudStorage/GoogleDrive-b.samiee@mzn-group.com/My Drive/03.Digital Asset Database/01.Fonts/02.Free Fonts/Inter Font Typeface/extras/otf/Inter-ExtraBold.otf	0	Inter ExtraBold	Regular	Inter ExtraBold	Inter-ExtraBold	Inter	ExtraBold	Version 4.000;git-a52131595	4.000	800	5	0		2926	0	0		1	334	105	248	dlig,calt,smcp,c2sc,tnum,pnum,salt,frac,sups,subs,zero,case,ordn,aalt,locl,numr,dnom,ccmp,ss01,ss02,ss03,ss04,ss05,ss06,ss07,ss08,cv01,cv02,cv03	kern,mark,mkmk	otf	CFF	627736	no	Rasmus Andersson	rsms	RSMS	http://scripts.sil.org/OFL	
/Users/bardiasamiee/Library/CloudStorage/GoogleDrive-b.samiee@mzn-group.com/My Drive/03.Digital Asset Database/01.Fonts/02.Free Fonts/Inter Font Typeface/extras/otf/Inter-ExtraBoldItalic.otf	0	Inter ExtraBold	Italic	Inter ExtraBold Italic	Inter-ExtraBoldItalic	Inter	ExtraBold Italic	Version 4.000;git-a52131595	4.000	800	5	1		2889	0	0		1	334	105	248	dlig,calt,smcp,c2sc,tnum,pnum,salt,frac,sups,subs,zero,case,ordn,aalt,locl,numr,dnom,ccmp,ss01,ss02,ss03,ss04,ss05,ss06,ss07,ss08,cv01,cv02,cv03	kern,mark,mkmk	otf	CFF	603412	no	Rasmus Andersson	rsms	RSMS	http://scripts.sil.org/OFL	
/Users/bardiasamiee/Library/CloudStorage/GoogleDrive-b.samiee@mzn-group.com/My Drive/03.Digital Asset Database/01.Fonts/02.Free Fonts/Inter Font Typeface/extras/otf/Inter-ExtraLight.otf	0	Inter ExtraLight	Regular	Inter ExtraLight	Inter-ExtraLight	Inter	ExtraLight	Version 4.000;git-a52131595	4.000	200	5	0		2926	0	0		1	334	105	248	dlig,calt,smcp,c2sc,tnum,pnum,salt,frac,sups,subs,zero,case,ordn,aalt,locl,numr,dnom,ccmp,ss01,ss02,ss03,ss04,ss05,ss06,ss07,ss08,cv01,cv02,cv03	kern,mark,mkmk	otf	CFF	588780	no	Rasmus Andersson	rsms	RSMS	http://scripts.sil.org/OFL	
/Users/bardiasamiee/Library/CloudStorage/GoogleDrive-b.samiee@mzn-group.com/My Drive/03.Digital Asset Database/01.Fonts/02.Free Fonts/Inter Font Typeface/extras/otf/Inter-ExtraLightItalic.otf	0	Inter ExtraLight	Italic	Inter ExtraLight Italic	Inter-ExtraLightItalic	Inter	ExtraLight Italic	Version 4.000;git-a52131595	4.000	200	5	1		2889	0	0		1	334	105	248	dlig,calt,smcp,c2sc,tnum,pnum,salt,frac,sups,subs,zero,case,ordn,aalt,locl,numr,dnom,ccmp,ss01,ss02,ss03,ss04,ss05,ss06,ss07,ss08,cv01,cv02,cv03	kern,mark,mkmk	otf	CFF	579096	no	Rasmus Andersson	rsms	RSMS	http://scripts.sil.org/OFL	
/Users/bardiasamiee/Library/CloudStorage/GoogleDrive-b.samiee@mzn-group.com/My Drive/03.Digital Asset Database/01.Fonts/02.Free Fonts/Inter Font Typeface/extras/otf/Inter-Italic.otf	0	Inter	Italic	Inter Italic	Inter-Italic			Version 4.000;git-a52131595	4.000	400	5	1		2889	0	0		1	334	105	248	dlig,calt,smcp,c2sc,tnum,pnum,salt,frac,sups,subs,zero,case,ordn,aalt,locl,numr,dnom,ccmp,ss01,ss02,ss03,ss04,ss05,ss06,ss07,ss08,cv01,cv02,cv03	kern,mark,mkmk	otf	CFF	586752	no	Rasmus Andersson	rsms	RSMS	http://scripts.sil.org/OFL	
/Users/bardiasamiee/Library/CloudStorage/GoogleDrive-b.samiee@mzn-group.com/My Drive/03.Digital Asset Database/01.Fonts/02.Free Fonts/Inter Font Typeface/extras/otf/Inter-Light.otf	0	Inter Light	Regular	Inter Light	Inter-Light	Inter	Light	Version 4.000;git-a52131595	4.000	300	5	0		2926	0	0		1	334	105	248	dlig,calt,smcp,c2sc,tnum,pnum,salt,frac,sups,subs,zero,case,ordn,aalt,locl,numr,dnom,ccmp,ss01,ss02,ss03,ss04,ss05,ss06,ss07,ss08,cv01,cv02,cv03	kern,mark,mkmk	otf	CFF	607704	no	Rasmus Andersson	rsms	RSMS	http://scripts.sil.org/OFL	
/Users/bardiasamiee/Library/CloudStorage/GoogleDrive-b.samiee@mzn-group.com/My Drive/03.Digital Asset Database/01.Fonts/02.Free Fonts/Inter Font Typeface/extras/otf/Inter-LightItalic.otf	0	Inter Light	Italic	Inter Light Italic	Inter-LightItalic	Inter	Light Italic	Version 4.000;git-a52131595	4.000	300	5	1		2889	0	0		1	334	105	248	dlig,calt,smcp,c2sc,tnum,pnum,salt,frac,sups,subs,zero,case,ordn,aalt,locl,numr,dnom,ccmp,ss01,ss02,ss03,ss04,ss05,ss06,ss07,ss08,cv01,cv02,cv03	kern,mark,mkmk	otf	CFF	588860	no	Rasmus Andersson	rsms	RSMS	http://scripts.sil.org/OFL	
/Users/bardiasamiee/Library/CloudStorage/GoogleDrive-b.samiee@mzn-group.com/My Drive/03.Digital Asset Database/01.Fonts/02.Free Fonts/Inter Font Typeface/extras/otf/Inter-Medium.otf	0	Inter Medium	Regular	Inter Medium	Inter-Medium	Inter	Medium	Version 4.000;git-a52131595	4.000	500	5	0		2926	0	0		1	334	105	248	dlig,calt,smcp,c2sc,tnum,pnum,salt,frac,sups,subs,zero,case,ordn,aalt,locl,numr,dnom,ccmp,ss01,ss02,ss03,ss04,ss05,ss06,ss07,ss08,cv01,cv02,cv03	kern,mark,mkmk	otf	CFF	622088	no	Rasmus Andersson	rsms	RSMS	http://scripts.sil.org/OFL	
/Users/bardiasamiee/Library/CloudStorage/GoogleDrive-b.samiee@mzn-group.com/My Drive/03.Digital Asset Database/01.Fonts/02.Free Fonts/Inter Font Typeface/extras/otf/Inter-MediumItalic.otf	0	Inter Medium	Italic	Inter Medium Italic	Inter-MediumItalic	Inter	Medium Italic	Version 4.000;git-a52131595	4.000	500	5	1		2889	0	0		1	334	105	248	dlig,calt,smcp,c2sc,tnum,pnum,salt,frac,sups,subs,zero,case,ordn,aalt,locl,numr,dnom,ccmp,ss01,ss02,ss03,ss04,ss05,ss06,ss07,ss08,cv01,cv02,cv03	kern,mark,mkmk	otf	CFF	599652	no	Rasmus Andersson	rsms	RSMS	http://scripts.sil.org/OFL	
/Users/bardiasamiee/Library/CloudStorage/GoogleDrive-b.samiee@mzn-group.com/My Drive/03.Digital Asset Database/01.Fonts/02.Free Fonts/Inter Font Typeface/extras/otf/Inter-Regular.otf	0	Inter	Regular	Inter Regular	Inter-Regular			Version 4.000;git-a52131595	4.000	400	5	0		2926	0	0		1	334	105	248	dlig,calt,smcp,c2sc,tnum,pnum,salt,frac,sups,subs,zero,case,ordn,aalt,locl,numr,dnom,ccmp,ss01,ss02,ss03,ss04,ss05,ss06,ss07,ss08,cv01,cv02,cv03	kern,mark,mkmk	otf	CFF	605092	no	Rasmus Andersson	rsms	RSMS	http://scripts.sil.org/OFL	
/Users/bardiasamiee/Library/CloudStorage/GoogleDrive-b.samiee@mzn-group.com/My Drive/03.Digital Asset Database/01.Fonts/02.Free Fonts/Inter Font Typeface/extras/otf/Inter-SemiBold.otf	0	Inter SemiBold	Regular	Inter SemiBold	Inter-SemiBold	Inter	SemiBold	Version 4.000;git-a52131595	4.000	600	5	0		2926	0	0		1	334	105	248	dlig,calt,smcp,c2sc,tnum,pnum,salt,frac,sups,subs,zero,case,ordn,aalt,locl,numr,dnom,ccmp,ss01,ss02,ss03,ss04,ss05,ss06,ss07,ss08,cv01,cv02,cv03	kern,mark,mkmk	otf	CFF	624244	no	Rasmus Andersson	rsms	RSMS	http://scripts.sil.org/OFL	
/Users/bardiasamiee/Library/CloudStorage/GoogleDrive-b.samiee@mzn-group.com/My Drive/03.Digital Asset Database/01.Fonts/02.Free Fonts/Inter Font Typeface/extras/otf/Inter-SemiBoldItalic.otf	0	Inter SemiBold	Italic	Inter SemiBold Italic	Inter-SemiBoldItalic	Inter	SemiBold Italic	Version 4.000;git-a52131595	4.000	600	5	1		2889	0	0		1	334	105	248	dlig,calt,smcp,c2sc,tnum,pnum,salt,frac,sups,subs,zero,case,ordn,aalt,locl,numr,dnom,ccmp,ss01,ss02,ss03,ss04,ss05,ss06,ss07,ss08,cv01,cv02,cv03	kern,mark,mkmk	otf	CFF	602496	no	Rasmus Andersson	rsms	RSMS	http://scripts.sil.org/OFL	
/Users/bardiasamiee/Library/CloudStorage/GoogleDrive-b.samiee@mzn-group.com/My Drive/03.Digital Asset Database/01.Fonts/02.Free Fonts/Inter Font Typeface/extras/otf/Inter-Thin.otf	0	Inter Thin	Regular	Inter Thin	Inter-Thin	Inter	Thin	Version 4.000;git-a52131595	4.000	100	5	0		2926	0	0		1	334	105	248	dlig,calt,smcp,c2sc,tnum,pnum,salt,frac,sups,subs,zero,case,ordn,aalt,locl,numr,dnom,ccmp,ss01,ss02,ss03,ss04,ss05,ss06,ss07,ss08,cv01,cv02,cv03	kern,mark,mkmk	otf	CFF	576484	no	Rasmus Andersson	rsms	RSMS	http://scripts.sil.org/OFL	
/Users/bardiasamiee/Library/CloudStorage/GoogleDrive-b.samiee@mzn-group.com/My Drive/03.Digital Asset Database/01.Fonts/02.Free Fonts/Inter Font Typeface/extras/otf/Inter-ThinItalic.otf	0	Inter Thin	Italic	Inter Thin Italic	Inter-ThinItalic	Inter	Thin Italic	Version 4.000;git-a52131595	4.000	100	5	1		2889	0	0		1	334	105	248	dlig,calt,smcp,c2sc,tnum,pnum,salt,frac,sups,subs,zero,case,ordn,aalt,locl,numr,dnom,ccmp,ss01,ss02,ss03,ss04,ss05,ss06,ss07,ss08,cv01,cv02,cv03	kern,mark,mkmk	otf	CFF	571792	no	Rasmus Andersson	rsms	RSMS	http://scripts.sil.org/OFL	
/Users/bardiasamiee/Library/CloudStorage/GoogleDrive-b.samiee@mzn-group.com/My Drive/03.Digital Asset Database/01.Fonts/02.Free Fonts/Inter Font Typeface/extras/otf/InterDisplay-Black.otf	0	Inter Display Black	Regular	Inter Display Black	InterDisplay-Black	Inter Display	Black	Version 4.000;git-a52131595	4.000	900	5	0		2926	0	0		1	334	105	248	dlig,calt,smcp,c2sc,tnum,pnum,salt,frac,sups,subs,zero,case,ordn,aalt,locl,numr,dnom,ccmp,ss01,ss02,ss03,ss04,ss05,ss06,ss07,ss08,cv01,cv02,cv03	kern,mark,mkmk	otf	CFF	617468	no	Rasmus Andersson	rsms	RSMS	http://scripts.sil.org/OFL	
/Users/bardiasamiee/Library/CloudStorage/GoogleDrive-b.samiee@mzn-group.com/My Drive/03.Digital Asset Database/01.Fonts/02.Free Fonts/Inter Font Typeface/extras/otf/InterDisplay-BlackItalic.otf	0	Inter Display Black	Italic	Inter Display Black Italic	InterDisplay-BlackItalic	Inter Display	Black Italic	Version 4.000;git-a52131595	4.000	900	5	1		2889	0	0		1	334	105	248	dlig,calt,smcp,c2sc,tnum,pnum,salt,frac,sups,subs,zero,case,ordn,aalt,locl,numr,dnom,ccmp,ss01,ss02,ss03,ss04,ss05,ss06,ss07,ss08,cv01,cv02,cv03	kern,mark,mkmk	otf	CFF	590272	no	Rasmus Andersson	rsms	RSMS	http://scripts.sil.org/OFL	
/Users/bardiasamiee/Library/CloudStorage/GoogleDrive-b.samiee@mzn-group.com/My Drive/03.Digital Asset Database/01.Fonts/02.Free Fonts/Inter Font Typeface/extras/otf/InterDisplay-Bold.otf	0	Inter Display	Bold	Inter Display Bold	InterDisplay-Bold			Version 4.000;git-a52131595	4.000	700	5	0		2926	0	0		1	334	105	248	dlig,calt,smcp,c2sc,tnum,pnum,salt,frac,sups,subs,zero,case,ordn,aalt,locl,numr,dnom,ccmp,ss01,ss02,ss03,ss04,ss05,ss06,ss07,ss08,cv01,cv02,cv03	kern,mark,mkmk	otf	CFF	623440	no	Rasmus Andersson	rsms	RSMS	http://scripts.sil.org/OFL	
/Users/bardiasamiee/Library/CloudStorage/GoogleDrive-b.samiee@mzn-group.com/My Drive/03.Digital Asset Database/01.Fonts/02.Free Fonts/Inter Font Typeface/extras/otf/InterDisplay-BoldItalic.otf	0	Inter Display	Bold Italic	Inter Display Bold Italic	InterDisplay-BoldItalic			Version 4.000;git-a52131595	4.000	700	5	1		2889	0	0		1	334	105	248	dlig,calt,smcp,c2sc,tnum,pnum,salt,frac,sups,subs,zero,case,ordn,aalt,locl,numr,dnom,ccmp,ss01,ss02,ss03,ss04,ss05,ss06,ss07,ss08,cv01,cv02,cv03	kern,mark,mkmk	otf	CFF	598040	no	Rasmus Andersson	rsms	RSMS	http://scripts.sil.org/OFL	
/Users/bardiasamiee/Library/CloudStorage/GoogleDrive-b.samiee@mzn-group.com/My Drive/03.Digital Asset Database/01.Fonts/02.Free Fonts/Inter Font Typeface/extras/otf/InterDisplay-ExtraBold.otf	0	Inter Display ExtraBold	Regular	Inter Display ExtraBold	InterDisplay-ExtraBold	Inter Display	ExtraBold	Version 4.000;git-a52131595	4.000	800	5	0		2926	0	0		1	334	105	248	dlig,calt,smcp,c2sc,tnum,pnum,salt,frac,sups,subs,zero,case,ordn,aalt,locl,numr,dnom,ccmp,ss01,ss02,ss03,ss04,ss05,ss06,ss07,ss08,cv01,cv02,cv03	kern,mark,mkmk	otf	CFF	624384	no	Rasmus Andersson	rsms	RSMS	http://scripts.sil.org/OFL	
/Users/bardiasamiee/Library/CloudStorage/GoogleDrive-b.samiee@mzn-group.com/My Drive/03.Digital Asset Database/01.Fonts/02.Free Fonts/Inter Font Typeface/extras/otf/InterDisplay-ExtraBoldItalic.otf	0	Inter Display ExtraBold	Italic	Inter Display ExtraBold Italic	InterDisplay-ExtraBoldItalic	Inter Display	ExtraBold Italic	Version 4.000;git-a52131595	4.000	800	5	1		2889	0	0		1	334	105	248	dlig,calt,smcp,c2sc,tnum,pnum,salt,frac,sups,subs,zero,case,ordn,aalt,locl,numr,dnom,ccmp,ss01,ss02,ss03,ss04,ss05,ss06,ss07,ss08,cv01,cv02,cv03	kern,mark,mkmk	otf	CFF	598520	no	Rasmus Andersson	rsms	RSMS	http://scripts.sil.org/OFL	
/Users/bardiasamiee/Library/CloudStorage/GoogleDrive-b.samiee@mzn-group.com/My Drive/03.Digital Asset Database/01.Fonts/02.Free Fonts/Inter Font Typeface/extras/otf/InterDisplay-ExtraLight.otf	0	Inter Display ExtraLight	Regular	Inter Display ExtraLight	InterDisplay-ExtraLight	Inter Display	ExtraLight	Version 4.000;git-a52131595	4.000	200	5	0		2926	0	0		1	334	105	248	dlig,calt,smcp,c2sc,tnum,pnum,salt,frac,sups,subs,zero,case,ordn,aalt,locl,numr,dnom,ccmp,ss01,ss02,ss03,ss04,ss05,ss06,ss07,ss08,cv01,cv02,cv03	kern,mark,mkmk	otf	CFF	582436	no	Rasmus Andersson	rsms	RSMS	http://scripts.sil.org/OFL	
/Users/bardiasamiee/Library/CloudStorage/GoogleDrive-b.samiee@mzn-group.com/My Drive/03.Digital Asset Database/01.Fonts/02.Free Fonts/Inter Font Typeface/extras/otf/InterDisplay-ExtraLightItalic.otf	0	Inter Display ExtraLight	Italic	Inter Display ExtraLight Italic	InterDisplay-ExtraLightItalic	Inter Display	ExtraLight Italic	Version 4.000;git-a52131595	4.000	200	5	1		2889	0	0		1	334	105	248	dlig,calt,smcp,c2sc,tnum,pnum,salt,frac,sups,subs,zero,case,ordn,aalt,locl,numr,dnom,ccmp,ss01,ss02,ss03,ss04,ss05,ss06,ss07,ss08,cv01,cv02,cv03	kern,mark,mkmk	otf	CFF	573696	no	Rasmus Andersson	rsms	RSMS	http://scripts.sil.org/OFL	
/Users/bardiasamiee/Library/CloudStorage/GoogleDrive-b.samiee@mzn-group.com/My Drive/03.Digital Asset Database/01.Fonts/02.Free Fonts/Inter Font Typeface/extras/otf/InterDisplay-Italic.otf	0	Inter Display	Italic	Inter Display Italic	InterDisplay-Italic			Version 4.000;git-a52131595	4.000	400	5	1		2889	0	0		1	334	105	248	dlig,calt,smcp,c2sc,tnum,pnum,salt,frac,sups,subs,zero,case,ordn,aalt,locl,numr,dnom,ccmp,ss01,ss02,ss03,ss04,ss05,ss06,ss07,ss08,cv01,cv02,cv03	kern,mark,mkmk	otf	CFF	582048	no	Rasmus Andersson	rsms	RSMS	http://scripts.sil.org/OFL	
/Users/bardiasamiee/Library/CloudStorage/GoogleDrive-b.samiee@mzn-group.com/My Drive/03.Digital Asset Database/01.Fonts/02.Free Fonts/Inter Font Typeface/extras/otf/InterDisplay-Light.otf	0	Inter Display Light	Regular	Inter Display Light	InterDisplay-Light	Inter Display	Light	Version 4.000;git-a52131595	4.000	300	5	0		2926	0	0		1	334	105	248	dlig,calt,smcp,c2sc,tnum,pnum,salt,frac,sups,subs,zero,case,ordn,aalt,locl,numr,dnom,ccmp,ss01,ss02,ss03,ss04,ss05,ss06,ss07,ss08,cv01,cv02,cv03	kern,mark,mkmk	otf	CFF	601544	no	Rasmus Andersson	rsms	RSMS	http://scripts.sil.org/OFL	
/Users/bardiasamiee/Library/CloudStorage/GoogleDrive-b.samiee@mzn-group.com/My Drive/03.Digital Asset Database/01.Fonts/02.Free Fonts/Inter Font Typeface/extras/otf/InterDisplay-LightItalic.otf	0	Inter Display Light	Italic	Inter Display Light Italic	InterDisplay-LightItalic	Inter Display	Light Italic	Version 4.000;git-a52131595	4.000	300	5	1		2889	0	0		1	334	105	248	dlig,calt,smcp,c2sc,tnum,pnum,salt,frac,sups,subs,zero,case,ordn,aalt,locl,numr,dnom,ccmp,ss01,ss02,ss03,ss04,ss05,ss06,ss07,ss08,cv01,cv02,cv03	kern,mark,mkmk	otf	CFF	585592	no	Rasmus Andersson	rsms	RSMS	http://scripts.sil.org/OFL	
/Users/bardiasamiee/Library/CloudStorage/GoogleDrive-b.samiee@mzn-group.com/My Drive/03.Digital Asset Database/01.Fonts/02.Free Fonts/Inter Font Typeface/extras/otf/InterDisplay-Medium.otf	0	Inter Display Medium	Regular	Inter Display Medium	InterDisplay-Medium	Inter Display	Medium	Version 4.000;git-a52131595	4.000	500	5	0		2926	0	0		1	334	105	248	dlig,calt,smcp,c2sc,tnum,pnum,salt,frac,sups,subs,zero,case,ordn,aalt,locl,numr,dnom,ccmp,ss01,ss02,ss03,ss04,ss05,ss06,ss07,ss08,cv01,cv02,cv03	kern,mark,mkmk	otf	CFF	617500	no	Rasmus Andersson	rsms	RSMS	http://scripts.sil.org/OFL	
/Users/bardiasamiee/Library/CloudStorage/GoogleDrive-b.samiee@mzn-group.com/My Drive/03.Digital Asset Database/01.Fonts/02.Free Fonts/Inter Font Typeface/extras/otf/InterDisplay-MediumItalic.otf	0	Inter Display Medium	Italic	Inter Display Medium Italic	InterDisplay-MediumItalic	Inter Display	Medium Italic	Version 4.000;git-a52131595	4.000	500	5	1		2889	0	0		1	334	105	248	dlig,calt,smcp,c2sc,tnum,pnum,salt,frac,sups,subs,zero,case,ordn,aalt,locl,numr,dnom,ccmp,ss01,ss02,ss03,ss04,ss05,ss06,ss07,ss08,cv01,cv02,cv03	kern,mark,mkmk	otf	CFF	594688	no	Rasmus Andersson	rsms	RSMS	http://scripts.sil.org/OFL	
/Users/bardiasamiee/Library/CloudStorage/GoogleDrive-b.samiee@mzn-group.com/My Drive/03.Digital Asset Database/01.Fonts/02.Free Fonts/Inter Font Typeface/extras/otf/InterDisplay-Regular.otf	0	Inter Display	Regular	Inter Display Regular	InterDisplay-Regular			Version 4.000;git-a52131595	4.000	400	5	0		2926	0	0		1	334	105	248	dlig,calt,smcp,c2sc,tnum,pnum,salt,frac,sups,subs,zero,case,ordn,aalt,locl,numr,dnom,ccmp,ss01,ss02,ss03,ss04,ss05,ss06,ss07,ss08,cv01,cv02,cv03	kern,mark,mkmk	otf	CFF	602892	no	Rasmus Andersson	rsms	RSMS	http://scripts.sil.org/OFL	
/Users/bardiasamiee/Library/CloudStorage/GoogleDrive-b.samiee@mzn-group.com/My Drive/03.Digital Asset Database/01.Fonts/02.Free Fonts/Inter Font Typeface/extras/otf/InterDisplay-SemiBold.otf	0	Inter Display SemiBold	Regular	Inter Display SemiBold	InterDisplay-SemiBold	Inter Display	SemiBold	Version 4.000;git-a52131595	4.000	600	5	0		2926	0	0		1	334	105	248	dlig,calt,smcp,c2sc,tnum,pnum,salt,frac,sups,subs,zero,case,ordn,aalt,locl,numr,dnom,ccmp,ss01,ss02,ss03,ss04,ss05,ss06,ss07,ss08,cv01,cv02,cv03	kern,mark,mkmk	otf	CFF	619088	no	Rasmus Andersson	rsms	RSMS	http://scripts.sil.org/OFL	
/Users/bardiasamiee/Library/CloudStorage/GoogleDrive-b.samiee@mzn-group.com/My Drive/03.Digital Asset Database/01.Fonts/02.Free Fonts/Inter Font Typeface/extras/otf/InterDisplay-SemiBoldItalic.otf	0	Inter Display SemiBold	Italic	Inter Display SemiBold Italic	InterDisplay-SemiBoldItalic	Inter Display	SemiBold Italic	Version 4.000;git-a52131595	4.000	600	5	1		2889	0	0		1	334	105	248	dlig,calt,smcp,c2sc,tnum,pnum,salt,frac,sups,subs,zero,case,ordn,aalt,locl,numr,dnom,ccmp,ss01,ss02,ss03,ss04,ss05,ss06,ss07,ss08,cv01,cv02,cv03	kern,mark,mkmk	otf	CFF	596444	no	Rasmus Andersson	rsms	RSMS	http://scripts.sil.org/OFL	
/Users/bardiasamiee/Library/CloudStorage/GoogleDrive-b.samiee@mzn-group.com/My Drive/03.Digital Asset Database/01.Fonts/02.Free Fonts/Inter Font Typeface/extras/otf/InterDisplay-Thin.otf	0	Inter Display Thin	Regular	Inter Display Thin	InterDisplay-Thin	Inter Display	Thin	Version 4.000;git-a52131595	4.000	100	5	0		2926	0	0		1	334	105	248	dlig,calt,smcp,c2sc,tnum,pnum,salt,frac,sups,subs,zero,case,ordn,aalt,locl,numr,dnom,ccmp,ss01,ss02,ss03,ss04,ss05,ss06,ss07,ss08,cv01,cv02,cv03	kern,mark,mkmk	otf	CFF	570460	no	Rasmus Andersson	rsms	RSMS	http://scripts.sil.org/OFL	
/Users/bardiasamiee/Library/CloudStorage/GoogleDrive-b.samiee@mzn-group.com/My Drive/03.Digital Asset Database/01.Fonts/02.Free Fonts/Inter Font Typeface/extras/otf/InterDisplay-ThinItalic.otf	0	Inter Display Thin	Italic	Inter Display Thin Italic	InterDisplay-ThinItalic	Inter Display	Thin Italic	Version 4.000;git-a52131595	4.000	100	5	1		2889	0	0		1	334	105	248	dlig,calt,smcp,c2sc,tnum,pnum,salt,frac,sups,subs,zero,case,ordn,aalt,locl,numr,dnom,ccmp,ss01,ss02,ss03,ss04,ss05,ss06,ss07,ss08,cv01,cv02,cv03	kern,mark,mkmk	otf	CFF	565900	no	Rasmus Andersson	rsms	RSMS	http://scripts.sil.org/OFL	
/Users/bardiasamiee/Library/CloudStorage/GoogleDrive-b.samiee@mzn-group.com/My Drive/03.Digital Asset Database/01.Fonts/02.Free Fonts/Inter Font Typeface/extras/ttf/Inter-Black.ttf	0	Inter Black	Regular	Inter Black	Inter-Black	Inter	Black	Version 4.000;git-a52131595	4.000	900	5	0		2926	0	0		1	334	105	248	dlig,calt,smcp,c2sc,tnum,pnum,salt,frac,sups,subs,zero,case,ordn,aalt,locl,numr,dnom,ccmp,ss01,ss02,ss03,ss04,ss05,ss06,ss07,ss08,cv01,cv02,cv03	kern,mark,mkmk	ttf	glyf	414140	no	Rasmus Andersson	rsms	RSMS	http://scripts.sil.org/OFL	
/Users/bardiasamiee/Library/CloudStorage/GoogleDrive-b.samiee@mzn-group.com/My Drive/03.Digital Asset Database/01.Fonts/02.Free Fonts/Inter Font Typeface/extras/ttf/Inter-BlackItalic.ttf	0	Inter Black	Italic	Inter Black Italic	Inter-BlackItalic	Inter	Black Italic	Version 4.000;git-a52131595	4.000	900	5	1		2889	0	0		1	334	105	248	dlig,calt,smcp,c2sc,tnum,pnum,salt,frac,sups,subs,zero,case,ordn,aalt,locl,numr,dnom,ccmp,ss01,ss02,ss03,ss04,ss05,ss06,ss07,ss08,cv01,cv02,cv03	kern,mark,mkmk	ttf	glyf	422324	no	Rasmus Andersson	rsms	RSMS	http://scripts.sil.org/OFL	
/Users/bardiasamiee/Library/CloudStorage/GoogleDrive-b.samiee@mzn-group.com/My Drive/03.Digital Asset Database/01.Fonts/02.Free Fonts/Inter Font Typeface/extras/ttf/Inter-Bold.ttf	0	Inter	Bold	Inter Bold	Inter-Bold			Version 4.000;git-a52131595	4.000	700	5	0		2926	0	0		1	334	105	248	dlig,calt,smcp,c2sc,tnum,pnum,salt,frac,sups,subs,zero,case,ordn,aalt,locl,numr,dnom,ccmp,ss01,ss02,ss03,ss04,ss05,ss06,ss07,ss08,cv01,cv02,cv03	kern,mark,mkmk	ttf	glyf	415072	no	Rasmus Andersson	rsms	RSMS	http://scripts.sil.org/OFL	
/Users/bardiasamiee/Library/CloudStorage/GoogleDrive-b.samiee@mzn-group.com/My Drive/03.Digital Asset Database/01.Fonts/02.Free Fonts/Inter Font Typeface/extras/ttf/Inter-BoldItalic.ttf	0	Inter	Bold Italic	Inter Bold Italic	Inter-BoldItalic			Version 4.000;git-a52131595	4.000	700	5	1		2889	0	0		1	334	105	248	dlig,calt,smcp,c2sc,tnum,pnum,salt,frac,sups,subs,zero,case,ordn,aalt,locl,numr,dnom,ccmp,ss01,ss02,ss03,ss04,ss05,ss06,ss07,ss08,cv01,cv02,cv03	kern,mark,mkmk	ttf	glyf	420068	no	Rasmus Andersson	rsms	RSMS	http://scripts.sil.org/OFL	
/Users/bardiasamiee/Library/CloudStorage/GoogleDrive-b.samiee@mzn-group.com/My Drive/03.Digital Asset Database/01.Fonts/02.Free Fonts/Inter Font Typeface/extras/ttf/Inter-ExtraBold.ttf	0	Inter ExtraBold	Regular	Inter ExtraBold	Inter-ExtraBold	Inter	ExtraBold	Version 4.000;git-a52131595	4.000	800	5	0		2926	0	0		1	334	105	248	dlig,calt,smcp,c2sc,tnum,pnum,salt,frac,sups,subs,zero,case,ordn,aalt,locl,numr,dnom,ccmp,ss01,ss02,ss03,ss04,ss05,ss06,ss07,ss08,cv01,cv02,cv03	kern,mark,mkmk	ttf	glyf	416228	no	Rasmus Andersson	rsms	RSMS	http://scripts.sil.org/OFL	
/Users/bardiasamiee/Library/CloudStorage/GoogleDrive-b.samiee@mzn-group.com/My Drive/03.Digital Asset Database/01.Fonts/02.Free Fonts/Inter Font Typeface/extras/ttf/Inter-ExtraBoldItalic.ttf	0	Inter ExtraBold	Italic	Inter ExtraBold Italic	Inter-ExtraBoldItalic	Inter	ExtraBold Italic	Version 4.000;git-a52131595	4.000	800	5	1		2889	0	0		1	334	105	248	dlig,calt,smcp,c2sc,tnum,pnum,salt,frac,sups,subs,zero,case,ordn,aalt,locl,numr,dnom,ccmp,ss01,ss02,ss03,ss04,ss05,ss06,ss07,ss08,cv01,cv02,cv03	kern,mark,mkmk	ttf	glyf	422904	no	Rasmus Andersson	rsms	RSMS	http://scripts.sil.org/OFL	
/Users/bardiasamiee/Library/CloudStorage/GoogleDrive-b.samiee@mzn-group.com/My Drive/03.Digital Asset Database/01.Fonts/02.Free Fonts/Inter Font Typeface/extras/ttf/Inter-ExtraLight.ttf	0	Inter ExtraLight	Regular	Inter ExtraLight	Inter-ExtraLight	Inter	ExtraLight	Version 4.000;git-a52131595	4.000	200	5	0		2926	0	0		1	334	105	248	dlig,calt,smcp,c2sc,tnum,pnum,salt,frac,sups,subs,zero,case,ordn,aalt,locl,numr,dnom,ccmp,ss01,ss02,ss03,ss04,ss05,ss06,ss07,ss08,cv01,cv02,cv03	kern,mark,mkmk	ttf	glyf	409996	no	Rasmus Andersson	rsms	RSMS	http://scripts.sil.org/OFL	
/Users/bardiasamiee/Library/CloudStorage/GoogleDrive-b.samiee@mzn-group.com/My Drive/03.Digital Asset Database/01.Fonts/02.Free Fonts/Inter Font Typeface/extras/ttf/Inter-ExtraLightItalic.ttf	0	Inter ExtraLight	Italic	Inter ExtraLight Italic	Inter-ExtraLightItalic	Inter	ExtraLight Italic	Version 4.000;git-a52131595	4.000	200	5	1		2889	0	0		1	334	105	248	dlig,calt,smcp,c2sc,tnum,pnum,salt,frac,sups,subs,zero,case,ordn,aalt,locl,numr,dnom,ccmp,ss01,ss02,ss03,ss04,ss05,ss06,ss07,ss08,cv01,cv02,cv03	kern,mark,mkmk	ttf	glyf	415636	no	Rasmus Andersson	rsms	RSMS	http://scripts.sil.org/OFL	
/Users/bardiasamiee/Library/CloudStorage/GoogleDrive-b.samiee@mzn-group.com/My Drive/03.Digital Asset Database/01.Fonts/02.Free Fonts/Inter Font Typeface/extras/ttf/Inter-Italic.ttf	0	Inter	Italic	Inter Italic	Inter-Italic			Version 4.000;git-a52131595	4.000	400	5	1		2889	0	0		1	334	105	248	dlig,calt,smcp,c2sc,tnum,pnum,salt,frac,sups,subs,zero,case,ordn,aalt,locl,numr,dnom,ccmp,ss01,ss02,ss03,ss04,ss05,ss06,ss07,ss08,cv01,cv02,cv03	kern,mark,mkmk	ttf	glyf	412848	no	Rasmus Andersson	rsms	RSMS	http://scripts.sil.org/OFL	
/Users/bardiasamiee/Library/CloudStorage/GoogleDrive-b.samiee@mzn-group.com/My Drive/03.Digital Asset Database/01.Fonts/02.Free Fonts/Inter Font Typeface/extras/ttf/Inter-Light.ttf	0	Inter Light	Regular	Inter Light	Inter-Light	Inter	Light	Version 4.000;git-a52131595	4.000	300	5	0		2926	0	0		1	334	105	248	dlig,calt,smcp,c2sc,tnum,pnum,salt,frac,sups,subs,zero,case,ordn,aalt,locl,numr,dnom,ccmp,ss01,ss02,ss03,ss04,ss05,ss06,ss07,ss08,cv01,cv02,cv03	kern,mark,mkmk	ttf	glyf	408364	no	Rasmus Andersson	rsms	RSMS	http://scripts.sil.org/OFL	
/Users/bardiasamiee/Library/CloudStorage/GoogleDrive-b.samiee@mzn-group.com/My Drive/03.Digital Asset Database/01.Fonts/02.Free Fonts/Inter Font Typeface/extras/ttf/Inter-LightItalic.ttf	0	Inter Light	Italic	Inter Light Italic	Inter-LightItalic	Inter	Light Italic	Version 4.000;git-a52131595	4.000	300	5	1		2889	0	0		1	334	105	248	dlig,calt,smcp,c2sc,tnum,pnum,salt,frac,sups,subs,zero,case,ordn,aalt,locl,numr,dnom,ccmp,ss01,ss02,ss03,ss04,ss05,ss06,ss07,ss08,cv01,cv02,cv03	kern,mark,mkmk	ttf	glyf	415024	no	Rasmus Andersson	rsms	RSMS	http://scripts.sil.org/OFL	
/Users/bardiasamiee/Library/CloudStorage/GoogleDrive-b.samiee@mzn-group.com/My Drive/03.Digital Asset Database/01.Fonts/02.Free Fonts/Inter Font Typeface/extras/ttf/Inter-Medium.ttf	0	Inter Medium	Regular	Inter Medium	Inter-Medium	Inter	Medium	Version 4.000;git-a52131595	4.000	500	5	0		2926	0	0		1	334	105	248	dlig,calt,smcp,c2sc,tnum,pnum,salt,frac,sups,subs,zero,case,ordn,aalt,locl,numr,dnom,ccmp,ss01,ss02,ss03,ss04,ss05,ss06,ss07,ss08,cv01,cv02,cv03	kern,mark,mkmk	ttf	glyf	411500	no	Rasmus Andersson	rsms	RSMS	http://scripts.sil.org/OFL	
/Users/bardiasamiee/Library/CloudStorage/GoogleDrive-b.samiee@mzn-group.com/My Drive/03.Digital Asset Database/01.Fonts/02.Free Fonts/Inter Font Typeface/extras/ttf/Inter-MediumItalic.ttf	0	Inter Medium	Italic	Inter Medium Italic	Inter-MediumItalic	Inter	Medium Italic	Version 4.000;git-a52131595	4.000	500	5	1		2889	0	0		1	334	105	248	dlig,calt,smcp,c2sc,tnum,pnum,salt,frac,sups,subs,zero,case,ordn,aalt,locl,numr,dnom,ccmp,ss01,ss02,ss03,ss04,ss05,ss06,ss07,ss08,cv01,cv02,cv03	kern,mark,mkmk	ttf	glyf	417780	no	Rasmus Andersson	rsms	RSMS	http://scripts.sil.org/OFL	
/Users/bardiasamiee/Library/CloudStorage/GoogleDrive-b.samiee@mzn-group.com/My Drive/03.Digital Asset Database/01.Fonts/02.Free Fonts/Inter Font Typeface/extras/ttf/Inter-Regular.ttf	0	Inter	Regular	Inter Regular	Inter-Regular			Version 4.000;git-a52131595	4.000	400	5	0		2926	0	0		1	334	105	248	dlig,calt,smcp,c2sc,tnum,pnum,salt,frac,sups,subs,zero,case,ordn,aalt,locl,numr,dnom,ccmp,ss01,ss02,ss03,ss04,ss05,ss06,ss07,ss08,cv01,cv02,cv03	kern,mark,mkmk	ttf	glyf	407056	no	Rasmus Andersson	rsms	RSMS	http://scripts.sil.org/OFL	
/Users/bardiasamiee/Library/CloudStorage/GoogleDrive-b.samiee@mzn-group.com/My Drive/03.Digital Asset Database/01.Fonts/02.Free Fonts/Inter Font Typeface/extras/ttf/Inter-SemiBold.ttf	0	Inter SemiBold	Regular	Inter SemiBold	Inter-SemiBold	Inter	SemiBold	Version 4.000;git-a52131595	4.000	600	5	0		2926	0	0		1	334	105	248	dlig,calt,smcp,c2sc,tnum,pnum,salt,frac,sups,subs,zero,case,ordn,aalt,locl,numr,dnom,ccmp,ss01,ss02,ss03,ss04,ss05,ss06,ss07,ss08,cv01,cv02,cv03	kern,mark,mkmk	ttf	glyf	413976	no	Rasmus Andersson	rsms	RSMS	http://scripts.sil.org/OFL	
/Users/bardiasamiee/Library/CloudStorage/GoogleDrive-b.samiee@mzn-group.com/My Drive/03.Digital Asset Database/01.Fonts/02.Free Fonts/Inter Font Typeface/extras/ttf/Inter-SemiBoldItalic.ttf	0	Inter SemiBold	Italic	Inter SemiBold Italic	Inter-SemiBoldItalic	Inter	SemiBold Italic	Version 4.000;git-a52131595	4.000	600	5	1		2889	0	0		1	334	105	248	dlig,calt,smcp,c2sc,tnum,pnum,salt,frac,sups,subs,zero,case,ordn,aalt,locl,numr,dnom,ccmp,ss01,ss02,ss03,ss04,ss05,ss06,ss07,ss08,cv01,cv02,cv03	kern,mark,mkmk	ttf	glyf	418520	no	Rasmus Andersson	rsms	RSMS	http://scripts.sil.org/OFL	
/Users/bardiasamiee/Library/CloudStorage/GoogleDrive-b.samiee@mzn-group.com/My Drive/03.Digital Asset Database/01.Fonts/02.Free Fonts/Inter Font Typeface/extras/ttf/Inter-Thin.ttf	0	Inter Thin	Regular	Inter Thin	Inter-Thin	Inter	Thin	Version 4.000;git-a52131595	4.000	100	5	0		2926	0	0		1	334	105	248	dlig,calt,smcp,c2sc,tnum,pnum,salt,frac,sups,subs,zero,case,ordn,aalt,locl,numr,dnom,ccmp,ss01,ss02,ss03,ss04,ss05,ss06,ss07,ss08,cv01,cv02,cv03	kern,mark,mkmk	ttf	glyf	403404	no	Rasmus Andersson	rsms	RSMS	http://scripts.sil.org/OFL	
/Users/bardiasamiee/Library/CloudStorage/GoogleDrive-b.samiee@mzn-group.com/My Drive/03.Digital Asset Database/01.Fonts/02.Free Fonts/Inter Font Typeface/extras/ttf/Inter-ThinItalic.ttf	0	Inter Thin	Italic	Inter Thin Italic	Inter-ThinItalic	Inter	Thin Italic	Version 4.000;git-a52131595	4.000	100	5	1		2889	0	0		1	334	105	248	dlig,calt,smcp,c2sc,tnum,pnum,salt,frac,sups,subs,zero,case,ordn,aalt,locl,numr,dnom,ccmp,ss01,ss02,ss03,ss04,ss05,ss06,ss07,ss08,cv01,cv02,cv03	kern,mark,mkmk	ttf	glyf	410232	no	Rasmus Andersson	rsms	RSMS	http://scripts.sil.org/OFL	
/Users/bardiasamiee/Library/CloudStorage/GoogleDrive-b.samiee@mzn-group.com/My Drive/03.Digital Asset Database/01.Fonts/02.Free Fonts/Inter Font Typeface/extras/ttf/InterDisplay-Black.ttf	0	Inter Display Black	Regular	Inter Display Black	InterDisplay-Black	Inter Display	Black	Version 4.000;git-a52131595	4.000	900	5	0		2926	0	0		1	334	105	248	dlig,calt,smcp,c2sc,tnum,pnum,salt,frac,sups,subs,zero,case,ordn,aalt,locl,numr,dnom,ccmp,ss01,ss02,ss03,ss04,ss05,ss06,ss07,ss08,cv01,cv02,cv03	kern,mark,mkmk	ttf	glyf	411280	no	Rasmus Andersson	rsms	RSMS	http://scripts.sil.org/OFL	
/Users/bardiasamiee/Library/CloudStorage/GoogleDrive-b.samiee@mzn-group.com/My Drive/03.Digital Asset Database/01.Fonts/02.Free Fonts/Inter Font Typeface/extras/ttf/InterDisplay-BlackItalic.ttf	0	Inter Display Black	Italic	Inter Display Black Italic	InterDisplay-BlackItalic	Inter Display	Black Italic	Version 4.000;git-a52131595	4.000	900	5	1		2889	0	0		1	334	105	248	dlig,calt,smcp,c2sc,tnum,pnum,salt,frac,sups,subs,zero,case,ordn,aalt,locl,numr,dnom,ccmp,ss01,ss02,ss03,ss04,ss05,ss06,ss07,ss08,cv01,cv02,cv03	kern,mark,mkmk	ttf	glyf	419004	no	Rasmus Andersson	rsms	RSMS	http://scripts.sil.org/OFL	
/Users/bardiasamiee/Library/CloudStorage/GoogleDrive-b.samiee@mzn-group.com/My Drive/03.Digital Asset Database/01.Fonts/02.Free Fonts/Inter Font Typeface/extras/ttf/InterDisplay-Bold.ttf	0	Inter Display	Bold	Inter Display Bold	InterDisplay-Bold			Version 4.000;git-a52131595	4.000	700	5	0		2926	0	0		1	334	105	248	dlig,calt,smcp,c2sc,tnum,pnum,salt,frac,sups,subs,zero,case,ordn,aalt,locl,numr,dnom,ccmp,ss01,ss02,ss03,ss04,ss05,ss06,ss07,ss08,cv01,cv02,cv03	kern,mark,mkmk	ttf	glyf	412808	no	Rasmus Andersson	rsms	RSMS	http://scripts.sil.org/OFL	
/Users/bardiasamiee/Library/CloudStorage/GoogleDrive-b.samiee@mzn-group.com/My Drive/03.Digital Asset Database/01.Fonts/02.Free Fonts/Inter Font Typeface/extras/ttf/InterDisplay-BoldItalic.ttf	0	Inter Display	Bold Italic	Inter Display Bold Italic	InterDisplay-BoldItalic			Version 4.000;git-a52131595	4.000	700	5	1		2889	0	0		1	334	105	248	dlig,calt,smcp,c2sc,tnum,pnum,salt,frac,sups,subs,zero,case,ordn,aalt,locl,numr,dnom,ccmp,ss01,ss02,ss03,ss04,ss05,ss06,ss07,ss08,cv01,cv02,cv03	kern,mark,mkmk	ttf	glyf	418268	no	Rasmus Andersson	rsms	RSMS	http://scripts.sil.org/OFL	
/Users/bardiasamiee/Library/CloudStorage/GoogleDrive-b.samiee@mzn-group.com/My Drive/03.Digital Asset Database/01.Fonts/02.Free Fonts/Inter Font Typeface/extras/ttf/InterDisplay-ExtraBold.ttf	0	Inter Display ExtraBold	Regular	Inter Display ExtraBold	InterDisplay-ExtraBold	Inter Display	ExtraBold	Version 4.000;git-a52131595	4.000	800	5	0		2926	0	0		1	334	105	248	dlig,calt,smcp,c2sc,tnum,pnum,salt,frac,sups,subs,zero,case,ordn,aalt,locl,numr,dnom,ccmp,ss01,ss02,ss03,ss04,ss05,ss06,ss07,ss08,cv01,cv02,cv03	kern,mark,mkmk	ttf	glyf	413364	no	Rasmus Andersson	rsms	RSMS	http://scripts.sil.org/OFL	
/Users/bardiasamiee/Library/CloudStorage/GoogleDrive-b.samiee@mzn-group.com/My Drive/03.Digital Asset Database/01.Fonts/02.Free Fonts/Inter Font Typeface/extras/ttf/InterDisplay-ExtraBoldItalic.ttf	0	Inter Display ExtraBold	Italic	Inter Display ExtraBold Italic	InterDisplay-ExtraBoldItalic	Inter Display	ExtraBold Italic	Version 4.000;git-a52131595	4.000	800	5	1		2889	0	0		1	334	105	248	dlig,calt,smcp,c2sc,tnum,pnum,salt,frac,sups,subs,zero,case,ordn,aalt,locl,numr,dnom,ccmp,ss01,ss02,ss03,ss04,ss05,ss06,ss07,ss08,cv01,cv02,cv03	kern,mark,mkmk	ttf	glyf	420616	no	Rasmus Andersson	rsms	RSMS	http://scripts.sil.org/OFL	
/Users/bardiasamiee/Library/CloudStorage/GoogleDrive-b.samiee@mzn-group.com/My Drive/03.Digital Asset Database/01.Fonts/02.Free Fonts/Inter Font Typeface/extras/ttf/InterDisplay-ExtraLight.ttf	0	Inter Display ExtraLight	Regular	Inter Display ExtraLight	InterDisplay-ExtraLight	Inter Display	ExtraLight	Version 4.000;git-a52131595	4.000	200	5	0		2926	0	0		1	334	105	248	dlig,calt,smcp,c2sc,tnum,pnum,salt,frac,sups,subs,zero,case,ordn,aalt,locl,numr,dnom,ccmp,ss01,ss02,ss03,ss04,ss05,ss06,ss07,ss08,cv01,cv02,cv03	kern,mark,mkmk	ttf	glyf	401652	no	Rasmus Andersson	rsms	RSMS	http://scripts.sil.org/OFL	
/Users/bardiasamiee/Library/CloudStorage/GoogleDrive-b.samiee@mzn-group.com/My Drive/03.Digital Asset Database/01.Fonts/02.Free Fonts/Inter Font Typeface/extras/ttf/InterDisplay-ExtraLightItalic.ttf	0	Inter Display ExtraLight	Italic	Inter Display ExtraLight Italic	InterDisplay-ExtraLightItalic	Inter Display	ExtraLight Italic	Version 4.000;git-a52131595	4.000	200	5	1		2889	0	0		1	334	105	248	dlig,calt,smcp,c2sc,tnum,pnum,salt,frac,sups,subs,zero,case,ordn,aalt,locl,numr,dnom,ccmp,ss01,ss02,ss03,ss04,ss05,ss06,ss07,ss08,cv01,cv02,cv03	kern,mark,mkmk	ttf	glyf	407988	no	Rasmus Andersson	rsms	RSMS	http://scripts.sil.org/OFL	
/Users/bardiasamiee/Library/CloudStorage/GoogleDrive-b.samiee@mzn-group.com/My Drive/03.Digital Asset Database/01.Fonts/02.Free Fonts/Inter Font Typeface/extras/ttf/InterDisplay-Italic.ttf	0	Inter Display	Italic	Inter Display Italic	InterDisplay-Italic			Version 4.000;git-a52131595	4.000	400	5	1		2889	0	0		1	334	105	248	dlig,calt,smcp,c2sc,tnum,pnum,salt,frac,sups,subs,zero,case,ordn,aalt,locl,numr,dnom,ccmp,ss01,ss02,ss03,ss04,ss05,ss06,ss07,ss08,cv01,cv02,cv03	kern,mark,mkmk	ttf	glyf	409396	no	Rasmus Andersson	rsms	RSMS	http://scripts.sil.org/OFL	
/Users/bardiasamiee/Library/CloudStorage/GoogleDrive-b.samiee@mzn-group.com/My Drive/03.Digital Asset Database/01.Fonts/02.Free Fonts/Inter Font Typeface/extras/ttf/InterDisplay-Light.ttf	0	Inter Display Light	Regular	Inter Display Light	InterDisplay-Light	Inter Display	Light	Version 4.000;git-a52131595	4.000	300	5	0		2926	0	0		1	334	105	248	dlig,calt,smcp,c2sc,tnum,pnum,salt,frac,sups,subs,zero,case,ordn,aalt,locl,numr,dnom,ccmp,ss01,ss02,ss03,ss04,ss05,ss06,ss07,ss08,cv01,cv02,cv03	kern,mark,mkmk	ttf	glyf	407588	no	Rasmus Andersson	rsms	RSMS	http://scripts.sil.org/OFL	
/Users/bardiasamiee/Library/CloudStorage/GoogleDrive-b.samiee@mzn-group.com/My Drive/03.Digital Asset Database/01.Fonts/02.Free Fonts/Inter Font Typeface/extras/ttf/InterDisplay-LightItalic.ttf	0	Inter Display Light	Italic	Inter Display Light Italic	InterDisplay-LightItalic	Inter Display	Light Italic	Version 4.000;git-a52131595	4.000	300	5	1		2889	0	0		1	334	105	248	dlig,calt,smcp,c2sc,tnum,pnum,salt,frac,sups,subs,zero,case,ordn,aalt,locl,numr,dnom,ccmp,ss01,ss02,ss03,ss04,ss05,ss06,ss07,ss08,cv01,cv02,cv03	kern,mark,mkmk	ttf	glyf	412912	no	Rasmus Andersson	rsms	RSMS	http://scripts.sil.org/OFL	
/Users/bardiasamiee/Library/CloudStorage/GoogleDrive-b.samiee@mzn-group.com/My Drive/03.Digital Asset Database/01.Fonts/02.Free Fonts/Inter Font Typeface/extras/ttf/InterDisplay-Medium.ttf	0	Inter Display Medium	Regular	Inter Display Medium	InterDisplay-Medium	Inter Display	Medium	Version 4.000;git-a52131595	4.000	500	5	0		2926	0	0		1	334	105	248	dlig,calt,smcp,c2sc,tnum,pnum,salt,frac,sups,subs,zero,case,ordn,aalt,locl,numr,dnom,ccmp,ss01,ss02,ss03,ss04,ss05,ss06,ss07,ss08,cv01,cv02,cv03	kern,mark,mkmk	ttf	glyf	410472	no	Rasmus Andersson	rsms	RSMS	http://scripts.sil.org/OFL	
/Users/bardiasamiee/Library/CloudStorage/GoogleDrive-b.samiee@mzn-group.com/My Drive/03.Digital Asset Database/01.Fonts/02.Free Fonts/Inter Font Typeface/extras/ttf/InterDisplay-MediumItalic.ttf	0	Inter Display Medium	Italic	Inter Display Medium Italic	InterDisplay-MediumItalic	Inter Display	Medium Italic	Version 4.000;git-a52131595	4.000	500	5	1		2889	0	0		1	334	105	248	dlig,calt,smcp,c2sc,tnum,pnum,salt,frac,sups,subs,zero,case,ordn,aalt,locl,numr,dnom,ccmp,ss01,ss02,ss03,ss04,ss05,ss06,ss07,ss08,cv01,cv02,cv03	kern,mark,mkmk	ttf	glyf	416160	no	Rasmus Andersson	rsms	RSMS	http://scripts.sil.org/OFL	
/Users/bardiasamiee/Library/CloudStorage/GoogleDrive-b.samiee@mzn-group.com/My Drive/03.Digital Asset Database/01.Fonts/02.Free Fonts/Inter Font Typeface/extras/ttf/InterDisplay-Regular.ttf	0	Inter Display	Regular	Inter Display Regular	InterDisplay-Regular			Version 4.000;git-a52131595	4.000	400	5	0		2926	0	0		1	334	105	248	dlig,calt,smcp,c2sc,tnum,pnum,salt,frac,sups,subs,zero,case,ordn,aalt,locl,numr,dnom,ccmp,ss01,ss02,ss03,ss04,ss05,ss06,ss07,ss08,cv01,cv02,cv03	kern,mark,mkmk	ttf	glyf	403396	no	Rasmus Andersson	rsms	RSMS	http://scripts.sil.org/OFL	
/Users/bardiasamiee/Library/CloudStorage/GoogleDrive-b.samiee@mzn-group.com/My Drive/03.Digital Asset Database/01.Fonts/02.Free Fonts/Inter Font Typeface/extras/ttf/InterDisplay-SemiBold.ttf	0	Inter Display SemiBold	Regular	Inter Display SemiBold	InterDisplay-SemiBold	Inter Display	SemiBold	Version 4.000;git-a52131595	4.000	600	5	0		2926	0	0		1	334	105	248	dlig,calt,smcp,c2sc,tnum,pnum,salt,frac,sups,subs,zero,case,ordn,aalt,locl,numr,dnom,ccmp,ss01,ss02,ss03,ss04,ss05,ss06,ss07,ss08,cv01,cv02,cv03	kern,mark,mkmk	ttf	glyf	412228	no	Rasmus Andersson	rsms	RSMS	http://scripts.sil.org/OFL	
/Users/bardiasamiee/Library/CloudStorage/GoogleDrive-b.samiee@mzn-group.com/My Drive/03.Digital Asset Database/01.Fonts/02.Free Fonts/Inter Font Typeface/extras/ttf/InterDisplay-SemiBoldItalic.ttf	0	Inter Display SemiBold	Italic	Inter Display SemiBold Italic	InterDisplay-SemiBoldItalic	Inter Display	SemiBold Italic	Version 4.000;git-a52131595	4.000	600	5	1		2889	0	0		1	334	105	248	dlig,calt,smcp,c2sc,tnum,pnum,salt,frac,sups,subs,zero,case,ordn,aalt,locl,numr,dnom,ccmp,ss01,ss02,ss03,ss04,ss05,ss06,ss07,ss08,cv01,cv02,cv03	kern,mark,mkmk	ttf	glyf	418300	no	Rasmus Andersson	rsms	RSMS	http://scripts.sil.org/OFL	
/Users/bardiasamiee/Library/CloudStorage/GoogleDrive-b.samiee@mzn-group.com/My Drive/03.Digital Asset Database/01.Fonts/02.Free Fonts/Inter Font Typeface/extras/ttf/InterDisplay-Thin.ttf	0	Inter Display Thin	Regular	Inter Display Thin	InterDisplay-Thin	Inter Display	Thin	Version 4.000;git-a52131595	4.000	100	5	0		2926	0	0		1	334	105	248	dlig,calt,smcp,c2sc,tnum,pnum,salt,frac,sups,subs,zero,case,ordn,aalt,locl,numr,dnom,ccmp,ss01,ss02,ss03,ss04,ss05,ss06,ss07,ss08,cv01,cv02,cv03	kern,mark,mkmk	ttf	glyf	398000	no	Rasmus Andersson	rsms	RSMS	http://scripts.sil.org/OFL	
/Users/bardiasamiee/Library/CloudStorage/GoogleDrive-b.samiee@mzn-group.com/My Drive/03.Digital Asset Database/01.Fonts/02.Free Fonts/Inter Font Typeface/extras/ttf/InterDisplay-ThinItalic.ttf	0	Inter Display Thin	Italic	Inter Display Thin Italic	InterDisplay-ThinItalic	Inter Display	Thin Italic	Version 4.000;git-a52131595	4.000	100	5	1		2889	0	0		1	334	105	248	dlig,calt,smcp,c2sc,tnum,pnum,salt,frac,sups,subs,zero,case,ordn,aalt,locl,numr,dnom,ccmp,ss01,ss02,ss03,ss04,ss05,ss06,ss07,ss08,cv01,cv02,cv03	kern,mark,mkmk	ttf	glyf	404120	no	Rasmus Andersson	rsms	RSMS	http://scripts.sil.org/OFL	
/Users/bardiasamiee/Library/CloudStorage/GoogleDrive-b.samiee@mzn-group.com/My Drive/03.Digital Asset Database/01.Fonts/02.Free Fonts/Inter Font Typeface/Inter 4.1/extras/otf/Inter-Black.otf	0	Inter Black	Regular	Inter Black	Inter-Black	Inter	Black	Version 4.001;git-9221beed3	4.001	900	5	0		2937	0	0		1	334	105	248	dlig,calt,tnum,pnum,salt,frac,sups,subs,zero,case,ordn,aalt,locl,numr,dnom,ccmp,ss01,ss02,ss03,ss04,ss05,ss06,ss07,ss08,cv01,cv02,cv03	kern,mark,mkmk	otf	CFF	626660	no	Rasmus Andersson	rsms	RSMS	http://scripts.sil.org/OFL	
/Users/bardiasamiee/Library/CloudStorage/GoogleDrive-b.samiee@mzn-group.com/My Drive/03.Digital Asset Database/01.Fonts/02.Free Fonts/Inter Font Typeface/Inter 4.1/extras/otf/Inter-BlackItalic.otf	0	Inter Black	Italic	Inter Black Italic	Inter-BlackItalic	Inter	Black Italic	Version 4.001;git-9221beed3	4.001	900	5	1		2901	0	0		1	334	105	248	dlig,calt,tnum,pnum,salt,frac,sups,subs,zero,case,ordn,aalt,locl,numr,dnom,ccmp,ss01,ss02,ss03,ss04,ss05,ss06,ss07,ss08,cv01,cv02,cv03	kern,mark,mkmk	otf	CFF	598396	no	Rasmus Andersson	rsms	RSMS	http://scripts.sil.org/OFL	
/Users/bardiasamiee/Library/CloudStorage/GoogleDrive-b.samiee@mzn-group.com/My Drive/03.Digital Asset Database/01.Fonts/02.Free Fonts/Inter Font Typeface/Inter 4.1/extras/otf/Inter-Bold.otf	0	Inter	Bold	Inter Bold	Inter-Bold			Version 4.001;git-9221beed3	4.001	700	5	0		2937	0	0		1	334	105	248	dlig,calt,tnum,pnum,salt,frac,sups,subs,zero,case,ordn,aalt,locl,numr,dnom,ccmp,ss01,ss02,ss03,ss04,ss05,ss06,ss07,ss08,cv01,cv02,cv03	kern,mark,mkmk	otf	CFF	631880	no	Rasmus Andersson	rsms	RSMS	http://scripts.sil.org/OFL	
/Users/bardiasamiee/Library/CloudStorage/GoogleDrive-b.samiee@mzn-group.com/My Drive/03.Digital Asset Database/01.Fonts/02.Free Fonts/Inter Font Typeface/Inter 4.1/extras/otf/Inter-BoldItalic.otf	0	Inter	Bold Italic	Inter Bold Italic	Inter-BoldItalic			Version 4.001;git-9221beed3	4.001	700	5	1		2901	0	0		1	334	105	248	dlig,calt,tnum,pnum,salt,frac,sups,subs,zero,case,ordn,aalt,locl,numr,dnom,ccmp,ss01,ss02,ss03,ss04,ss05,ss06,ss07,ss08,cv01,cv02,cv03	kern,mark,mkmk	otf	CFF	609372	no	Rasmus Andersson	rsms	RSMS	http://scripts.sil.org/OFL	
/Users/bardiasamiee/Library/CloudStorage/GoogleDrive-b.samiee@mzn-group.com/My Drive/03.Digital Asset Database/01.Fonts/02.Free Fonts/Inter Font Typeface/Inter 4.1/extras/otf/Inter-ExtraBold.otf	0	Inter ExtraBold	Regular	Inter ExtraBold	Inter-ExtraBold	Inter	ExtraBold	Version 4.001;git-9221beed3	4.001	800	5	0		2937	0	0		1	334	105	248	dlig,calt,tnum,pnum,salt,frac,sups,subs,zero,case,ordn,aalt,locl,numr,dnom,ccmp,ss01,ss02,ss03,ss04,ss05,ss06,ss07,ss08,cv01,cv02,cv03	kern,mark,mkmk	otf	CFF	633580	no	Rasmus Andersson	rsms	RSMS	http://scripts.sil.org/OFL	
/Users/bardiasamiee/Library/CloudStorage/GoogleDrive-b.samiee@mzn-group.com/My Drive/03.Digital Asset Database/01.Fonts/02.Free Fonts/Inter Font Typeface/Inter 4.1/extras/otf/Inter-ExtraBoldItalic.otf	0	Inter ExtraBold	Italic	Inter ExtraBold Italic	Inter-ExtraBoldItalic	Inter	ExtraBold Italic	Version 4.001;git-9221beed3	4.001	800	5	1		2901	0	0		1	334	105	248	dlig,calt,tnum,pnum,salt,frac,sups,subs,zero,case,ordn,aalt,locl,numr,dnom,ccmp,ss01,ss02,ss03,ss04,ss05,ss06,ss07,ss08,cv01,cv02,cv03	kern,mark,mkmk	otf	CFF	608668	no	Rasmus Andersson	rsms	RSMS	http://scripts.sil.org/OFL	
/Users/bardiasamiee/Library/CloudStorage/GoogleDrive-b.samiee@mzn-group.com/My Drive/03.Digital Asset Database/01.Fonts/02.Free Fonts/Inter Font Typeface/Inter 4.1/extras/otf/Inter-ExtraLight.otf	0	Inter ExtraLight	Regular	Inter ExtraLight	Inter-ExtraLight	Inter	ExtraLight	Version 4.001;git-9221beed3	4.001	200	5	0		2937	0	0		1	334	105	248	dlig,calt,tnum,pnum,salt,frac,sups,subs,zero,case,ordn,aalt,locl,numr,dnom,ccmp,ss01,ss02,ss03,ss04,ss05,ss06,ss07,ss08,cv01,cv02,cv03	kern,mark,mkmk	otf	CFF	593100	no	Rasmus Andersson	rsms	RSMS	http://scripts.sil.org/OFL	
/Users/bardiasamiee/Library/CloudStorage/GoogleDrive-b.samiee@mzn-group.com/My Drive/03.Digital Asset Database/01.Fonts/02.Free Fonts/Inter Font Typeface/Inter 4.1/extras/otf/Inter-ExtraLightItalic.otf	0	Inter ExtraLight	Italic	Inter ExtraLight Italic	Inter-ExtraLightItalic	Inter	ExtraLight Italic	Version 4.001;git-9221beed3	4.001	200	5	1		2901	0	0		1	334	105	248	dlig,calt,tnum,pnum,salt,frac,sups,subs,zero,case,ordn,aalt,locl,numr,dnom,ccmp,ss01,ss02,ss03,ss04,ss05,ss06,ss07,ss08,cv01,cv02,cv03	kern,mark,mkmk	otf	CFF	582880	no	Rasmus Andersson	rsms	RSMS	http://scripts.sil.org/OFL	
/Users/bardiasamiee/Library/CloudStorage/GoogleDrive-b.samiee@mzn-group.com/My Drive/03.Digital Asset Database/01.Fonts/02.Free Fonts/Inter Font Typeface/Inter 4.1/extras/otf/Inter-Italic.otf	0	Inter	Italic	Inter Italic	Inter-Italic			Version 4.001;git-9221beed3	4.001	400	5	1		2901	0	0		1	334	105	248	dlig,calt,tnum,pnum,salt,frac,sups,subs,zero,case,ordn,aalt,locl,numr,dnom,ccmp,ss01,ss02,ss03,ss04,ss05,ss06,ss07,ss08,cv01,cv02,cv03	kern,mark,mkmk	otf	CFF	589784	no	Rasmus Andersson	rsms	RSMS	http://scripts.sil.org/OFL	
/Users/bardiasamiee/Library/CloudStorage/GoogleDrive-b.samiee@mzn-group.com/My Drive/03.Digital Asset Database/01.Fonts/02.Free Fonts/Inter Font Typeface/Inter 4.1/extras/otf/Inter-Light.otf	0	Inter Light	Regular	Inter Light	Inter-Light	Inter	Light	Version 4.001;git-9221beed3	4.001	300	5	0		2937	0	0		1	334	105	248	dlig,calt,tnum,pnum,salt,frac,sups,subs,zero,case,ordn,aalt,locl,numr,dnom,ccmp,ss01,ss02,ss03,ss04,ss05,ss06,ss07,ss08,cv01,cv02,cv03	kern,mark,mkmk	otf	CFF	612020	no	Rasmus Andersson	rsms	RSMS	http://scripts.sil.org/OFL	
/Users/bardiasamiee/Library/CloudStorage/GoogleDrive-b.samiee@mzn-group.com/My Drive/03.Digital Asset Database/01.Fonts/02.Free Fonts/Inter Font Typeface/Inter 4.1/extras/otf/Inter-LightItalic.otf	0	Inter Light	Italic	Inter Light Italic	Inter-LightItalic	Inter	Light Italic	Version 4.001;git-9221beed3	4.001	300	5	1		2901	0	0		1	334	105	248	dlig,calt,tnum,pnum,salt,frac,sups,subs,zero,case,ordn,aalt,locl,numr,dnom,ccmp,ss01,ss02,ss03,ss04,ss05,ss06,ss07,ss08,cv01,cv02,cv03	kern,mark,mkmk	otf	CFF	592672	no	Rasmus Andersson	rsms	RSMS	http://scripts.sil.org/OFL	
/Users/bardiasamiee/Library/CloudStorage/GoogleDrive-b.samiee@mzn-group.com/My Drive/03.Digital Asset Database/01.Fonts/02.Free Fonts/Inter Font Typeface/Inter 4.1/extras/otf/Inter-Medium.otf	0	Inter Medium	Regular	Inter Medium	Inter-Medium	Inter	Medium	Version 4.001;git-9221beed3	4.001	500	5	0		2937	0	0		1	334	105	248	dlig,calt,tnum,pnum,salt,frac,sups,subs,zero,case,ordn,aalt,locl,numr,dnom,ccmp,ss01,ss02,ss03,ss04,ss05,ss06,ss07,ss08,cv01,cv02,cv03	kern,mark,mkmk	otf	CFF	627988	no	Rasmus Andersson	rsms	RSMS	http://scripts.sil.org/OFL	
/Users/bardiasamiee/Library/CloudStorage/GoogleDrive-b.samiee@mzn-group.com/My Drive/03.Digital Asset Database/01.Fonts/02.Free Fonts/Inter Font Typeface/Inter 4.1/extras/otf/Inter-MediumItalic.otf	0	Inter Medium	Italic	Inter Medium Italic	Inter-MediumItalic	Inter	Medium Italic	Version 4.001;git-9221beed3	4.001	500	5	1		2901	0	0		1	334	105	248	dlig,calt,tnum,pnum,salt,frac,sups,subs,zero,case,ordn,aalt,locl,numr,dnom,ccmp,ss01,ss02,ss03,ss04,ss05,ss06,ss07,ss08,cv01,cv02,cv03	kern,mark,mkmk	otf	CFF	605956	no	Rasmus Andersson	rsms	RSMS	http://scripts.sil.org/OFL	
/Users/bardiasamiee/Library/CloudStorage/GoogleDrive-b.samiee@mzn-group.com/My Drive/03.Digital Asset Database/01.Fonts/02.Free Fonts/Inter Font Typeface/Inter 4.1/extras/otf/Inter-Regular.otf	0	Inter	Regular	Inter Regular	Inter-Regular			Version 4.001;git-9221beed3	4.001	400	5	0		2937	0	0		1	334	105	248	dlig,calt,tnum,pnum,salt,frac,sups,subs,zero,case,ordn,aalt,locl,numr,dnom,ccmp,ss01,ss02,ss03,ss04,ss05,ss06,ss07,ss08,cv01,cv02,cv03	kern,mark,mkmk	otf	CFF	609600	no	Rasmus Andersson	rsms	RSMS	http://scripts.sil.org/OFL	
/Users/bardiasamiee/Library/CloudStorage/GoogleDrive-b.samiee@mzn-group.com/My Drive/03.Digital Asset Database/01.Fonts/02.Free Fonts/Inter Font Typeface/Inter 4.1/extras/otf/Inter-SemiBold.otf	0	Inter SemiBold	Regular	Inter SemiBold	Inter-SemiBold	Inter	SemiBold	Version 4.001;git-9221beed3	4.001	600	5	0		2937	0	0		1	334	105	248	dlig,calt,tnum,pnum,salt,frac,sups,subs,zero,case,ordn,aalt,locl,numr,dnom,ccmp,ss01,ss02,ss03,ss04,ss05,ss06,ss07,ss08,cv01,cv02,cv03	kern,mark,mkmk	otf	CFF	629912	no	Rasmus Andersson	rsms	RSMS	http://scripts.sil.org/OFL	
/Users/bardiasamiee/Library/CloudStorage/GoogleDrive-b.samiee@mzn-group.com/My Drive/03.Digital Asset Database/01.Fonts/02.Free Fonts/Inter Font Typeface/Inter 4.1/extras/otf/Inter-SemiBoldItalic.otf	0	Inter SemiBold	Italic	Inter SemiBold Italic	Inter-SemiBoldItalic	Inter	SemiBold Italic	Version 4.001;git-9221beed3	4.001	600	5	1		2901	0	0		1	334	105	248	dlig,calt,tnum,pnum,salt,frac,sups,subs,zero,case,ordn,aalt,locl,numr,dnom,ccmp,ss01,ss02,ss03,ss04,ss05,ss06,ss07,ss08,cv01,cv02,cv03	kern,mark,mkmk	otf	CFF	608028	no	Rasmus Andersson	rsms	RSMS	http://scripts.sil.org/OFL	
/Users/bardiasamiee/Library/CloudStorage/GoogleDrive-b.samiee@mzn-group.com/My Drive/03.Digital Asset Database/01.Fonts/02.Free Fonts/Inter Font Typeface/Inter 4.1/extras/otf/Inter-Thin.otf	0	Inter Thin	Regular	Inter Thin	Inter-Thin	Inter	Thin	Version 4.001;git-9221beed3	4.001	100	5	0		2937	0	0		1	334	105	248	dlig,calt,tnum,pnum,salt,frac,sups,subs,zero,case,ordn,aalt,locl,numr,dnom,ccmp,ss01,ss02,ss03,ss04,ss05,ss06,ss07,ss08,cv01,cv02,cv03	kern,mark,mkmk	otf	CFF	580244	no	Rasmus Andersson	rsms	RSMS	http://scripts.sil.org/OFL	
/Users/bardiasamiee/Library/CloudStorage/GoogleDrive-b.samiee@mzn-group.com/My Drive/03.Digital Asset Database/01.Fonts/02.Free Fonts/Inter Font Typeface/Inter 4.1/extras/otf/Inter-ThinItalic.otf	0	Inter Thin	Italic	Inter Thin Italic	Inter-ThinItalic	Inter	Thin Italic	Version 4.001;git-9221beed3	4.001	100	5	1		2901	0	0		1	334	105	248	dlig,calt,tnum,pnum,salt,frac,sups,subs,zero,case,ordn,aalt,locl,numr,dnom,ccmp,ss01,ss02,ss03,ss04,ss05,ss06,ss07,ss08,cv01,cv02,cv03	kern,mark,mkmk	otf	CFF	575340	no	Rasmus Andersson	rsms	RSMS	http://scripts.sil.org/OFL	
/Users/bardiasamiee/Library/CloudStorage/GoogleDrive-b.samiee@mzn-group.com/My Drive/03.Digital Asset Database/01.Fonts/02.Free Fonts/Inter Font Typeface/Inter 4.1/extras/otf/InterDisplay-Black.otf	0	Inter Display Black	Regular	Inter Display Black	InterDisplay-Black	Inter Display	Black	Version 4.001;git-9221beed3	4.001	900	5	0		2937	0	0		1	334	105	248	dlig,calt,tnum,pnum,salt,frac,sups,subs,zero,case,ordn,aalt,locl,numr,dnom,ccmp,ss01,ss02,ss03,ss04,ss05,ss06,ss07,ss08,cv01,cv02,cv03	kern,mark,mkmk	otf	CFF	623980	no	Rasmus Andersson	rsms	RSMS	http://scripts.sil.org/OFL	
/Users/bardiasamiee/Library/CloudStorage/GoogleDrive-b.samiee@mzn-group.com/My Drive/03.Digital Asset Database/01.Fonts/02.Free Fonts/Inter Font Typeface/Inter 4.1/extras/otf/InterDisplay-BlackItalic.otf	0	Inter Display Black	Italic	Inter Display Black Italic	InterDisplay-BlackItalic	Inter Display	Black Italic	Version 4.001;git-9221beed3	4.001	900	5	1		2901	0	0		1	334	105	248	dlig,calt,tnum,pnum,salt,frac,sups,subs,zero,case,ordn,aalt,locl,numr,dnom,ccmp,ss01,ss02,ss03,ss04,ss05,ss06,ss07,ss08,cv01,cv02,cv03	kern,mark,mkmk	otf	CFF	596692	no	Rasmus Andersson	rsms	RSMS	http://scripts.sil.org/OFL	
/Users/bardiasamiee/Library/CloudStorage/GoogleDrive-b.samiee@mzn-group.com/My Drive/03.Digital Asset Database/01.Fonts/02.Free Fonts/Inter Font Typeface/Inter 4.1/extras/otf/InterDisplay-Bold.otf	0	Inter Display	Bold	Inter Display Bold	InterDisplay-Bold			Version 4.001;git-9221beed3	4.001	700	5	0		2937	0	0		1	334	105	248	dlig,calt,tnum,pnum,salt,frac,sups,subs,zero,case,ordn,aalt,locl,numr,dnom,ccmp,ss01,ss02,ss03,ss04,ss05,ss06,ss07,ss08,cv01,cv02,cv03	kern,mark,mkmk	otf	CFF	629020	no	Rasmus Andersson	rsms	RSMS	http://scripts.sil.org/OFL	
/Users/bardiasamiee/Library/CloudStorage/GoogleDrive-b.samiee@mzn-group.com/My Drive/03.Digital Asset Database/01.Fonts/02.Free Fonts/Inter Font Typeface/Inter 4.1/extras/otf/InterDisplay-BoldItalic.otf	0	Inter Display	Bold Italic	Inter Display Bold Italic	InterDisplay-BoldItalic			Version 4.001;git-9221beed3	4.001	700	5	1		2901	0	0		1	334	105	248	dlig,calt,tnum,pnum,salt,frac,sups,subs,zero,case,ordn,aalt,locl,numr,dnom,ccmp,ss01,ss02,ss03,ss04,ss05,ss06,ss07,ss08,cv01,cv02,cv03	kern,mark,mkmk	otf	CFF	603476	no	Rasmus Andersson	rsms	RSMS	http://scripts.sil.org/OFL	
/Users/bardiasamiee/Library/CloudStorage/GoogleDrive-b.samiee@mzn-group.com/My Drive/03.Digital Asset Database/01.Fonts/02.Free Fonts/Inter Font Typeface/Inter 4.1/extras/otf/InterDisplay-ExtraBold.otf	0	Inter Display ExtraBold	Regular	Inter Display ExtraBold	InterDisplay-ExtraBold	Inter Display	ExtraBold	Version 4.001;git-9221beed3	4.001	800	5	0		2937	0	0		1	334	105	248	dlig,calt,tnum,pnum,salt,frac,sups,subs,zero,case,ordn,aalt,locl,numr,dnom,ccmp,ss01,ss02,ss03,ss04,ss05,ss06,ss07,ss08,cv01,cv02,cv03	kern,mark,mkmk	otf	CFF	629712	no	Rasmus Andersson	rsms	RSMS	http://scripts.sil.org/OFL	
/Users/bardiasamiee/Library/CloudStorage/GoogleDrive-b.samiee@mzn-group.com/My Drive/03.Digital Asset Database/01.Fonts/02.Free Fonts/Inter Font Typeface/Inter 4.1/extras/otf/InterDisplay-ExtraBoldItalic.otf	0	Inter Display ExtraBold	Italic	Inter Display ExtraBold Italic	InterDisplay-ExtraBoldItalic	Inter Display	ExtraBold Italic	Version 4.001;git-9221beed3	4.001	800	5	1		2901	0	0		1	334	105	248	dlig,calt,tnum,pnum,salt,frac,sups,subs,zero,case,ordn,aalt,locl,numr,dnom,ccmp,ss01,ss02,ss03,ss04,ss05,ss06,ss07,ss08,cv01,cv02,cv03	kern,mark,mkmk	otf	CFF	605612	no	Rasmus Andersson	rsms	RSMS	http://scripts.sil.org/OFL	
/Users/bardiasamiee/Library/CloudStorage/GoogleDrive-b.samiee@mzn-group.com/My Drive/03.Digital Asset Database/01.Fonts/02.Free Fonts/Inter Font Typeface/Inter 4.1/extras/otf/InterDisplay-ExtraLight.otf	0	Inter Display ExtraLight	Regular	Inter Display ExtraLight	InterDisplay-ExtraLight	Inter Display	ExtraLight	Version 4.001;git-9221beed3	4.001	200	5	0		2937	0	0		1	334	105	248	dlig,calt,tnum,pnum,salt,frac,sups,subs,zero,case,ordn,aalt,locl,numr,dnom,ccmp,ss01,ss02,ss03,ss04,ss05,ss06,ss07,ss08,cv01,cv02,cv03	kern,mark,mkmk	otf	CFF	588108	no	Rasmus Andersson	rsms	RSMS	http://scripts.sil.org/OFL	
/Users/bardiasamiee/Library/CloudStorage/GoogleDrive-b.samiee@mzn-group.com/My Drive/03.Digital Asset Database/01.Fonts/02.Free Fonts/Inter Font Typeface/Inter 4.1/extras/otf/InterDisplay-ExtraLightItalic.otf	0	Inter Display ExtraLight	Italic	Inter Display ExtraLight Italic	InterDisplay-ExtraLightItalic	Inter Display	ExtraLight Italic	Version 4.001;git-9221beed3	4.001	200	5	1		2901	0	0		1	334	105	248	dlig,calt,tnum,pnum,salt,frac,sups,subs,zero,case,ordn,aalt,locl,numr,dnom,ccmp,ss01,ss02,ss03,ss04,ss05,ss06,ss07,ss08,cv01,cv02,cv03	kern,mark,mkmk	otf	CFF	579136	no	Rasmus Andersson	rsms	RSMS	http://scripts.sil.org/OFL	
/Users/bardiasamiee/Library/CloudStorage/GoogleDrive-b.samiee@mzn-group.com/My Drive/03.Digital Asset Database/01.Fonts/02.Free Fonts/Inter Font Typeface/Inter 4.1/extras/otf/InterDisplay-Italic.otf	0	Inter Display	Italic	Inter Display Italic	InterDisplay-Italic			Version 4.001;git-9221beed3	4.001	400	5	1		2901	0	0		1	334	105	248	dlig,calt,tnum,pnum,salt,frac,sups,subs,zero,case,ordn,aalt,locl,numr,dnom,ccmp,ss01,ss02,ss03,ss04,ss05,ss06,ss07,ss08,cv01,cv02,cv03	kern,mark,mkmk	otf	CFF	587700	no	Rasmus Andersson	rsms	RSMS	http://scripts.sil.org/OFL	
/Users/bardiasamiee/Library/CloudStorage/GoogleDrive-b.samiee@mzn-group.com/My Drive/03.Digital Asset Database/01.Fonts/02.Free Fonts/Inter Font Typeface/Inter 4.1/extras/otf/InterDisplay-Light.otf	0	Inter Display Light	Regular	Inter Display Light	InterDisplay-Light	Inter Display	Light	Version 4.001;git-9221beed3	4.001	300	5	0		2937	0	0		1	334	105	248	dlig,calt,tnum,pnum,salt,frac,sups,subs,zero,case,ordn,aalt,locl,numr,dnom,ccmp,ss01,ss02,ss03,ss04,ss05,ss06,ss07,ss08,cv01,cv02,cv03	kern,mark,mkmk	otf	CFF	606920	no	Rasmus Andersson	rsms	RSMS	http://scripts.sil.org/OFL	
/Users/bardiasamiee/Library/CloudStorage/GoogleDrive-b.samiee@mzn-group.com/My Drive/03.Digital Asset Database/01.Fonts/02.Free Fonts/Inter Font Typeface/Inter 4.1/extras/otf/InterDisplay-LightItalic.otf	0	Inter Display Light	Italic	Inter Display Light Italic	InterDisplay-LightItalic	Inter Display	Light Italic	Version 4.001;git-9221beed3	4.001	300	5	1		2901	0	0		1	334	105	248	dlig,calt,tnum,pnum,salt,frac,sups,subs,zero,case,ordn,aalt,locl,numr,dnom,ccmp,ss01,ss02,ss03,ss04,ss05,ss06,ss07,ss08,cv01,cv02,cv03	kern,mark,mkmk	otf	CFF	590688	no	Rasmus Andersson	rsms	RSMS	http://scripts.sil.org/OFL	
/Users/bardiasamiee/Library/CloudStorage/GoogleDrive-b.samiee@mzn-group.com/My Drive/03.Digital Asset Database/01.Fonts/02.Free Fonts/Inter Font Typeface/Inter 4.1/extras/otf/InterDisplay-Medium.otf	0	Inter Display Medium	Regular	Inter Display Medium	InterDisplay-Medium	Inter Display	Medium	Version 4.001;git-9221beed3	4.001	500	5	0		2937	0	0		1	334	105	248	dlig,calt,tnum,pnum,salt,frac,sups,subs,zero,case,ordn,aalt,locl,numr,dnom,ccmp,ss01,ss02,ss03,ss04,ss05,ss06,ss07,ss08,cv01,cv02,cv03	kern,mark,mkmk	otf	CFF	623380	no	Rasmus Andersson	rsms	RSMS	http://scripts.sil.org/OFL	
/Users/bardiasamiee/Library/CloudStorage/GoogleDrive-b.samiee@mzn-group.com/My Drive/03.Digital Asset Database/01.Fonts/02.Free Fonts/Inter Font Typeface/Inter 4.1/extras/otf/InterDisplay-MediumItalic.otf	0	Inter Display Medium	Italic	Inter Display Medium Italic	InterDisplay-MediumItalic	Inter Display	Medium Italic	Version 4.001;git-9221beed3	4.001	500	5	1		2901	0	0		1	334	105	248	dlig,calt,tnum,pnum,salt,frac,sups,subs,zero,case,ordn,aalt,locl,numr,dnom,ccmp,ss01,ss02,ss03,ss04,ss05,ss06,ss07,ss08,cv01,cv02,cv03	kern,mark,mkmk	otf	CFF	599904	no	Rasmus Andersson	rsms	RSMS	http://scripts.sil.org/OFL	
/Users/bardiasamiee/Library/CloudStorage/GoogleDrive-b.samiee@mzn-group.com/My Drive/03.Digital Asset Database/01.Fonts/02.Free Fonts/Inter Font Typeface/Inter 4.1/extras/otf/InterDisplay-Regular.otf	0	Inter Display	Regular	Inter Display Regular	InterDisplay-Regular			Version 4.001;git-9221beed3	4.001	400	5	0		2937	0	0		1	334	105	248	dlig,calt,tnum,pnum,salt,frac,sups,subs,zero,case,ordn,aalt,locl,numr,dnom,ccmp,ss01,ss02,ss03,ss04,ss05,ss06,ss07,ss08,cv01,cv02,cv03	kern,mark,mkmk	otf	CFF	608160	no	Rasmus Andersson	rsms	RSMS	http://scripts.sil.org/OFL	
/Users/bardiasamiee/Library/CloudStorage/GoogleDrive-b.samiee@mzn-group.com/My Drive/03.Digital Asset Database/01.Fonts/02.Free Fonts/Inter Font Typeface/Inter 4.1/extras/otf/InterDisplay-SemiBold.otf	0	Inter Display SemiBold	Regular	Inter Display SemiBold	InterDisplay-SemiBold	Inter Display	SemiBold	Version 4.001;git-9221beed3	4.001	600	5	0		2937	0	0		1	334	105	248	dlig,calt,tnum,pnum,salt,frac,sups,subs,zero,case,ordn,aalt,locl,numr,dnom,ccmp,ss01,ss02,ss03,ss04,ss05,ss06,ss07,ss08,cv01,cv02,cv03	kern,mark,mkmk	otf	CFF	625296	no	Rasmus Andersson	rsms	RSMS	http://scripts.sil.org/OFL	
/Users/bardiasamiee/Library/CloudStorage/GoogleDrive-b.samiee@mzn-group.com/My Drive/03.Digital Asset Database/01.Fonts/02.Free Fonts/Inter Font Typeface/Inter 4.1/extras/otf/InterDisplay-SemiBoldItalic.otf	0	Inter Display SemiBold	Italic	Inter Display SemiBold Italic	InterDisplay-SemiBoldItalic	Inter Display	SemiBold Italic	Version 4.001;git-9221beed3	4.001	600	5	1		2901	0	0		1	334	105	248	dlig,calt,tnum,pnum,salt,frac,sups,subs,zero,case,ordn,aalt,locl,numr,dnom,ccmp,ss01,ss02,ss03,ss04,ss05,ss06,ss07,ss08,cv01,cv02,cv03	kern,mark,mkmk	otf	CFF	601772	no	Rasmus Andersson	rsms	RSMS	http://scripts.sil.org/OFL	
/Users/bardiasamiee/Library/CloudStorage/GoogleDrive-b.samiee@mzn-group.com/My Drive/03.Digital Asset Database/01.Fonts/02.Free Fonts/Inter Font Typeface/Inter 4.1/extras/otf/InterDisplay-Thin.otf	0	Inter Display Thin	Regular	Inter Display Thin	InterDisplay-Thin	Inter Display	Thin	Version 4.001;git-9221beed3	4.001	100	5	0		2937	0	0		1	334	105	248	dlig,calt,tnum,pnum,salt,frac,sups,subs,zero,case,ordn,aalt,locl,numr,dnom,ccmp,ss01,ss02,ss03,ss04,ss05,ss06,ss07,ss08,cv01,cv02,cv03	kern,mark,mkmk	otf	CFF	575268	no	Rasmus Andersson	rsms	RSMS	http://scripts.sil.org/OFL	
/Users/bardiasamiee/Library/CloudStorage/GoogleDrive-b.samiee@mzn-group.com/My Drive/03.Digital Asset Database/01.Fonts/02.Free Fonts/Inter Font Typeface/Inter 4.1/extras/otf/InterDisplay-ThinItalic.otf	0	Inter Display Thin	Italic	Inter Display Thin Italic	InterDisplay-ThinItalic	Inter Display	Thin Italic	Version 4.001;git-9221beed3	4.001	100	5	1		2901	0	0		1	334	105	248	dlig,calt,tnum,pnum,salt,frac,sups,subs,zero,case,ordn,aalt,locl,numr,dnom,ccmp,ss01,ss02,ss03,ss04,ss05,ss06,ss07,ss08,cv01,cv02,cv03	kern,mark,mkmk	otf	CFF	570776	no	Rasmus Andersson	rsms	RSMS	http://scripts.sil.org/OFL	
/Users/bardiasamiee/Library/CloudStorage/GoogleDrive-b.samiee@mzn-group.com/My Drive/03.Digital Asset Database/01.Fonts/02.Free Fonts/Inter Font Typeface/Inter 4.1/extras/ttf/Inter-Black.ttf	0	Inter Black	Regular	Inter Black	Inter-Black	Inter	Black	Version 4.001;git-9221beed3	4.001	900	5	0		2937	0	0		1	334	105	248	dlig,calt,tnum,pnum,salt,frac,sups,subs,zero,case,ordn,aalt,locl,numr,dnom,ccmp,ss01,ss02,ss03,ss04,ss05,ss06,ss07,ss08,cv01,cv02,cv03	kern,mark,mkmk	ttf	glyf	419968	no	Rasmus Andersson	rsms	RSMS	http://scripts.sil.org/OFL	
/Users/bardiasamiee/Library/CloudStorage/GoogleDrive-b.samiee@mzn-group.com/My Drive/03.Digital Asset Database/01.Fonts/02.Free Fonts/Inter Font Typeface/Inter 4.1/extras/ttf/Inter-BlackItalic.ttf	0	Inter Black	Italic	Inter Black Italic	Inter-BlackItalic	Inter	Black Italic	Version 4.001;git-9221beed3	4.001	900	5	1		2901	0	0		1	334	105	248	dlig,calt,tnum,pnum,salt,frac,sups,subs,zero,case,ordn,aalt,locl,numr,dnom,ccmp,ss01,ss02,ss03,ss04,ss05,ss06,ss07,ss08,cv01,cv02,cv03	kern,mark,mkmk	ttf	glyf	428036	no	Rasmus Andersson	rsms	RSMS	http://scripts.sil.org/OFL	
/Users/bardiasamiee/Library/CloudStorage/GoogleDrive-b.samiee@mzn-group.com/My Drive/03.Digital Asset Database/01.Fonts/02.Free Fonts/Inter Font Typeface/Inter 4.1/extras/ttf/Inter-Bold.ttf	0	Inter	Bold	Inter Bold	Inter-Bold			Version 4.001;git-9221beed3	4.001	700	5	0		2937	0	0		1	334	105	248	dlig,calt,tnum,pnum,salt,frac,sups,subs,zero,case,ordn,aalt,locl,numr,dnom,ccmp,ss01,ss02,ss03,ss04,ss05,ss06,ss07,ss08,cv01,cv02,cv03	kern,mark,mkmk	ttf	glyf	420428	no	Rasmus Andersson	rsms	RSMS	http://scripts.sil.org/OFL	
/Users/bardiasamiee/Library/CloudStorage/GoogleDrive-b.samiee@mzn-group.com/My Drive/03.Digital Asset Database/01.Fonts/02.Free Fonts/Inter Font Typeface/Inter 4.1/extras/ttf/Inter-BoldItalic.ttf	0	Inter	Bold Italic	Inter Bold Italic	Inter-BoldItalic			Version 4.001;git-9221beed3	4.001	700	5	1		2901	0	0		1	334	105	248	dlig,calt,tnum,pnum,salt,frac,sups,subs,zero,case,ordn,aalt,locl,numr,dnom,ccmp,ss01,ss02,ss03,ss04,ss05,ss06,ss07,ss08,cv01,cv02,cv03	kern,mark,mkmk	ttf	glyf	425296	no	Rasmus Andersson	rsms	RSMS	http://scripts.sil.org/OFL	
/Users/bardiasamiee/Library/CloudStorage/GoogleDrive-b.samiee@mzn-group.com/My Drive/03.Digital Asset Database/01.Fonts/02.Free Fonts/Inter Font Typeface/Inter 4.1/extras/ttf/Inter-ExtraBold.ttf	0	Inter ExtraBold	Regular	Inter ExtraBold	Inter-ExtraBold	Inter	ExtraBold	Version 4.001;git-9221beed3	4.001	800	5	0		2937	0	0		1	334	105	248	dlig,calt,tnum,pnum,salt,frac,sups,subs,zero,case,ordn,aalt,locl,numr,dnom,ccmp,ss01,ss02,ss03,ss04,ss05,ss06,ss07,ss08,cv01,cv02,cv03	kern,mark,mkmk	ttf	glyf	421796	no	Rasmus Andersson	rsms	RSMS	http://scripts.sil.org/OFL	
/Users/bardiasamiee/Library/CloudStorage/GoogleDrive-b.samiee@mzn-group.com/My Drive/03.Digital Asset Database/01.Fonts/02.Free Fonts/Inter Font Typeface/Inter 4.1/extras/ttf/Inter-ExtraBoldItalic.ttf	0	Inter ExtraBold	Italic	Inter ExtraBold Italic	Inter-ExtraBoldItalic	Inter	ExtraBold Italic	Version 4.001;git-9221beed3	4.001	800	5	1		2901	0	0		1	334	105	248	dlig,calt,tnum,pnum,salt,frac,sups,subs,zero,case,ordn,aalt,locl,numr,dnom,ccmp,ss01,ss02,ss03,ss04,ss05,ss06,ss07,ss08,cv01,cv02,cv03	kern,mark,mkmk	ttf	glyf	428284	no	Rasmus Andersson	rsms	RSMS	http://scripts.sil.org/OFL	
/Users/bardiasamiee/Library/CloudStorage/GoogleDrive-b.samiee@mzn-group.com/My Drive/03.Digital Asset Database/01.Fonts/02.Free Fonts/Inter Font Typeface/Inter 4.1/extras/ttf/Inter-ExtraLight.ttf	0	Inter ExtraLight	Regular	Inter ExtraLight	Inter-ExtraLight	Inter	ExtraLight	Version 4.001;git-9221beed3	4.001	200	5	0		2937	0	0		1	334	105	248	dlig,calt,tnum,pnum,salt,frac,sups,subs,zero,case,ordn,aalt,locl,numr,dnom,ccmp,ss01,ss02,ss03,ss04,ss05,ss06,ss07,ss08,cv01,cv02,cv03	kern,mark,mkmk	ttf	glyf	414676	no	Rasmus Andersson	rsms	RSMS	http://scripts.sil.org/OFL	
/Users/bardiasamiee/Library/CloudStorage/GoogleDrive-b.samiee@mzn-group.com/My Drive/03.Digital Asset Database/01.Fonts/02.Free Fonts/Inter Font Typeface/Inter 4.1/extras/ttf/Inter-ExtraLightItalic.ttf	0	Inter ExtraLight	Italic	Inter ExtraLight Italic	Inter-ExtraLightItalic	Inter	ExtraLight Italic	Version 4.001;git-9221beed3	4.001	200	5	1		2901	0	0		1	334	105	248	dlig,calt,tnum,pnum,salt,frac,sups,subs,zero,case,ordn,aalt,locl,numr,dnom,ccmp,ss01,ss02,ss03,ss04,ss05,ss06,ss07,ss08,cv01,cv02,cv03	kern,mark,mkmk	ttf	glyf	420260	no	Rasmus Andersson	rsms	RSMS	http://scripts.sil.org/OFL	
/Users/bardiasamiee/Library/CloudStorage/GoogleDrive-b.samiee@mzn-group.com/My Drive/03.Digital Asset Database/01.Fonts/02.Free Fonts/Inter Font Typeface/Inter 4.1/extras/ttf/Inter-Italic.ttf	0	Inter	Italic	Inter Italic	Inter-Italic			Version 4.001;git-9221beed3	4.001	400	5	1		2901	0	0		1	334	105	248	dlig,calt,tnum,pnum,salt,frac,sups,subs,zero,case,ordn,aalt,locl,numr,dnom,ccmp,ss01,ss02,ss03,ss04,ss05,ss06,ss07,ss08,cv01,cv02,cv03	kern,mark,mkmk	ttf	glyf	417388	no	Rasmus Andersson	rsms	RSMS	http://scripts.sil.org/OFL	
/Users/bardiasamiee/Library/CloudStorage/GoogleDrive-b.samiee@mzn-group.com/My Drive/03.Digital Asset Database/01.Fonts/02.Free Fonts/Inter Font Typeface/Inter 4.1/extras/ttf/Inter-Light.ttf	0	Inter Light	Regular	Inter Light	Inter-Light	Inter	Light	Version 4.001;git-9221beed3	4.001	300	5	0		2937	0	0		1	334	105	248	dlig,calt,tnum,pnum,salt,frac,sups,subs,zero,case,ordn,aalt,locl,numr,dnom,ccmp,ss01,ss02,ss03,ss04,ss05,ss06,ss07,ss08,cv01,cv02,cv03	kern,mark,mkmk	ttf	glyf	412844	no	Rasmus Andersson	rsms	RSMS	http://scripts.sil.org/OFL	
/Users/bardiasamiee/Library/CloudStorage/GoogleDrive-b.samiee@mzn-group.com/My Drive/03.Digital Asset Database/01.Fonts/02.Free Fonts/Inter Font Typeface/Inter 4.1/extras/ttf/Inter-LightItalic.ttf	0	Inter Light	Italic	Inter Light Italic	Inter-LightItalic	Inter	Light Italic	Version 4.001;git-9221beed3	4.001	300	5	1		2901	0	0		1	334	105	248	dlig,calt,tnum,pnum,salt,frac,sups,subs,zero,case,ordn,aalt,locl,numr,dnom,ccmp,ss01,ss02,ss03,ss04,ss05,ss06,ss07,ss08,cv01,cv02,cv03	kern,mark,mkmk	ttf	glyf	419468	no	Rasmus Andersson	rsms	RSMS	http://scripts.sil.org/OFL	
/Users/bardiasamiee/Library/CloudStorage/GoogleDrive-b.samiee@mzn-group.com/My Drive/03.Digital Asset Database/01.Fonts/02.Free Fonts/Inter Font Typeface/Inter 4.1/extras/ttf/Inter-Medium.ttf	0	Inter Medium	Regular	Inter Medium	Inter-Medium	Inter	Medium	Version 4.001;git-9221beed3	4.001	500	5	0		2937	0	0		1	334	105	248	dlig,calt,tnum,pnum,salt,frac,sups,subs,zero,case,ordn,aalt,locl,numr,dnom,ccmp,ss01,ss02,ss03,ss04,ss05,ss06,ss07,ss08,cv01,cv02,cv03	kern,mark,mkmk	ttf	glyf	417300	no	Rasmus Andersson	rsms	RSMS	http://scripts.sil.org/OFL	
/Users/bardiasamiee/Library/CloudStorage/GoogleDrive-b.samiee@mzn-group.com/My Drive/03.Digital Asset Database/01.Fonts/02.Free Fonts/Inter Font Typeface/Inter 4.1/extras/ttf/Inter-MediumItalic.ttf	0	Inter Medium	Italic	Inter Medium Italic	Inter-MediumItalic	Inter	Medium Italic	Version 4.001;git-9221beed3	4.001	500	5	1		2901	0	0		1	334	105	248	dlig,calt,tnum,pnum,salt,frac,sups,subs,zero,case,ordn,aalt,locl,numr,dnom,ccmp,ss01,ss02,ss03,ss04,ss05,ss06,ss07,ss08,cv01,cv02,cv03	kern,mark,mkmk	ttf	glyf	423452	no	Rasmus Andersson	rsms	RSMS	http://scripts.sil.org/OFL	
/Users/bardiasamiee/Library/CloudStorage/GoogleDrive-b.samiee@mzn-group.com/My Drive/03.Digital Asset Database/01.Fonts/02.Free Fonts/Inter Font Typeface/Inter 4.1/extras/ttf/Inter-Regular.ttf	0	Inter	Regular	Inter Regular	Inter-Regular			Version 4.001;git-9221beed3	4.001	400	5	0		2937	0	0		1	334	105	248	dlig,calt,tnum,pnum,salt,frac,sups,subs,zero,case,ordn,aalt,locl,numr,dnom,ccmp,ss01,ss02,ss03,ss04,ss05,ss06,ss07,ss08,cv01,cv02,cv03	kern,mark,mkmk	ttf	glyf	411640	no	Rasmus Andersson	rsms	RSMS	http://scripts.sil.org/OFL	
/Users/bardiasamiee/Library/CloudStorage/GoogleDrive-b.samiee@mzn-group.com/My Drive/03.Digital Asset Database/01.Fonts/02.Free Fonts/Inter Font Typeface/Inter 4.1/extras/ttf/Inter-SemiBold.ttf	0	Inter SemiBold	Regular	Inter SemiBold	Inter-SemiBold	Inter	SemiBold	Version 4.001;git-9221beed3	4.001	600	5	0		2937	0	0		1	334	105	248	dlig,calt,tnum,pnum,salt,frac,sups,subs,zero,case,ordn,aalt,locl,numr,dnom,ccmp,ss01,ss02,ss03,ss04,ss05,ss06,ss07,ss08,cv01,cv02,cv03	kern,mark,mkmk	ttf	glyf	419744	no	Rasmus Andersson	rsms	RSMS	http://scripts.sil.org/OFL	
/Users/bardiasamiee/Library/CloudStorage/GoogleDrive-b.samiee@mzn-group.com/My Drive/03.Digital Asset Database/01.Fonts/02.Free Fonts/Inter Font Typeface/Inter 4.1/extras/ttf/Inter-SemiBoldItalic.ttf	0	Inter SemiBold	Italic	Inter SemiBold Italic	Inter-SemiBoldItalic	Inter	SemiBold Italic	Version 4.001;git-9221beed3	4.001	600	5	1		2901	0	0		1	334	105	248	dlig,calt,tnum,pnum,salt,frac,sups,subs,zero,case,ordn,aalt,locl,numr,dnom,ccmp,ss01,ss02,ss03,ss04,ss05,ss06,ss07,ss08,cv01,cv02,cv03	kern,mark,mkmk	ttf	glyf	423976	no	Rasmus Andersson	rsms	RSMS	http://scripts.sil.org/OFL	
/Users/bardiasamiee/Library/CloudStorage/GoogleDrive-b.samiee@mzn-group.com/My Drive/03.Digital Asset Database/01.Fonts/02.Free Fonts/Inter Font Typeface/Inter 4.1/extras/ttf/Inter-Thin.ttf	0	Inter Thin	Regular	Inter Thin	Inter-Thin	Inter	Thin	Version 4.001;git-9221beed3	4.001	100	5	0		2937	0	0		1	334	105	248	dlig,calt,tnum,pnum,salt,frac,sups,subs,zero,case,ordn,aalt,locl,numr,dnom,ccmp,ss01,ss02,ss03,ss04,ss05,ss06,ss07,ss08,cv01,cv02,cv03	kern,mark,mkmk	ttf	glyf	406736	no	Rasmus Andersson	rsms	RSMS	http://scripts.sil.org/OFL	
/Users/bardiasamiee/Library/CloudStorage/GoogleDrive-b.samiee@mzn-group.com/My Drive/03.Digital Asset Database/01.Fonts/02.Free Fonts/Inter Font Typeface/Inter 4.1/extras/ttf/Inter-ThinItalic.ttf	0	Inter Thin	Italic	Inter Thin Italic	Inter-ThinItalic	Inter	Thin Italic	Version 4.001;git-9221beed3	4.001	100	5	1		2901	0	0		1	334	105	248	dlig,calt,tnum,pnum,salt,frac,sups,subs,zero,case,ordn,aalt,locl,numr,dnom,ccmp,ss01,ss02,ss03,ss04,ss05,ss06,ss07,ss08,cv01,cv02,cv03	kern,mark,mkmk	ttf	glyf	413532	no	Rasmus Andersson	rsms	RSMS	http://scripts.sil.org/OFL	
/Users/bardiasamiee/Library/CloudStorage/GoogleDrive-b.samiee@mzn-group.com/My Drive/03.Digital Asset Database/01.Fonts/02.Free Fonts/Inter Font Typeface/Inter 4.1/extras/ttf/InterDisplay-Black.ttf	0	Inter Display Black	Regular	Inter Display Black	InterDisplay-Black	Inter Display	Black	Version 4.001;git-9221beed3	4.001	900	5	0		2937	0	0		1	334	105	248	dlig,calt,tnum,pnum,salt,frac,sups,subs,zero,case,ordn,aalt,locl,numr,dnom,ccmp,ss01,ss02,ss03,ss04,ss05,ss06,ss07,ss08,cv01,cv02,cv03	kern,mark,mkmk	ttf	glyf	417540	no	Rasmus Andersson	rsms	RSMS	http://scripts.sil.org/OFL	
/Users/bardiasamiee/Library/CloudStorage/GoogleDrive-b.samiee@mzn-group.com/My Drive/03.Digital Asset Database/01.Fonts/02.Free Fonts/Inter Font Typeface/Inter 4.1/extras/ttf/InterDisplay-BlackItalic.ttf	0	Inter Display Black	Italic	Inter Display Black Italic	InterDisplay-BlackItalic	Inter Display	Black Italic	Version 4.001;git-9221beed3	4.001	900	5	1		2901	0	0		1	334	105	248	dlig,calt,tnum,pnum,salt,frac,sups,subs,zero,case,ordn,aalt,locl,numr,dnom,ccmp,ss01,ss02,ss03,ss04,ss05,ss06,ss07,ss08,cv01,cv02,cv03	kern,mark,mkmk	ttf	glyf	424796	no	Rasmus Andersson	rsms	RSMS	http://scripts.sil.org/OFL	
/Users/bardiasamiee/Library/CloudStorage/GoogleDrive-b.samiee@mzn-group.com/My Drive/03.Digital Asset Database/01.Fonts/02.Free Fonts/Inter Font Typeface/Inter 4.1/extras/ttf/InterDisplay-Bold.ttf	0	Inter Display	Bold	Inter Display Bold	InterDisplay-Bold			Version 4.001;git-9221beed3	4.001	700	5	0		2937	0	0		1	334	105	248	dlig,calt,tnum,pnum,salt,frac,sups,subs,zero,case,ordn,aalt,locl,numr,dnom,ccmp,ss01,ss02,ss03,ss04,ss05,ss06,ss07,ss08,cv01,cv02,cv03	kern,mark,mkmk	ttf	glyf	418856	no	Rasmus Andersson	rsms	RSMS	http://scripts.sil.org/OFL	
/Users/bardiasamiee/Library/CloudStorage/GoogleDrive-b.samiee@mzn-group.com/My Drive/03.Digital Asset Database/01.Fonts/02.Free Fonts/Inter Font Typeface/Inter 4.1/extras/ttf/InterDisplay-BoldItalic.ttf	0	Inter Display	Bold Italic	Inter Display Bold Italic	InterDisplay-BoldItalic			Version 4.001;git-9221beed3	4.001	700	5	1		2901	0	0		1	334	105	248	dlig,calt,tnum,pnum,salt,frac,sups,subs,zero,case,ordn,aalt,locl,numr,dnom,ccmp,ss01,ss02,ss03,ss04,ss05,ss06,ss07,ss08,cv01,cv02,cv03	kern,mark,mkmk	ttf	glyf	424108	no	Rasmus Andersson	rsms	RSMS	http://scripts.sil.org/OFL	
/Users/bardiasamiee/Library/CloudStorage/GoogleDrive-b.samiee@mzn-group.com/My Drive/03.Digital Asset Database/01.Fonts/02.Free Fonts/Inter Font Typeface/Inter 4.1/extras/ttf/InterDisplay-ExtraBold.ttf	0	Inter Display ExtraBold	Regular	Inter Display ExtraBold	InterDisplay-ExtraBold	Inter Display	ExtraBold	Version 4.001;git-9221beed3	4.001	800	5	0		2937	0	0		1	334	105	248	dlig,calt,tnum,pnum,salt,frac,sups,subs,zero,case,ordn,aalt,locl,numr,dnom,ccmp,ss01,ss02,ss03,ss04,ss05,ss06,ss07,ss08,cv01,cv02,cv03	kern,mark,mkmk	ttf	glyf	419716	no	Rasmus Andersson	rsms	RSMS	http://scripts.sil.org/OFL	
/Users/bardiasamiee/Library/CloudStorage/GoogleDrive-b.samiee@mzn-group.com/My Drive/03.Digital Asset Database/01.Fonts/02.Free Fonts/Inter Font Typeface/Inter 4.1/extras/ttf/InterDisplay-ExtraBoldItalic.ttf	0	Inter Display ExtraBold	Italic	Inter Display ExtraBold Italic	InterDisplay-ExtraBoldItalic	Inter Display	ExtraBold Italic	Version 4.001;git-9221beed3	4.001	800	5	1		2901	0	0		1	334	105	248	dlig,calt,tnum,pnum,salt,frac,sups,subs,zero,case,ordn,aalt,locl,numr,dnom,ccmp,ss01,ss02,ss03,ss04,ss05,ss06,ss07,ss08,cv01,cv02,cv03	kern,mark,mkmk	ttf	glyf	426808	no	Rasmus Andersson	rsms	RSMS	http://scripts.sil.org/OFL	
/Users/bardiasamiee/Library/CloudStorage/GoogleDrive-b.samiee@mzn-group.com/My Drive/03.Digital Asset Database/01.Fonts/02.Free Fonts/Inter Font Typeface/Inter 4.1/extras/ttf/InterDisplay-ExtraLight.ttf	0	Inter Display ExtraLight	Regular	Inter Display ExtraLight	InterDisplay-ExtraLight	Inter Display	ExtraLight	Version 4.001;git-9221beed3	4.001	200	5	0		2937	0	0		1	334	105	248	dlig,calt,tnum,pnum,salt,frac,sups,subs,zero,case,ordn,aalt,locl,numr,dnom,ccmp,ss01,ss02,ss03,ss04,ss05,ss06,ss07,ss08,cv01,cv02,cv03	kern,mark,mkmk	ttf	glyf	407212	no	Rasmus Andersson	rsms	RSMS	http://scripts.sil.org/OFL	
/Users/bardiasamiee/Library/CloudStorage/GoogleDrive-b.samiee@mzn-group.com/My Drive/03.Digital Asset Database/01.Fonts/02.Free Fonts/Inter Font Typeface/Inter 4.1/extras/ttf/InterDisplay-ExtraLightItalic.ttf	0	Inter Display ExtraLight	Italic	Inter Display ExtraLight Italic	InterDisplay-ExtraLightItalic	Inter Display	ExtraLight Italic	Version 4.001;git-9221beed3	4.001	200	5	1		2901	0	0		1	334	105	248	dlig,calt,tnum,pnum,salt,frac,sups,subs,zero,case,ordn,aalt,locl,numr,dnom,ccmp,ss01,ss02,ss03,ss04,ss05,ss06,ss07,ss08,cv01,cv02,cv03	kern,mark,mkmk	ttf	glyf	413420	no	Rasmus Andersson	rsms	RSMS	http://scripts.sil.org/OFL	
/Users/bardiasamiee/Library/CloudStorage/GoogleDrive-b.samiee@mzn-group.com/My Drive/03.Digital Asset Database/01.Fonts/02.Free Fonts/Inter Font Typeface/Inter 4.1/extras/ttf/InterDisplay-Italic.ttf	0	Inter Display	Italic	Inter Display Italic	InterDisplay-Italic			Version 4.001;git-9221beed3	4.001	400	5	1		2901	0	0		1	334	105	248	dlig,calt,tnum,pnum,salt,frac,sups,subs,zero,case,ordn,aalt,locl,numr,dnom,ccmp,ss01,ss02,ss03,ss04,ss05,ss06,ss07,ss08,cv01,cv02,cv03	kern,mark,mkmk	ttf	glyf	414908	no	Rasmus Andersson	rsms	RSMS	http://scripts.sil.org/OFL	
/Users/bardiasamiee/Library/CloudStorage/GoogleDrive-b.samiee@mzn-group.com/My Drive/03.Digital Asset Database/01.Fonts/02.Free Fonts/Inter Font Typeface/Inter 4.1/extras/ttf/InterDisplay-Light.ttf	0	Inter Display Light	Regular	Inter Display Light	InterDisplay-Light	Inter Display	Light	Version 4.001;git-9221beed3	4.001	300	5	0		2937	0	0		1	334	105	248	dlig,calt,tnum,pnum,salt,frac,sups,subs,zero,case,ordn,aalt,locl,numr,dnom,ccmp,ss01,ss02,ss03,ss04,ss05,ss06,ss07,ss08,cv01,cv02,cv03	kern,mark,mkmk	ttf	glyf	413164	no	Rasmus Andersson	rsms	RSMS	http://scripts.sil.org/OFL	
/Users/bardiasamiee/Library/CloudStorage/GoogleDrive-b.samiee@mzn-group.com/My Drive/03.Digital Asset Database/01.Fonts/02.Free Fonts/Inter Font Typeface/Inter 4.1/extras/ttf/InterDisplay-LightItalic.ttf	0	Inter Display Light	Italic	Inter Display Light Italic	InterDisplay-LightItalic	Inter Display	Light Italic	Version 4.001;git-9221beed3	4.001	300	5	1		2901	0	0		1	334	105	248	dlig,calt,tnum,pnum,salt,frac,sups,subs,zero,case,ordn,aalt,locl,numr,dnom,ccmp,ss01,ss02,ss03,ss04,ss05,ss06,ss07,ss08,cv01,cv02,cv03	kern,mark,mkmk	ttf	glyf	418544	no	Rasmus Andersson	rsms	RSMS	http://scripts.sil.org/OFL	
/Users/bardiasamiee/Library/CloudStorage/GoogleDrive-b.samiee@mzn-group.com/My Drive/03.Digital Asset Database/01.Fonts/02.Free Fonts/Inter Font Typeface/Inter 4.1/extras/ttf/InterDisplay-Medium.ttf	0	Inter Display Medium	Regular	Inter Display Medium	InterDisplay-Medium	Inter Display	Medium	Version 4.001;git-9221beed3	4.001	500	5	0		2937	0	0		1	334	105	248	dlig,calt,tnum,pnum,salt,frac,sups,subs,zero,case,ordn,aalt,locl,numr,dnom,ccmp,ss01,ss02,ss03,ss04,ss05,ss06,ss07,ss08,cv01,cv02,cv03	kern,mark,mkmk	ttf	glyf	416668	no	Rasmus Andersson	rsms	RSMS	http://scripts.sil.org/OFL	
/Users/bardiasamiee/Library/CloudStorage/GoogleDrive-b.samiee@mzn-group.com/My Drive/03.Digital Asset Database/01.Fonts/02.Free Fonts/Inter Font Typeface/Inter 4.1/extras/ttf/InterDisplay-MediumItalic.ttf	0	Inter Display Medium	Italic	Inter Display Medium Italic	InterDisplay-MediumItalic	Inter Display	Medium Italic	Version 4.001;git-9221beed3	4.001	500	5	1		2901	0	0		1	334	105	248	dlig,calt,tnum,pnum,salt,frac,sups,subs,zero,case,ordn,aalt,locl,numr,dnom,ccmp,ss01,ss02,ss03,ss04,ss05,ss06,ss07,ss08,cv01,cv02,cv03	kern,mark,mkmk	ttf	glyf	422252	no	Rasmus Andersson	rsms	RSMS	http://scripts.sil.org/OFL	
/Users/bardiasamiee/Library/CloudStorage/GoogleDrive-b.samiee@mzn-group.com/My Drive/03.Digital Asset Database/01.Fonts/02.Free Fonts/Inter Font Typeface/Inter 4.1/extras/ttf/InterDisplay-Regular.ttf	0	Inter Display	Regular	Inter Display Regular	InterDisplay-Regular			Version 4.001;git-9221beed3	4.001	400	5	0		2937	0	0		1	334	105	248	dlig,calt,tnum,pnum,salt,frac,sups,subs,zero,case,ordn,aalt,locl,numr,dnom,ccmp,ss01,ss02,ss03,ss04,ss05,ss06,ss07,ss08,cv01,cv02,cv03	kern,mark,mkmk	ttf	glyf	408972	no	Rasmus Andersson	rsms	RSMS	http://scripts.sil.org/OFL	
/Users/bardiasamiee/Library/CloudStorage/GoogleDrive-b.samiee@mzn-group.com/My Drive/03.Digital Asset Database/01.Fonts/02.Free Fonts/Inter Font Typeface/Inter 4.1/extras/ttf/InterDisplay-SemiBold.ttf	0	Inter Display SemiBold	Regular	Inter Display SemiBold	InterDisplay-SemiBold	Inter Display	SemiBold	Version 4.001;git-9221beed3	4.001	600	5	0		2937	0	0		1	334	105	248	dlig,calt,tnum,pnum,salt,frac,sups,subs,zero,case,ordn,aalt,locl,numr,dnom,ccmp,ss01,ss02,ss03,ss04,ss05,ss06,ss07,ss08,cv01,cv02,cv03	kern,mark,mkmk	ttf	glyf	418540	no	Rasmus Andersson	rsms	RSMS	http://scripts.sil.org/OFL	
/Users/bardiasamiee/Library/CloudStorage/GoogleDrive-b.samiee@mzn-group.com/My Drive/03.Digital Asset Database/01.Fonts/02.Free Fonts/Inter Font Typeface/Inter 4.1/extras/ttf/InterDisplay-SemiBoldItalic.ttf	0	Inter Display SemiBold	Italic	Inter Display SemiBold Italic	InterDisplay-SemiBoldItalic	Inter Display	SemiBold Italic	Version 4.001;git-9221beed3	4.001	600	5	1		2901	0	0		1	334	105	248	dlig,calt,tnum,pnum,salt,frac,sups,subs,zero,case,ordn,aalt,locl,numr,dnom,ccmp,ss01,ss02,ss03,ss04,ss05,ss06,ss07,ss08,cv01,cv02,cv03	kern,mark,mkmk	ttf	glyf	424544	no	Rasmus Andersson	rsms	RSMS	http://scripts.sil.org/OFL	
/Users/bardiasamiee/Library/CloudStorage/GoogleDrive-b.samiee@mzn-group.com/My Drive/03.Digital Asset Database/01.Fonts/02.Free Fonts/Inter Font Typeface/Inter 4.1/extras/ttf/InterDisplay-Thin.ttf	0	Inter Display Thin	Regular	Inter Display Thin	InterDisplay-Thin	Inter Display	Thin	Version 4.001;git-9221beed3	4.001	100	5	0		2937	0	0		1	334	105	248	dlig,calt,tnum,pnum,salt,frac,sups,subs,zero,case,ordn,aalt,locl,numr,dnom,ccmp,ss01,ss02,ss03,ss04,ss05,ss06,ss07,ss08,cv01,cv02,cv03	kern,mark,mkmk	ttf	glyf	402828	no	Rasmus Andersson	rsms	RSMS	http://scripts.sil.org/OFL	
/Users/bardiasamiee/Library/CloudStorage/GoogleDrive-b.samiee@mzn-group.com/My Drive/03.Digital Asset Database/01.Fonts/02.Free Fonts/Inter Font Typeface/Inter 4.1/extras/ttf/InterDisplay-ThinItalic.ttf	0	Inter Display Thin	Italic	Inter Display Thin Italic	InterDisplay-ThinItalic	Inter Display	Thin Italic	Version 4.001;git-9221beed3	4.001	100	5	1		2901	0	0		1	334	105	248	dlig,calt,tnum,pnum,salt,frac,sups,subs,zero,case,ordn,aalt,locl,numr,dnom,ccmp,ss01,ss02,ss03,ss04,ss05,ss06,ss07,ss08,cv01,cv02,cv03	kern,mark,mkmk	ttf	glyf	408668	no	Rasmus Andersson	rsms	RSMS	http://scripts.sil.org/OFL	
/Users/bardiasamiee/Library/CloudStorage/GoogleDrive-b.samiee@mzn-group.com/My Drive/03.Digital Asset Database/01.Fonts/02.Free Fonts/Inter Font Typeface/Inter 4.1/Inter.ttc	0	Inter	Regular	Inter Regular	Inter-Regular			Version 4.001;git-9221beed3	4.001	400	5	0		2937	0	0		1	334	105	248	dlig,calt,tnum,pnum,salt,frac,sups,subs,zero,case,ordn,aalt,locl,numr,dnom,ccmp,ss01,ss02,ss03,ss04,ss05,ss06,ss07,ss08,cv01,cv02,cv03	kern,mark,mkmk	ttc	glyf	13172948	no	Rasmus Andersson	rsms	RSMS	http://scripts.sil.org/OFL	
/Users/bardiasamiee/Library/CloudStorage/GoogleDrive-b.samiee@mzn-group.com/My Drive/03.Digital Asset Database/01.Fonts/02.Free Fonts/Inter Font Typeface/Inter 4.1/Inter.ttc	1	Inter Black	Regular	Inter Black	Inter-Black	Inter	Black	Version 4.001;git-9221beed3	4.001	900	5	0		2937	0	0		1	334	105	248	dlig,calt,tnum,pnum,salt,frac,sups,subs,zero,case,ordn,aalt,locl,numr,dnom,ccmp,ss01,ss02,ss03,ss04,ss05,ss06,ss07,ss08,cv01,cv02,cv03	kern,mark,mkmk	ttc	glyf	13172948	no	Rasmus Andersson	rsms	RSMS	http://scripts.sil.org/OFL	
/Users/bardiasamiee/Library/CloudStorage/GoogleDrive-b.samiee@mzn-group.com/My Drive/03.Digital Asset Database/01.Fonts/02.Free Fonts/Inter Font Typeface/Inter 4.1/Inter.ttc	2	Inter Black	Italic	Inter Black Italic	Inter-BlackItalic	Inter	Black Italic	Version 4.001;git-9221beed3	4.001	900	5	1		2901	0	0		1	334	105	248	dlig,calt,tnum,pnum,salt,frac,sups,subs,zero,case,ordn,aalt,locl,numr,dnom,ccmp,ss01,ss02,ss03,ss04,ss05,ss06,ss07,ss08,cv01,cv02,cv03	kern,mark,mkmk	ttc	glyf	13172948	no	Rasmus Andersson	rsms	RSMS	http://scripts.sil.org/OFL	
/Users/bardiasamiee/Library/CloudStorage/GoogleDrive-b.samiee@mzn-group.com/My Drive/03.Digital Asset Database/01.Fonts/02.Free Fonts/Inter Font Typeface/Inter 4.1/Inter.ttc	3	Inter	Italic	Inter Italic	Inter-Italic			Version 4.001;git-9221beed3	4.001	400	5	1		2901	0	0		1	334	105	248	dlig,calt,tnum,pnum,salt,frac,sups,subs,zero,case,ordn,aalt,locl,numr,dnom,ccmp,ss01,ss02,ss03,ss04,ss05,ss06,ss07,ss08,cv01,cv02,cv03	kern,mark,mkmk	ttc	glyf	13172948	no	Rasmus Andersson	rsms	RSMS	http://scripts.sil.org/OFL	
/Users/bardiasamiee/Library/CloudStorage/GoogleDrive-b.samiee@mzn-group.com/My Drive/03.Digital Asset Database/01.Fonts/02.Free Fonts/Inter Font Typeface/Inter 4.1/Inter.ttc	4	Inter Thin	Regular	Inter Thin	Inter-Thin	Inter	Thin	Version 4.001;git-9221beed3	4.001	100	5	0		2937	0	0		1	334	105	248	dlig,calt,tnum,pnum,salt,frac,sups,subs,zero,case,ordn,aalt,locl,numr,dnom,ccmp,ss01,ss02,ss03,ss04,ss05,ss06,ss07,ss08,cv01,cv02,cv03	kern,mark,mkmk	ttc	glyf	13172948	no	Rasmus Andersson	rsms	RSMS	http://scripts.sil.org/OFL	
/Users/bardiasamiee/Library/CloudStorage/GoogleDrive-b.samiee@mzn-group.com/My Drive/03.Digital Asset Database/01.Fonts/02.Free Fonts/Inter Font Typeface/Inter 4.1/Inter.ttc	5	Inter Thin	Italic	Inter Thin Italic	Inter-ThinItalic	Inter	Thin Italic	Version 4.001;git-9221beed3	4.001	100	5	1		2901	0	0		1	334	105	248	dlig,calt,tnum,pnum,salt,frac,sups,subs,zero,case,ordn,aalt,locl,numr,dnom,ccmp,ss01,ss02,ss03,ss04,ss05,ss06,ss07,ss08,cv01,cv02,cv03	kern,mark,mkmk	ttc	glyf	13172948	no	Rasmus Andersson	rsms	RSMS	http://scripts.sil.org/OFL	
/Users/bardiasamiee/Library/CloudStorage/GoogleDrive-b.samiee@mzn-group.com/My Drive/03.Digital Asset Database/01.Fonts/02.Free Fonts/Inter Font Typeface/Inter 4.1/Inter.ttc	6	Inter Light	Regular	Inter Light	Inter-Light	Inter	Light	Version 4.001;git-9221beed3	4.001	300	5	0		2937	0	0		1	334	105	248	dlig,calt,tnum,pnum,salt,frac,sups,subs,zero,case,ordn,aalt,locl,numr,dnom,ccmp,ss01,ss02,ss03,ss04,ss05,ss06,ss07,ss08,cv01,cv02,cv03	kern,mark,mkmk	ttc	glyf	13172948	no	Rasmus Andersson	rsms	RSMS	http://scripts.sil.org/OFL	
/Users/bardiasamiee/Library/CloudStorage/GoogleDrive-b.samiee@mzn-group.com/My Drive/03.Digital Asset Database/01.Fonts/02.Free Fonts/Inter Font Typeface/Inter 4.1/Inter.ttc	7	Inter Light	Italic	Inter Light Italic	Inter-LightItalic	Inter	Light Italic	Version 4.001;git-9221beed3	4.001	300	5	1		2901	0	0		1	334	105	248	dlig,calt,tnum,pnum,salt,frac,sups,subs,zero,case,ordn,aalt,locl,numr,dnom,ccmp,ss01,ss02,ss03,ss04,ss05,ss06,ss07,ss08,cv01,cv02,cv03	kern,mark,mkmk	ttc	glyf	13172948	no	Rasmus Andersson	rsms	RSMS	http://scripts.sil.org/OFL	
/Users/bardiasamiee/Library/CloudStorage/GoogleDrive-b.samiee@mzn-group.com/My Drive/03.Digital Asset Database/01.Fonts/02.Free Fonts/Inter Font Typeface/Inter 4.1/Inter.ttc	8	Inter ExtraLight	Regular	Inter ExtraLight	Inter-ExtraLight	Inter	ExtraLight	Version 4.001;git-9221beed3	4.001	200	5	0		2937	0	0		1	334	105	248	dlig,calt,tnum,pnum,salt,frac,sups,subs,zero,case,ordn,aalt,locl,numr,dnom,ccmp,ss01,ss02,ss03,ss04,ss05,ss06,ss07,ss08,cv01,cv02,cv03	kern,mark,mkmk	ttc	glyf	13172948	no	Rasmus Andersson	rsms	RSMS	http://scripts.sil.org/OFL	
/Users/bardiasamiee/Library/CloudStorage/GoogleDrive-b.samiee@mzn-group.com/My Drive/03.Digital Asset Database/01.Fonts/02.Free Fonts/Inter Font Typeface/Inter 4.1/Inter.ttc	9	Inter ExtraLight	Italic	Inter ExtraLight Italic	Inter-ExtraLightItalic	Inter	ExtraLight Italic	Version 4.001;git-9221beed3	4.001	200	5	1		2901	0	0		1	334	105	248	dlig,calt,tnum,pnum,salt,frac,sups,subs,zero,case,ordn,aalt,locl,numr,dnom,ccmp,ss01,ss02,ss03,ss04,ss05,ss06,ss07,ss08,cv01,cv02,cv03	kern,mark,mkmk	ttc	glyf	13172948	no	Rasmus Andersson	rsms	RSMS	http://scripts.sil.org/OFL	
/Users/bardiasamiee/Library/CloudStorage/GoogleDrive-b.samiee@mzn-group.com/My Drive/03.Digital Asset Database/01.Fonts/02.Free Fonts/Inter Font Typeface/Inter 4.1/Inter.ttc	10	Inter Medium	Regular	Inter Medium	Inter-Medium	Inter	Medium	Version 4.001;git-9221beed3	4.001	500	5	0		2937	0	0		1	334	105	248	dlig,calt,tnum,pnum,salt,frac,sups,subs,zero,case,ordn,aalt,locl,numr,dnom,ccmp,ss01,ss02,ss03,ss04,ss05,ss06,ss07,ss08,cv01,cv02,cv03	kern,mark,mkmk	ttc	glyf	13172948	no	Rasmus Andersson	rsms	RSMS	http://scripts.sil.org/OFL	
/Users/bardiasamiee/Library/CloudStorage/GoogleDrive-b.samiee@mzn-group.com/My Drive/03.Digital Asset Database/01.Fonts/02.Free Fonts/Inter Font Typeface/Inter 4.1/Inter.ttc	11	Inter Medium	Italic	Inter Medium Italic	Inter-MediumItalic	Inter	Medium Italic	Version 4.001;git-9221beed3	4.001	500	5	1		2901	0	0		1	334	105	248	dlig,calt,tnum,pnum,salt,frac,sups,subs,zero,case,ordn,aalt,locl,numr,dnom,ccmp,ss01,ss02,ss03,ss04,ss05,ss06,ss07,ss08,cv01,cv02,cv03	kern,mark,mkmk	ttc	glyf	13172948	no	Rasmus Andersson	rsms	RSMS	http://scripts.sil.org/OFL	
/Users/bardiasamiee/Library/CloudStorage/GoogleDrive-b.samiee@mzn-group.com/My Drive/03.Digital Asset Database/01.Fonts/02.Free Fonts/Inter Font Typeface/Inter 4.1/Inter.ttc	12	Inter SemiBold	Regular	Inter SemiBold	Inter-SemiBold	Inter	SemiBold	Version 4.001;git-9221beed3	4.001	600	5	0		2937	0	0		1	334	105	248	dlig,calt,tnum,pnum,salt,frac,sups,subs,zero,case,ordn,aalt,locl,numr,dnom,ccmp,ss01,ss02,ss03,ss04,ss05,ss06,ss07,ss08,cv01,cv02,cv03	kern,mark,mkmk	ttc	glyf	13172948	no	Rasmus Andersson	rsms	RSMS	http://scripts.sil.org/OFL	
/Users/bardiasamiee/Library/CloudStorage/GoogleDrive-b.samiee@mzn-group.com/My Drive/03.Digital Asset Database/01.Fonts/02.Free Fonts/Inter Font Typeface/Inter 4.1/Inter.ttc	13	Inter SemiBold	Italic	Inter SemiBold Italic	Inter-SemiBoldItalic	Inter	SemiBold Italic	Version 4.001;git-9221beed3	4.001	600	5	1		2901	0	0		1	334	105	248	dlig,calt,tnum,pnum,salt,frac,sups,subs,zero,case,ordn,aalt,locl,numr,dnom,ccmp,ss01,ss02,ss03,ss04,ss05,ss06,ss07,ss08,cv01,cv02,cv03	kern,mark,mkmk	ttc	glyf	13172948	no	Rasmus Andersson	rsms	RSMS	http://scripts.sil.org/OFL	
/Users/bardiasamiee/Library/CloudStorage/GoogleDrive-b.samiee@mzn-group.com/My Drive/03.Digital Asset Database/01.Fonts/02.Free Fonts/Inter Font Typeface/Inter 4.1/Inter.ttc	14	Inter	Bold	Inter Bold	Inter-Bold			Version 4.001;git-9221beed3	4.001	700	5	0		2937	0	0		1	334	105	248	dlig,calt,tnum,pnum,salt,frac,sups,subs,zero,case,ordn,aalt,locl,numr,dnom,ccmp,ss01,ss02,ss03,ss04,ss05,ss06,ss07,ss08,cv01,cv02,cv03	kern,mark,mkmk	ttc	glyf	13172948	no	Rasmus Andersson	rsms	RSMS	http://scripts.sil.org/OFL	
/Users/bardiasamiee/Library/CloudStorage/GoogleDrive-b.samiee@mzn-group.com/My Drive/03.Digital Asset Database/01.Fonts/02.Free Fonts/Inter Font Typeface/Inter 4.1/Inter.ttc	15	Inter	Bold Italic	Inter Bold Italic	Inter-BoldItalic			Version 4.001;git-9221beed3	4.001	700	5	1		2901	0	0		1	334	105	248	dlig,calt,tnum,pnum,salt,frac,sups,subs,zero,case,ordn,aalt,locl,numr,dnom,ccmp,ss01,ss02,ss03,ss04,ss05,ss06,ss07,ss08,cv01,cv02,cv03	kern,mark,mkmk	ttc	glyf	13172948	no	Rasmus Andersson	rsms	RSMS	http://scripts.sil.org/OFL	
/Users/bardiasamiee/Library/CloudStorage/GoogleDrive-b.samiee@mzn-group.com/My Drive/03.Digital Asset Database/01.Fonts/02.Free Fonts/Inter Font Typeface/Inter 4.1/Inter.ttc	16	Inter ExtraBold	Regular	Inter ExtraBold	Inter-ExtraBold	Inter	ExtraBold	Version 4.001;git-9221beed3	4.001	800	5	0		2937	0	0		1	334	105	248	dlig,calt,tnum,pnum,salt,frac,sups,subs,zero,case,ordn,aalt,locl,numr,dnom,ccmp,ss01,ss02,ss03,ss04,ss05,ss06,ss07,ss08,cv01,cv02,cv03	kern,mark,mkmk	ttc	glyf	13172948	no	Rasmus Andersson	rsms	RSMS	http://scripts.sil.org/OFL	
/Users/bardiasamiee/Library/CloudStorage/GoogleDrive-b.samiee@mzn-group.com/My Drive/03.Digital Asset Database/01.Fonts/02.Free Fonts/Inter Font Typeface/Inter 4.1/Inter.ttc	17	Inter ExtraBold	Italic	Inter ExtraBold Italic	Inter-ExtraBoldItalic	Inter	ExtraBold Italic	Version 4.001;git-9221beed3	4.001	800	5	1		2901	0	0		1	334	105	248	dlig,calt,tnum,pnum,salt,frac,sups,subs,zero,case,ordn,aalt,locl,numr,dnom,ccmp,ss01,ss02,ss03,ss04,ss05,ss06,ss07,ss08,cv01,cv02,cv03	kern,mark,mkmk	ttc	glyf	13172948	no	Rasmus Andersson	rsms	RSMS	http://scripts.sil.org/OFL	
/Users/bardiasamiee/Library/CloudStorage/GoogleDrive-b.samiee@mzn-group.com/My Drive/03.Digital Asset Database/01.Fonts/02.Free Fonts/Inter Font Typeface/Inter 4.1/Inter.ttc	18	Inter Display Black	Regular	Inter Display Black	InterDisplay-Black	Inter Display	Black	Version 4.001;git-9221beed3	4.001	900	5	0		2937	0	0		1	334	105	248	dlig,calt,tnum,pnum,salt,frac,sups,subs,zero,case,ordn,aalt,locl,numr,dnom,ccmp,ss01,ss02,ss03,ss04,ss05,ss06,ss07,ss08,cv01,cv02,cv03	kern,mark,mkmk	ttc	glyf	13172948	no	Rasmus Andersson	rsms	RSMS	http://scripts.sil.org/OFL	
/Users/bardiasamiee/Library/CloudStorage/GoogleDrive-b.samiee@mzn-group.com/My Drive/03.Digital Asset Database/01.Fonts/02.Free Fonts/Inter Font Typeface/Inter 4.1/Inter.ttc	19	Inter Display Black	Italic	Inter Display Black Italic	InterDisplay-BlackItalic	Inter Display	Black Italic	Version 4.001;git-9221beed3	4.001	900	5	1		2901	0	0		1	334	105	248	dlig,calt,tnum,pnum,salt,frac,sups,subs,zero,case,ordn,aalt,locl,numr,dnom,ccmp,ss01,ss02,ss03,ss04,ss05,ss06,ss07,ss08,cv01,cv02,cv03	kern,mark,mkmk	ttc	glyf	13172948	no	Rasmus Andersson	rsms	RSMS	http://scripts.sil.org/OFL	
/Users/bardiasamiee/Library/CloudStorage/GoogleDrive-b.samiee@mzn-group.com/My Drive/03.Digital Asset Database/01.Fonts/02.Free Fonts/Inter Font Typeface/Inter 4.1/Inter.ttc	20	Inter Display	Regular	Inter Display Regular	InterDisplay-Regular			Version 4.001;git-9221beed3	4.001	400	5	0		2937	0	0		1	334	105	248	dlig,calt,tnum,pnum,salt,frac,sups,subs,zero,case,ordn,aalt,locl,numr,dnom,ccmp,ss01,ss02,ss03,ss04,ss05,ss06,ss07,ss08,cv01,cv02,cv03	kern,mark,mkmk	ttc	glyf	13172948	no	Rasmus Andersson	rsms	RSMS	http://scripts.sil.org/OFL	
/Users/bardiasamiee/Library/CloudStorage/GoogleDrive-b.samiee@mzn-group.com/My Drive/03.Digital Asset Database/01.Fonts/02.Free Fonts/Inter Font Typeface/Inter 4.1/Inter.ttc	21	Inter Display	Italic	Inter Display Italic	InterDisplay-Italic			Version 4.001;git-9221beed3	4.001	400	5	1		2901	0	0		1	334	105	248	dlig,calt,tnum,pnum,salt,frac,sups,subs,zero,case,ordn,aalt,locl,numr,dnom,ccmp,ss01,ss02,ss03,ss04,ss05,ss06,ss07,ss08,cv01,cv02,cv03	kern,mark,mkmk	ttc	glyf	13172948	no	Rasmus Andersson	rsms	RSMS	http://scripts.sil.org/OFL	
/Users/bardiasamiee/Library/CloudStorage/GoogleDrive-b.samiee@mzn-group.com/My Drive/03.Digital Asset Database/01.Fonts/02.Free Fonts/Inter Font Typeface/Inter 4.1/Inter.ttc	22	Inter Display Thin	Regular	Inter Display Thin	InterDisplay-Thin	Inter Display	Thin	Version 4.001;git-9221beed3	4.001	100	5	0		2937	0	0		1	334	105	248	dlig,calt,tnum,pnum,salt,frac,sups,subs,zero,case,ordn,aalt,locl,numr,dnom,ccmp,ss01,ss02,ss03,ss04,ss05,ss06,ss07,ss08,cv01,cv02,cv03	kern,mark,mkmk	ttc	glyf	13172948	no	Rasmus Andersson	rsms	RSMS	http://scripts.sil.org/OFL	
/Users/bardiasamiee/Library/CloudStorage/GoogleDrive-b.samiee@mzn-group.com/My Drive/03.Digital Asset Database/01.Fonts/02.Free Fonts/Inter Font Typeface/Inter 4.1/Inter.ttc	23	Inter Display Thin	Italic	Inter Display Thin Italic	InterDisplay-ThinItalic	Inter Display	Thin Italic	Version 4.001;git-9221beed3	4.001	100	5	1		2901	0	0		1	334	105	248	dlig,calt,tnum,pnum,salt,frac,sups,subs,zero,case,ordn,aalt,locl,numr,dnom,ccmp,ss01,ss02,ss03,ss04,ss05,ss06,ss07,ss08,cv01,cv02,cv03	kern,mark,mkmk	ttc	glyf	13172948	no	Rasmus Andersson	rsms	RSMS	http://scripts.sil.org/OFL	
/Users/bardiasamiee/Library/CloudStorage/GoogleDrive-b.samiee@mzn-group.com/My Drive/03.Digital Asset Database/01.Fonts/02.Free Fonts/Inter Font Typeface/Inter 4.1/Inter.ttc	24	Inter Display Light	Regular	Inter Display Light	InterDisplay-Light	Inter Display	Light	Version 4.001;git-9221beed3	4.001	300	5	0		2937	0	0		1	334	105	248	dlig,calt,tnum,pnum,salt,frac,sups,subs,zero,case,ordn,aalt,locl,numr,dnom,ccmp,ss01,ss02,ss03,ss04,ss05,ss06,ss07,ss08,cv01,cv02,cv03	kern,mark,mkmk	ttc	glyf	13172948	no	Rasmus Andersson	rsms	RSMS	http://scripts.sil.org/OFL	
/Users/bardiasamiee/Library/CloudStorage/GoogleDrive-b.samiee@mzn-group.com/My Drive/03.Digital Asset Database/01.Fonts/02.Free Fonts/Inter Font Typeface/Inter 4.1/Inter.ttc	25	Inter Display Light	Italic	Inter Display Light Italic	InterDisplay-LightItalic	Inter Display	Light Italic	Version 4.001;git-9221beed3	4.001	300	5	1		2901	0	0		1	334	105	248	dlig,calt,tnum,pnum,salt,frac,sups,subs,zero,case,ordn,aalt,locl,numr,dnom,ccmp,ss01,ss02,ss03,ss04,ss05,ss06,ss07,ss08,cv01,cv02,cv03	kern,mark,mkmk	ttc	glyf	13172948	no	Rasmus Andersson	rsms	RSMS	http://scripts.sil.org/OFL	
/Users/bardiasamiee/Library/CloudStorage/GoogleDrive-b.samiee@mzn-group.com/My Drive/03.Digital Asset Database/01.Fonts/02.Free Fonts/Inter Font Typeface/Inter 4.1/Inter.ttc	26	Inter Display ExtraLight	Regular	Inter Display ExtraLight	InterDisplay-ExtraLight	Inter Display	ExtraLight	Version 4.001;git-9221beed3	4.001	200	5	0		2937	0	0		1	334	105	248	dlig,calt,tnum,pnum,salt,frac,sups,subs,zero,case,ordn,aalt,locl,numr,dnom,ccmp,ss01,ss02,ss03,ss04,ss05,ss06,ss07,ss08,cv01,cv02,cv03	kern,mark,mkmk	ttc	glyf	13172948	no	Rasmus Andersson	rsms	RSMS	http://scripts.sil.org/OFL	
/Users/bardiasamiee/Library/CloudStorage/GoogleDrive-b.samiee@mzn-group.com/My Drive/03.Digital Asset Database/01.Fonts/02.Free Fonts/Inter Font Typeface/Inter 4.1/Inter.ttc	27	Inter Display ExtraLight	Italic	Inter Display ExtraLight Italic	InterDisplay-ExtraLightItalic	Inter Display	ExtraLight Italic	Version 4.001;git-9221beed3	4.001	200	5	1		2901	0	0		1	334	105	248	dlig,calt,tnum,pnum,salt,frac,sups,subs,zero,case,ordn,aalt,locl,numr,dnom,ccmp,ss01,ss02,ss03,ss04,ss05,ss06,ss07,ss08,cv01,cv02,cv03	kern,mark,mkmk	ttc	glyf	13172948	no	Rasmus Andersson	rsms	RSMS	http://scripts.sil.org/OFL	
/Users/bardiasamiee/Library/CloudStorage/GoogleDrive-b.samiee@mzn-group.com/My Drive/03.Digital Asset Database/01.Fonts/02.Free Fonts/Inter Font Typeface/Inter 4.1/Inter.ttc	28	Inter Display Medium	Regular	Inter Display Medium	InterDisplay-Medium	Inter Display	Medium	Version 4.001;git-9221beed3	4.001	500	5	0		2937	0	0		1	334	105	248	dlig,calt,tnum,pnum,salt,frac,sups,subs,zero,case,ordn,aalt,locl,numr,dnom,ccmp,ss01,ss02,ss03,ss04,ss05,ss06,ss07,ss08,cv01,cv02,cv03	kern,mark,mkmk	ttc	glyf	13172948	no	Rasmus Andersson	rsms	RSMS	http://scripts.sil.org/OFL	
/Users/bardiasamiee/Library/CloudStorage/GoogleDrive-b.samiee@mzn-group.com/My Drive/03.Digital Asset Database/01.Fonts/02.Free Fonts/Inter Font Typeface/Inter 4.1/Inter.ttc	29	Inter Display Medium	Italic	Inter Display Medium Italic	InterDisplay-MediumItalic	Inter Display	Medium Italic	Version 4.001;git-9221beed3	4.001	500	5	1		2901	0	0		1	334	105	248	dlig,calt,tnum,pnum,salt,frac,sups,subs,zero,case,ordn,aalt,locl,numr,dnom,ccmp,ss01,ss02,ss03,ss04,ss05,ss06,ss07,ss08,cv01,cv02,cv03	kern,mark,mkmk	ttc	glyf	13172948	no	Rasmus Andersson	rsms	RSMS	http://scripts.sil.org/OFL	
/Users/bardiasamiee/Library/CloudStorage/GoogleDrive-b.samiee@mzn-group.com/My Drive/03.Digital Asset Database/01.Fonts/02.Free Fonts/Inter Font Typeface/Inter 4.1/Inter.ttc	30	Inter Display SemiBold	Regular	Inter Display SemiBold	InterDisplay-SemiBold	Inter Display	SemiBold	Version 4.001;git-9221beed3	4.001	600	5	0		2937	0	0		1	334	105	248	dlig,calt,tnum,pnum,salt,frac,sups,subs,zero,case,ordn,aalt,locl,numr,dnom,ccmp,ss01,ss02,ss03,ss04,ss05,ss06,ss07,ss08,cv01,cv02,cv03	kern,mark,mkmk	ttc	glyf	13172948	no	Rasmus Andersson	rsms	RSMS	http://scripts.sil.org/OFL	
/Users/bardiasamiee/Library/CloudStorage/GoogleDrive-b.samiee@mzn-group.com/My Drive/03.Digital Asset Database/01.Fonts/02.Free Fonts/Inter Font Typeface/Inter 4.1/Inter.ttc	31	Inter Display SemiBold	Italic	Inter Display SemiBold Italic	InterDisplay-SemiBoldItalic	Inter Display	SemiBold Italic	Version 4.001;git-9221beed3	4.001	600	5	1		2901	0	0		1	334	105	248	dlig,calt,tnum,pnum,salt,frac,sups,subs,zero,case,ordn,aalt,locl,numr,dnom,ccmp,ss01,ss02,ss03,ss04,ss05,ss06,ss07,ss08,cv01,cv02,cv03	kern,mark,mkmk	ttc	glyf	13172948	no	Rasmus Andersson	rsms	RSMS	http://scripts.sil.org/OFL	
/Users/bardiasamiee/Library/CloudStorage/GoogleDrive-b.samiee@mzn-group.com/My Drive/03.Digital Asset Database/01.Fonts/02.Free Fonts/Inter Font Typeface/Inter 4.1/Inter.ttc	32	Inter Display	Bold	Inter Display Bold	InterDisplay-Bold			Version 4.001;git-9221beed3	4.001	700	5	0		2937	0	0		1	334	105	248	dlig,calt,tnum,pnum,salt,frac,sups,subs,zero,case,ordn,aalt,locl,numr,dnom,ccmp,ss01,ss02,ss03,ss04,ss05,ss06,ss07,ss08,cv01,cv02,cv03	kern,mark,mkmk	ttc	glyf	13172948	no	Rasmus Andersson	rsms	RSMS	http://scripts.sil.org/OFL	
/Users/bardiasamiee/Library/CloudStorage/GoogleDrive-b.samiee@mzn-group.com/My Drive/03.Digital Asset Database/01.Fonts/02.Free Fonts/Inter Font Typeface/Inter 4.1/Inter.ttc	33	Inter Display	Bold Italic	Inter Display Bold Italic	InterDisplay-BoldItalic			Version 4.001;git-9221beed3	4.001	700	5	1		2901	0	0		1	334	105	248	dlig,calt,tnum,pnum,salt,frac,sups,subs,zero,case,ordn,aalt,locl,numr,dnom,ccmp,ss01,ss02,ss03,ss04,ss05,ss06,ss07,ss08,cv01,cv02,cv03	kern,mark,mkmk	ttc	glyf	13172948	no	Rasmus Andersson	rsms	RSMS	http://scripts.sil.org/OFL	
/Users/bardiasamiee/Library/CloudStorage/GoogleDrive-b.samiee@mzn-group.com/My Drive/03.Digital Asset Database/01.Fonts/02.Free Fonts/Inter Font Typeface/Inter 4.1/Inter.ttc	34	Inter Display ExtraBold	Regular	Inter Display ExtraBold	InterDisplay-ExtraBold	Inter Display	ExtraBold	Version 4.001;git-9221beed3	4.001	800	5	0		2937	0	0		1	334	105	248	dlig,calt,tnum,pnum,salt,frac,sups,subs,zero,case,ordn,aalt,locl,numr,dnom,ccmp,ss01,ss02,ss03,ss04,ss05,ss06,ss07,ss08,cv01,cv02,cv03	kern,mark,mkmk	ttc	glyf	13172948	no	Rasmus Andersson	rsms	RSMS	http://scripts.sil.org/OFL	
/Users/bardiasamiee/Library/CloudStorage/GoogleDrive-b.samiee@mzn-group.com/My Drive/03.Digital Asset Database/01.Fonts/02.Free Fonts/Inter Font Typeface/Inter 4.1/Inter.ttc	35	Inter Display ExtraBold	Italic	Inter Display ExtraBold Italic	InterDisplay-ExtraBoldItalic	Inter Display	ExtraBold Italic	Version 4.001;git-9221beed3	4.001	800	5	1		2901	0	0		1	334	105	248	dlig,calt,tnum,pnum,salt,frac,sups,subs,zero,case,ordn,aalt,locl,numr,dnom,ccmp,ss01,ss02,ss03,ss04,ss05,ss06,ss07,ss08,cv01,cv02,cv03	kern,mark,mkmk	ttc	glyf	13172948	no	Rasmus Andersson	rsms	RSMS	http://scripts.sil.org/OFL	
/Users/bardiasamiee/Library/CloudStorage/GoogleDrive-b.samiee@mzn-group.com/My Drive/03.Digital Asset Database/01.Fonts/02.Free Fonts/Inter Font Typeface/Inter 4.1/InterVariable-Italic.ttf	0	Inter Variable	Italic	Inter Variable Italic	InterVariableItalic			Version 4.001;git-9221beed3	4.001	400	5	1	opsz[14..14..32];wght[100..400..900]	2901	0	0		1	334	105	248	dlig,calt,tnum,pnum,salt,frac,sups,subs,zero,case,ordn,aalt,locl,numr,dnom,ccmp,ss01,ss02,ss03,ss04,ss05,ss06,ss07,ss08,cv01,cv02,cv03	kern,mark,mkmk	ttf	glyf	910252	no	Rasmus Andersson	rsms	RSMS	http://scripts.sil.org/OFL	
/Users/bardiasamiee/Library/CloudStorage/GoogleDrive-b.samiee@mzn-group.com/My Drive/03.Digital Asset Database/01.Fonts/02.Free Fonts/Inter Font Typeface/Inter 4.1/InterVariable.ttf	0	Inter Variable	Regular	Inter Variable	InterVariable			Version 4.001;git-9221beed3	4.001	400	5	0	opsz[14..14..32];wght[100..400..900]	2937	0	0		1	334	105	248	dlig,calt,tnum,pnum,salt,frac,sups,subs,zero,case,ordn,aalt,locl,numr,dnom,ccmp,ss01,ss02,ss03,ss04,ss05,ss06,ss07,ss08,cv01,cv02,cv03	kern,mark,mkmk	ttf	glyf	879708	no	Rasmus Andersson	rsms	RSMS	http://scripts.sil.org/OFL	
/Users/bardiasamiee/Library/CloudStorage/GoogleDrive-b.samiee@mzn-group.com/My Drive/03.Digital Asset Database/01.Fonts/02.Free Fonts/Inter Font Typeface/Inter.ttc	0	Inter	Regular	Inter Regular	Inter-Regular			Version 4.000;git-a52131595	4.000	400	5	0		2926	0	0		1	334	105	248	dlig,calt,smcp,c2sc,tnum,pnum,salt,frac,sups,subs,zero,case,ordn,aalt,locl,numr,dnom,ccmp,ss01,ss02,ss03,ss04,ss05,ss06,ss07,ss08,cv01,cv02,cv03	kern,mark,mkmk	ttc	glyf	13000068	no	Rasmus Andersson	rsms	RSMS	http://scripts.sil.org/OFL	
/Users/bardiasamiee/Library/CloudStorage/GoogleDrive-b.samiee@mzn-group.com/My Drive/03.Digital Asset Database/01.Fonts/02.Free Fonts/Inter Font Typeface/Inter.ttc	1	Inter Black	Regular	Inter Black	Inter-Black	Inter	Black	Version 4.000;git-a52131595	4.000	900	5	0		2926	0	0		1	334	105	248	dlig,calt,smcp,c2sc,tnum,pnum,salt,frac,sups,subs,zero,case,ordn,aalt,locl,numr,dnom,ccmp,ss01,ss02,ss03,ss04,ss05,ss06,ss07,ss08,cv01,cv02,cv03	kern,mark,mkmk	ttc	glyf	13000068	no	Rasmus Andersson	rsms	RSMS	http://scripts.sil.org/OFL	
/Users/bardiasamiee/Library/CloudStorage/GoogleDrive-b.samiee@mzn-group.com/My Drive/03.Digital Asset Database/01.Fonts/02.Free Fonts/Inter Font Typeface/Inter.ttc	2	Inter Black	Italic	Inter Black Italic	Inter-BlackItalic	Inter	Black Italic	Version 4.000;git-a52131595	4.000	900	5	1		2889	0	0		1	334	105	248	dlig,calt,smcp,c2sc,tnum,pnum,salt,frac,sups,subs,zero,case,ordn,aalt,locl,numr,dnom,ccmp,ss01,ss02,ss03,ss04,ss05,ss06,ss07,ss08,cv01,cv02,cv03	kern,mark,mkmk	ttc	glyf	13000068	no	Rasmus Andersson	rsms	RSMS	http://scripts.sil.org/OFL	
/Users/bardiasamiee/Library/CloudStorage/GoogleDrive-b.samiee@mzn-group.com/My Drive/03.Digital Asset Database/01.Fonts/02.Free Fonts/Inter Font Typeface/Inter.ttc	3	Inter	Italic	Inter Italic	Inter-Italic			Version 4.000;git-a52131595	4.000	400	5	1		2889	0	0		1	334	105	248	dlig,calt,smcp,c2sc,tnum,pnum,salt,frac,sups,subs,zero,case,ordn,aalt,locl,numr,dnom,ccmp,ss01,ss02,ss03,ss04,ss05,ss06,ss07,ss08,cv01,cv02,cv03	kern,mark,mkmk	ttc	glyf	13000068	no	Rasmus Andersson	rsms	RSMS	http://scripts.sil.org/OFL	
/Users/bardiasamiee/Library/CloudStorage/GoogleDrive-b.samiee@mzn-group.com/My Drive/03.Digital Asset Database/01.Fonts/02.Free Fonts/Inter Font Typeface/Inter.ttc	4	Inter Thin	Regular	Inter Thin	Inter-Thin	Inter	Thin	Version 4.000;git-a52131595	4.000	100	5	0		2926	0	0		1	334	105	248	dlig,calt,smcp,c2sc,tnum,pnum,salt,frac,sups,subs,zero,case,ordn,aalt,locl,numr,dnom,ccmp,ss01,ss02,ss03,ss04,ss05,ss06,ss07,ss08,cv01,cv02,cv03	kern,mark,mkmk	ttc	glyf	13000068	no	Rasmus Andersson	rsms	RSMS	http://scripts.sil.org/OFL	
/Users/bardiasamiee/Library/CloudStorage/GoogleDrive-b.samiee@mzn-group.com/My Drive/03.Digital Asset Database/01.Fonts/02.Free Fonts/Inter Font Typeface/Inter.ttc	5	Inter Thin	Italic	Inter Thin Italic	Inter-ThinItalic	Inter	Thin Italic	Version 4.000;git-a52131595	4.000	100	5	1		2889	0	0		1	334	105	248	dlig,calt,smcp,c2sc,tnum,pnum,salt,frac,sups,subs,zero,case,ordn,aalt,locl,numr,dnom,ccmp,ss01,ss02,ss03,ss04,ss05,ss06,ss07,ss08,cv01,cv02,cv03	kern,mark,mkmk	ttc	glyf	13000068	no	Rasmus Andersson	rsms	RSMS	http://scripts.sil.org/OFL	
/Users/bardiasamiee/Library/CloudStorage/GoogleDrive-b.samiee@mzn-group.com/My Drive/03.Digital Asset Database/01.Fonts/02.Free Fonts/Inter Font Typeface/Inter.ttc	6	Inter Light	Regular	Inter Light	Inter-Light	Inter	Light	Version 4.000;git-a52131595	4.000	300	5	0		2926	0	0		1	334	105	248	dlig,calt,smcp,c2sc,tnum,pnum,salt,frac,sups,subs,zero,case,ordn,aalt,locl,numr,dnom,ccmp,ss01,ss02,ss03,ss04,ss05,ss06,ss07,ss08,cv01,cv02,cv03	kern,mark,mkmk	ttc	glyf	13000068	no	Rasmus Andersson	rsms	RSMS	http://scripts.sil.org/OFL	
/Users/bardiasamiee/Library/CloudStorage/GoogleDrive-b.samiee@mzn-group.com/My Drive/03.Digital Asset Database/01.Fonts/02.Free Fonts/Inter Font Typeface/Inter.ttc	7	Inter Light	Italic	Inter Light Italic	Inter-LightItalic	Inter	Light Italic	Version 4.000;git-a52131595	4.000	300	5	1		2889	0	0		1	334	105	248	dlig,calt,smcp,c2sc,tnum,pnum,salt,frac,sups,subs,zero,case,ordn,aalt,locl,numr,dnom,ccmp,ss01,ss02,ss03,ss04,ss05,ss06,ss07,ss08,cv01,cv02,cv03	kern,mark,mkmk	ttc	glyf	13000068	no	Rasmus Andersson	rsms	RSMS	http://scripts.sil.org/OFL	
/Users/bardiasamiee/Library/CloudStorage/GoogleDrive-b.samiee@mzn-group.com/My Drive/03.Digital Asset Database/01.Fonts/02.Free Fonts/Inter Font Typeface/Inter.ttc	8	Inter ExtraLight	Regular	Inter ExtraLight	Inter-ExtraLight	Inter	ExtraLight	Version 4.000;git-a52131595	4.000	200	5	0		2926	0	0		1	334	105	248	dlig,calt,smcp,c2sc,tnum,pnum,salt,frac,sups,subs,zero,case,ordn,aalt,locl,numr,dnom,ccmp,ss01,ss02,ss03,ss04,ss05,ss06,ss07,ss08,cv01,cv02,cv03	kern,mark,mkmk	ttc	glyf	13000068	no	Rasmus Andersson	rsms	RSMS	http://scripts.sil.org/OFL	
/Users/bardiasamiee/Library/CloudStorage/GoogleDrive-b.samiee@mzn-group.com/My Drive/03.Digital Asset Database/01.Fonts/02.Free Fonts/Inter Font Typeface/Inter.ttc	9	Inter ExtraLight	Italic	Inter ExtraLight Italic	Inter-ExtraLightItalic	Inter	ExtraLight Italic	Version 4.000;git-a52131595	4.000	200	5	1		2889	0	0		1	334	105	248	dlig,calt,smcp,c2sc,tnum,pnum,salt,frac,sups,subs,zero,case,ordn,aalt,locl,numr,dnom,ccmp,ss01,ss02,ss03,ss04,ss05,ss06,ss07,ss08,cv01,cv02,cv03	kern,mark,mkmk	ttc	glyf	13000068	no	Rasmus Andersson	rsms	RSMS	http://scripts.sil.org/OFL	
/Users/bardiasamiee/Library/CloudStorage/GoogleDrive-b.samiee@mzn-group.com/My Drive/03.Digital Asset Database/01.Fonts/02.Free Fonts/Inter Font Typeface/Inter.ttc	10	Inter Medium	Regular	Inter Medium	Inter-Medium	Inter	Medium	Version 4.000;git-a52131595	4.000	500	5	0		2926	0	0		1	334	105	248	dlig,calt,smcp,c2sc,tnum,pnum,salt,frac,sups,subs,zero,case,ordn,aalt,locl,numr,dnom,ccmp,ss01,ss02,ss03,ss04,ss05,ss06,ss07,ss08,cv01,cv02,cv03	kern,mark,mkmk	ttc	glyf	13000068	no	Rasmus Andersson	rsms	RSMS	http://scripts.sil.org/OFL	
/Users/bardiasamiee/Library/CloudStorage/GoogleDrive-b.samiee@mzn-group.com/My Drive/03.Digital Asset Database/01.Fonts/02.Free Fonts/Inter Font Typeface/Inter.ttc	11	Inter Medium	Italic	Inter Medium Italic	Inter-MediumItalic	Inter	Medium Italic	Version 4.000;git-a52131595	4.000	500	5	1		2889	0	0		1	334	105	248	dlig,calt,smcp,c2sc,tnum,pnum,salt,frac,sups,subs,zero,case,ordn,aalt,locl,numr,dnom,ccmp,ss01,ss02,ss03,ss04,ss05,ss06,ss07,ss08,cv01,cv02,cv03	kern,mark,mkmk	ttc	glyf	13000068	no	Rasmus Andersson	rsms	RSMS	http://scripts.sil.org/OFL	
/Users/bardiasamiee/Library/CloudStorage/GoogleDrive-b.samiee@mzn-group.com/My Drive/03.Digital Asset Database/01.Fonts/02.Free Fonts/Inter Font Typeface/Inter.ttc	12	Inter SemiBold	Regular	Inter SemiBold	Inter-SemiBold	Inter	SemiBold	Version 4.000;git-a52131595	4.000	600	5	0		2926	0	0		1	334	105	248	dlig,calt,smcp,c2sc,tnum,pnum,salt,frac,sups,subs,zero,case,ordn,aalt,locl,numr,dnom,ccmp,ss01,ss02,ss03,ss04,ss05,ss06,ss07,ss08,cv01,cv02,cv03	kern,mark,mkmk	ttc	glyf	13000068	no	Rasmus Andersson	rsms	RSMS	http://scripts.sil.org/OFL	
/Users/bardiasamiee/Library/CloudStorage/GoogleDrive-b.samiee@mzn-group.com/My Drive/03.Digital Asset Database/01.Fonts/02.Free Fonts/Inter Font Typeface/Inter.ttc	13	Inter SemiBold	Italic	Inter SemiBold Italic	Inter-SemiBoldItalic	Inter	SemiBold Italic	Version 4.000;git-a52131595	4.000	600	5	1		2889	0	0		1	334	105	248	dlig,calt,smcp,c2sc,tnum,pnum,salt,frac,sups,subs,zero,case,ordn,aalt,locl,numr,dnom,ccmp,ss01,ss02,ss03,ss04,ss05,ss06,ss07,ss08,cv01,cv02,cv03	kern,mark,mkmk	ttc	glyf	13000068	no	Rasmus Andersson	rsms	RSMS	http://scripts.sil.org/OFL	
/Users/bardiasamiee/Library/CloudStorage/GoogleDrive-b.samiee@mzn-group.com/My Drive/03.Digital Asset Database/01.Fonts/02.Free Fonts/Inter Font Typeface/Inter.ttc	14	Inter	Bold	Inter Bold	Inter-Bold			Version 4.000;git-a52131595	4.000	700	5	0		2926	0	0		1	334	105	248	dlig,calt,smcp,c2sc,tnum,pnum,salt,frac,sups,subs,zero,case,ordn,aalt,locl,numr,dnom,ccmp,ss01,ss02,ss03,ss04,ss05,ss06,ss07,ss08,cv01,cv02,cv03	kern,mark,mkmk	ttc	glyf	13000068	no	Rasmus Andersson	rsms	RSMS	http://scripts.sil.org/OFL	
/Users/bardiasamiee/Library/CloudStorage/GoogleDrive-b.samiee@mzn-group.com/My Drive/03.Digital Asset Database/01.Fonts/02.Free Fonts/Inter Font Typeface/Inter.ttc	15	Inter	Bold Italic	Inter Bold Italic	Inter-BoldItalic			Version 4.000;git-a52131595	4.000	700	5	1		2889	0	0		1	334	105	248	dlig,calt,smcp,c2sc,tnum,pnum,salt,frac,sups,subs,zero,case,ordn,aalt,locl,numr,dnom,ccmp,ss01,ss02,ss03,ss04,ss05,ss06,ss07,ss08,cv01,cv02,cv03	kern,mark,mkmk	ttc	glyf	13000068	no	Rasmus Andersson	rsms	RSMS	http://scripts.sil.org/OFL	
/Users/bardiasamiee/Library/CloudStorage/GoogleDrive-b.samiee@mzn-group.com/My Drive/03.Digital Asset Database/01.Fonts/02.Free Fonts/Inter Font Typeface/Inter.ttc	16	Inter ExtraBold	Regular	Inter ExtraBold	Inter-ExtraBold	Inter	ExtraBold	Version 4.000;git-a52131595	4.000	800	5	0		2926	0	0		1	334	105	248	dlig,calt,smcp,c2sc,tnum,pnum,salt,frac,sups,subs,zero,case,ordn,aalt,locl,numr,dnom,ccmp,ss01,ss02,ss03,ss04,ss05,ss06,ss07,ss08,cv01,cv02,cv03	kern,mark,mkmk	ttc	glyf	13000068	no	Rasmus Andersson	rsms	RSMS	http://scripts.sil.org/OFL	
/Users/bardiasamiee/Library/CloudStorage/GoogleDrive-b.samiee@mzn-group.com/My Drive/03.Digital Asset Database/01.Fonts/02.Free Fonts/Inter Font Typeface/Inter.ttc	17	Inter ExtraBold	Italic	Inter ExtraBold Italic	Inter-ExtraBoldItalic	Inter	ExtraBold Italic	Version 4.000;git-a52131595	4.000	800	5	1		2889	0	0		1	334	105	248	dlig,calt,smcp,c2sc,tnum,pnum,salt,frac,sups,subs,zero,case,ordn,aalt,locl,numr,dnom,ccmp,ss01,ss02,ss03,ss04,ss05,ss06,ss07,ss08,cv01,cv02,cv03	kern,mark,mkmk	ttc	glyf	13000068	no	Rasmus Andersson	rsms	RSMS	http://scripts.sil.org/OFL	
/Users/bardiasamiee/Library/CloudStorage/GoogleDrive-b.samiee@mzn-group.com/My Drive/03.Digital Asset Database/01.Fonts/02.Free Fonts/Inter Font Typeface/Inter.ttc	18	Inter Display Black	Regular	Inter Display Black	InterDisplay-Black	Inter Display	Black	Version 4.000;git-a52131595	4.000	900	5	0		2926	0	0		1	334	105	248	dlig,calt,smcp,c2sc,tnum,pnum,salt,frac,sups,subs,zero,case,ordn,aalt,locl,numr,dnom,ccmp,ss01,ss02,ss03,ss04,ss05,ss06,ss07,ss08,cv01,cv02,cv03	kern,mark,mkmk	ttc	glyf	13000068	no	Rasmus Andersson	rsms	RSMS	http://scripts.sil.org/OFL	
/Users/bardiasamiee/Library/CloudStorage/GoogleDrive-b.samiee@mzn-group.com/My Drive/03.Digital Asset Database/01.Fonts/02.Free Fonts/Inter Font Typeface/Inter.ttc	19	Inter Display Black	Italic	Inter Display Black Italic	InterDisplay-BlackItalic	Inter Display	Black Italic	Version 4.000;git-a52131595	4.000	900	5	1		2889	0	0		1	334	105	248	dlig,calt,smcp,c2sc,tnum,pnum,salt,frac,sups,subs,zero,case,ordn,aalt,locl,numr,dnom,ccmp,ss01,ss02,ss03,ss04,ss05,ss06,ss07,ss08,cv01,cv02,cv03	kern,mark,mkmk	ttc	glyf	13000068	no	Rasmus Andersson	rsms	RSMS	http://scripts.sil.org/OFL	
/Users/bardiasamiee/Library/CloudStorage/GoogleDrive-b.samiee@mzn-group.com/My Drive/03.Digital Asset Database/01.Fonts/02.Free Fonts/Inter Font Typeface/Inter.ttc	20	Inter Display	Regular	Inter Display Regular	InterDisplay-Regular			Version 4.000;git-a52131595	4.000	400	5	0		2926	0	0		1	334	105	248	dlig,calt,smcp,c2sc,tnum,pnum,salt,frac,sups,subs,zero,case,ordn,aalt,locl,numr,dnom,ccmp,ss01,ss02,ss03,ss04,ss05,ss06,ss07,ss08,cv01,cv02,cv03	kern,mark,mkmk	ttc	glyf	13000068	no	Rasmus Andersson	rsms	RSMS	http://scripts.sil.org/OFL	
/Users/bardiasamiee/Library/CloudStorage/GoogleDrive-b.samiee@mzn-group.com/My Drive/03.Digital Asset Database/01.Fonts/02.Free Fonts/Inter Font Typeface/Inter.ttc	21	Inter Display	Italic	Inter Display Italic	InterDisplay-Italic			Version 4.000;git-a52131595	4.000	400	5	1		2889	0	0		1	334	105	248	dlig,calt,smcp,c2sc,tnum,pnum,salt,frac,sups,subs,zero,case,ordn,aalt,locl,numr,dnom,ccmp,ss01,ss02,ss03,ss04,ss05,ss06,ss07,ss08,cv01,cv02,cv03	kern,mark,mkmk	ttc	glyf	13000068	no	Rasmus Andersson	rsms	RSMS	http://scripts.sil.org/OFL	
/Users/bardiasamiee/Library/CloudStorage/GoogleDrive-b.samiee@mzn-group.com/My Drive/03.Digital Asset Database/01.Fonts/02.Free Fonts/Inter Font Typeface/Inter.ttc	22	Inter Display Thin	Regular	Inter Display Thin	InterDisplay-Thin	Inter Display	Thin	Version 4.000;git-a52131595	4.000	100	5	0		2926	0	0		1	334	105	248	dlig,calt,smcp,c2sc,tnum,pnum,salt,frac,sups,subs,zero,case,ordn,aalt,locl,numr,dnom,ccmp,ss01,ss02,ss03,ss04,ss05,ss06,ss07,ss08,cv01,cv02,cv03	kern,mark,mkmk	ttc	glyf	13000068	no	Rasmus Andersson	rsms	RSMS	http://scripts.sil.org/OFL	
/Users/bardiasamiee/Library/CloudStorage/GoogleDrive-b.samiee@mzn-group.com/My Drive/03.Digital Asset Database/01.Fonts/02.Free Fonts/Inter Font Typeface/Inter.ttc	23	Inter Display Thin	Italic	Inter Display Thin Italic	InterDisplay-ThinItalic	Inter Display	Thin Italic	Version 4.000;git-a52131595	4.000	100	5	1		2889	0	0		1	334	105	248	dlig,calt,smcp,c2sc,tnum,pnum,salt,frac,sups,subs,zero,case,ordn,aalt,locl,numr,dnom,ccmp,ss01,ss02,ss03,ss04,ss05,ss06,ss07,ss08,cv01,cv02,cv03	kern,mark,mkmk	ttc	glyf	13000068	no	Rasmus Andersson	rsms	RSMS	http://scripts.sil.org/OFL	
/Users/bardiasamiee/Library/CloudStorage/GoogleDrive-b.samiee@mzn-group.com/My Drive/03.Digital Asset Database/01.Fonts/02.Free Fonts/Inter Font Typeface/Inter.ttc	24	Inter Display Light	Regular	Inter Display Light	InterDisplay-Light	Inter Display	Light	Version 4.000;git-a52131595	4.000	300	5	0		2926	0	0		1	334	105	248	dlig,calt,smcp,c2sc,tnum,pnum,salt,frac,sups,subs,zero,case,ordn,aalt,locl,numr,dnom,ccmp,ss01,ss02,ss03,ss04,ss05,ss06,ss07,ss08,cv01,cv02,cv03	kern,mark,mkmk	ttc	glyf	13000068	no	Rasmus Andersson	rsms	RSMS	http://scripts.sil.org/OFL	
/Users/bardiasamiee/Library/CloudStorage/GoogleDrive-b.samiee@mzn-group.com/My Drive/03.Digital Asset Database/01.Fonts/02.Free Fonts/Inter Font Typeface/Inter.ttc	25	Inter Display Light	Italic	Inter Display Light Italic	InterDisplay-LightItalic	Inter Display	Light Italic	Version 4.000;git-a52131595	4.000	300	5	1		2889	0	0		1	334	105	248	dlig,calt,smcp,c2sc,tnum,pnum,salt,frac,sups,subs,zero,case,ordn,aalt,locl,numr,dnom,ccmp,ss01,ss02,ss03,ss04,ss05,ss06,ss07,ss08,cv01,cv02,cv03	kern,mark,mkmk	ttc	glyf	13000068	no	Rasmus Andersson	rsms	RSMS	http://scripts.sil.org/OFL	
/Users/bardiasamiee/Library/CloudStorage/GoogleDrive-b.samiee@mzn-group.com/My Drive/03.Digital Asset Database/01.Fonts/02.Free Fonts/Inter Font Typeface/Inter.ttc	26	Inter Display ExtraLight	Regular	Inter Display ExtraLight	InterDisplay-ExtraLight	Inter Display	ExtraLight	Version 4.000;git-a52131595	4.000	200	5	0		2926	0	0		1	334	105	248	dlig,calt,smcp,c2sc,tnum,pnum,salt,frac,sups,subs,zero,case,ordn,aalt,locl,numr,dnom,ccmp,ss01,ss02,ss03,ss04,ss05,ss06,ss07,ss08,cv01,cv02,cv03	kern,mark,mkmk	ttc	glyf	13000068	no	Rasmus Andersson	rsms	RSMS	http://scripts.sil.org/OFL	
/Users/bardiasamiee/Library/CloudStorage/GoogleDrive-b.samiee@mzn-group.com/My Drive/03.Digital Asset Database/01.Fonts/02.Free Fonts/Inter Font Typeface/Inter.ttc	27	Inter Display ExtraLight	Italic	Inter Display ExtraLight Italic	InterDisplay-ExtraLightItalic	Inter Display	ExtraLight Italic	Version 4.000;git-a52131595	4.000	200	5	1		2889	0	0		1	334	105	248	dlig,calt,smcp,c2sc,tnum,pnum,salt,frac,sups,subs,zero,case,ordn,aalt,locl,numr,dnom,ccmp,ss01,ss02,ss03,ss04,ss05,ss06,ss07,ss08,cv01,cv02,cv03	kern,mark,mkmk	ttc	glyf	13000068	no	Rasmus Andersson	rsms	RSMS	http://scripts.sil.org/OFL	
/Users/bardiasamiee/Library/CloudStorage/GoogleDrive-b.samiee@mzn-group.com/My Drive/03.Digital Asset Database/01.Fonts/02.Free Fonts/Inter Font Typeface/Inter.ttc	28	Inter Display Medium	Regular	Inter Display Medium	InterDisplay-Medium	Inter Display	Medium	Version 4.000;git-a52131595	4.000	500	5	0		2926	0	0		1	334	105	248	dlig,calt,smcp,c2sc,tnum,pnum,salt,frac,sups,subs,zero,case,ordn,aalt,locl,numr,dnom,ccmp,ss01,ss02,ss03,ss04,ss05,ss06,ss07,ss08,cv01,cv02,cv03	kern,mark,mkmk	ttc	glyf	13000068	no	Rasmus Andersson	rsms	RSMS	http://scripts.sil.org/OFL	
/Users/bardiasamiee/Library/CloudStorage/GoogleDrive-b.samiee@mzn-group.com/My Drive/03.Digital Asset Database/01.Fonts/02.Free Fonts/Inter Font Typeface/Inter.ttc	29	Inter Display Medium	Italic	Inter Display Medium Italic	InterDisplay-MediumItalic	Inter Display	Medium Italic	Version 4.000;git-a52131595	4.000	500	5	1		2889	0	0		1	334	105	248	dlig,calt,smcp,c2sc,tnum,pnum,salt,frac,sups,subs,zero,case,ordn,aalt,locl,numr,dnom,ccmp,ss01,ss02,ss03,ss04,ss05,ss06,ss07,ss08,cv01,cv02,cv03	kern,mark,mkmk	ttc	glyf	13000068	no	Rasmus Andersson	rsms	RSMS	http://scripts.sil.org/OFL	
/Users/bardiasamiee/Library/CloudStorage/GoogleDrive-b.samiee@mzn-group.com/My Drive/03.Digital Asset Database/01.Fonts/02.Free Fonts/Inter Font Typeface/Inter.ttc	30	Inter Display SemiBold	Regular	Inter Display SemiBold	InterDisplay-SemiBold	Inter Display	SemiBold	Version 4.000;git-a52131595	4.000	600	5	0		2926	0	0		1	334	105	248	dlig,calt,smcp,c2sc,tnum,pnum,salt,frac,sups,subs,zero,case,ordn,aalt,locl,numr,dnom,ccmp,ss01,ss02,ss03,ss04,ss05,ss06,ss07,ss08,cv01,cv02,cv03	kern,mark,mkmk	ttc	glyf	13000068	no	Rasmus Andersson	rsms	RSMS	http://scripts.sil.org/OFL	
/Users/bardiasamiee/Library/CloudStorage/GoogleDrive-b.samiee@mzn-group.com/My Drive/03.Digital Asset Database/01.Fonts/02.Free Fonts/Inter Font Typeface/Inter.ttc	31	Inter Display SemiBold	Italic	Inter Display SemiBold Italic	InterDisplay-SemiBoldItalic	Inter Display	SemiBold Italic	Version 4.000;git-a52131595	4.000	600	5	1		2889	0	0		1	334	105	248	dlig,calt,smcp,c2sc,tnum,pnum,salt,frac,sups,subs,zero,case,ordn,aalt,locl,numr,dnom,ccmp,ss01,ss02,ss03,ss04,ss05,ss06,ss07,ss08,cv01,cv02,cv03	kern,mark,mkmk	ttc	glyf	13000068	no	Rasmus Andersson	rsms	RSMS	http://scripts.sil.org/OFL	
/Users/bardiasamiee/Library/CloudStorage/GoogleDrive-b.samiee@mzn-group.com/My Drive/03.Digital Asset Database/01.Fonts/02.Free Fonts/Inter Font Typeface/Inter.ttc	32	Inter Display	Bold	Inter Display Bold	InterDisplay-Bold			Version 4.000;git-a52131595	4.000	700	5	0		2926	0	0		1	334	105	248	dlig,calt,smcp,c2sc,tnum,pnum,salt,frac,sups,subs,zero,case,ordn,aalt,locl,numr,dnom,ccmp,ss01,ss02,ss03,ss04,ss05,ss06,ss07,ss08,cv01,cv02,cv03	kern,mark,mkmk	ttc	glyf	13000068	no	Rasmus Andersson	rsms	RSMS	http://scripts.sil.org/OFL	
/Users/bardiasamiee/Library/CloudStorage/GoogleDrive-b.samiee@mzn-group.com/My Drive/03.Digital Asset Database/01.Fonts/02.Free Fonts/Inter Font Typeface/Inter.ttc	33	Inter Display	Bold Italic	Inter Display Bold Italic	InterDisplay-BoldItalic			Version 4.000;git-a52131595	4.000	700	5	1		2889	0	0		1	334	105	248	dlig,calt,smcp,c2sc,tnum,pnum,salt,frac,sups,subs,zero,case,ordn,aalt,locl,numr,dnom,ccmp,ss01,ss02,ss03,ss04,ss05,ss06,ss07,ss08,cv01,cv02,cv03	kern,mark,mkmk	ttc	glyf	13000068	no	Rasmus Andersson	rsms	RSMS	http://scripts.sil.org/OFL	
/Users/bardiasamiee/Library/CloudStorage/GoogleDrive-b.samiee@mzn-group.com/My Drive/03.Digital Asset Database/01.Fonts/02.Free Fonts/Inter Font Typeface/Inter.ttc	34	Inter Display ExtraBold	Regular	Inter Display ExtraBold	InterDisplay-ExtraBold	Inter Display	ExtraBold	Version 4.000;git-a52131595	4.000	800	5	0		2926	0	0		1	334	105	248	dlig,calt,smcp,c2sc,tnum,pnum,salt,frac,sups,subs,zero,case,ordn,aalt,locl,numr,dnom,ccmp,ss01,ss02,ss03,ss04,ss05,ss06,ss07,ss08,cv01,cv02,cv03	kern,mark,mkmk	ttc	glyf	13000068	no	Rasmus Andersson	rsms	RSMS	http://scripts.sil.org/OFL	
/Users/bardiasamiee/Library/CloudStorage/GoogleDrive-b.samiee@mzn-group.com/My Drive/03.Digital Asset Database/01.Fonts/02.Free Fonts/Inter Font Typeface/Inter.ttc	35	Inter Display ExtraBold	Italic	Inter Display ExtraBold Italic	InterDisplay-ExtraBoldItalic	Inter Display	ExtraBold Italic	Version 4.000;git-a52131595	4.000	800	5	1		2889	0	0		1	334	105	248	dlig,calt,smcp,c2sc,tnum,pnum,salt,frac,sups,subs,zero,case,ordn,aalt,locl,numr,dnom,ccmp,ss01,ss02,ss03,ss04,ss05,ss06,ss07,ss08,cv01,cv02,cv03	kern,mark,mkmk	ttc	glyf	13000068	no	Rasmus Andersson	rsms	RSMS	http://scripts.sil.org/OFL	
/Users/bardiasamiee/Library/CloudStorage/GoogleDrive-b.samiee@mzn-group.com/My Drive/03.Digital Asset Database/01.Fonts/02.Free Fonts/Inter Font Typeface/InterVariable-Italic.ttf	0	Inter Variable	Italic	Inter Variable Italic	InterVariableItalic			Version 4.000;git-a52131595	4.000	400	5	1	opsz[14..14..32];wght[100..400..900]	2889	0	0		1	334	105	248	dlig,calt,smcp,c2sc,tnum,pnum,salt,frac,sups,subs,zero,case,ordn,aalt,locl,numr,dnom,ccmp,ss01,ss02,ss03,ss04,ss05,ss06,ss07,ss08,cv01,cv02,cv03	kern,mark,mkmk	ttf	glyf	894460	no	Rasmus Andersson	rsms	RSMS	http://scripts.sil.org/OFL	
/Users/bardiasamiee/Library/CloudStorage/GoogleDrive-b.samiee@mzn-group.com/My Drive/03.Digital Asset Database/01.Fonts/02.Free Fonts/Inter Font Typeface/InterVariable.ttf	0	Inter Variable	Regular	Inter Variable	InterVariable			Version 4.000;git-a52131595	4.000	400	5	0	opsz[14..14..32];wght[100..400..900]	2926	0	0		1	334	105	248	dlig,calt,smcp,c2sc,tnum,pnum,salt,frac,sups,subs,zero,case,ordn,aalt,locl,numr,dnom,ccmp,ss01,ss02,ss03,ss04,ss05,ss06,ss07,ss08,cv01,cv02,cv03	kern,mark,mkmk	ttf	glyf	862936	no	Rasmus Andersson	rsms	RSMS	http://scripts.sil.org/OFL	
/Users/bardiasamiee/Library/CloudStorage/GoogleDrive-b.samiee@mzn-group.com/My Drive/03.Digital Asset Database/01.Fonts/02.Free Fonts/Lato/Lato-Black.ttf	0	Lato Black	Regular	Lato Black	Lato-Black	Lato	Black	Version 3.100; https://www.latofonts.com/	3.100	900	5	0		3055	0	0		1	336	127	255		kern,mark,mkmk	ttf	glyf	683648	no	Lukasz Dziedzic with Adam Twardoch and Botio Nikoltchev	tyPoland Lukasz Dziedzic	tyPL	http://scripts.sil.org/OFL	
/Users/bardiasamiee/Library/CloudStorage/GoogleDrive-b.samiee@mzn-group.com/My Drive/03.Digital Asset Database/01.Fonts/02.Free Fonts/Lato/Lato-BlackItalic.ttf	0	Lato Black	Italic	Lato Black Italic	Lato-BlackItalic	Lato	Black Italic	Version 3.100; https://www.latofonts.com/	3.100	900	5	1		3053	0	0		1	336	127	255	liga,dlig,calt,onum,lnum,tnum,pnum,salt,frac,sups,subs,case,ordn,aalt,locl,numr,dnom,hist,ccmp,ss01,ss02,ss03,ss04,ss05,ss06,ss07,ss08		ttf	glyf	423172	no	Lukasz Dziedzic with Adam Twardoch and Botio Nikoltchev	tyPoland Lukasz Dziedzic	tyPL	http://scripts.sil.org/OFL	
/Users/bardiasamiee/Library/CloudStorage/GoogleDrive-b.samiee@mzn-group.com/My Drive/03.Digital Asset Database/01.Fonts/02.Free Fonts/Lato/Lato-Bold.ttf	0	Lato	Bold	Lato Bold	Lato-Bold			Version 3.100; https://www.latofonts.com/	3.100	700	5	0		3055	0	0		1	336	127	255		kern,mark,mkmk	ttf	glyf	722664	no	Lukasz Dziedzic with Adam Twardoch and Botio Nikoltchev	tyPoland Lukasz Dziedzic	tyPL	http://scripts.sil.org/OFL	
/Users/bardiasamiee/Library/CloudStorage/GoogleDrive-b.samiee@mzn-group.com/My Drive/03.Digital Asset Database/01.Fonts/02.Free Fonts/Lato/Lato-BoldItalic.ttf	0	Lato	Bold Italic	Lato Bold Italic	Lato-BoldItalic			Version 3.100; https://www.latofonts.com/	3.100	700	5	1		3053	0	0		1	336	127	255	liga,dlig,calt,onum,lnum,tnum,pnum,salt,frac,sups,subs,case,ordn,aalt,locl,numr,dnom,hist,ccmp,ss01,ss02,ss03,ss04,ss05,ss06,ss07,ss08		ttf	glyf	422280	no	Lukasz Dziedzic with Adam Twardoch and Botio Nikoltchev	tyPoland Lukasz Dziedzic	tyPL	http://scripts.sil.org/OFL	
/Users/bardiasamiee/Library/CloudStorage/GoogleDrive-b.samiee@mzn-group.com/My Drive/03.Digital Asset Database/01.Fonts/02.Free Fonts/Lato/Lato-Hairline.ttf	0	Lato Hairline	Regular	Lato Hairline	Lato-Hairline	Lato	Hairline	Version 3.100; https://www.latofonts.com/	3.100	100	5	0		3055	0	0		1	336	127	255		kern,mark,mkmk	ttf	glyf	718264	no	Lukasz Dziedzic with Adam Twardoch and Botio Nikoltchev	tyPoland Lukasz Dziedzic	tyPL	http://scripts.sil.org/OFL	
/Users/bardiasamiee/Library/CloudStorage/GoogleDrive-b.samiee@mzn-group.com/My Drive/03.Digital Asset Database/01.Fonts/02.Free Fonts/Lato/Lato-HairlineItalic.ttf	0	Lato Hairline	Italic	Lato Hairline Italic	Lato-HairlineItalic	Lato	Hairline Italic	Version 3.100; https://www.latofonts.com/	3.100	100	5	1		3053	0	0		1	336	127	255	liga,dlig,calt,onum,lnum,tnum,pnum,salt,frac,sups,subs,case,ordn,aalt,locl,numr,dnom,hist,ccmp,ss01,ss02,ss03,ss04,ss05,ss06,ss07,ss08		ttf	glyf	408764	no	Lukasz Dziedzic with Adam Twardoch and Botio Nikoltchev	tyPoland Lukasz Dziedzic	tyPL	http://scripts.sil.org/OFL	
/Users/bardiasamiee/Library/CloudStorage/GoogleDrive-b.samiee@mzn-group.com/My Drive/03.Digital Asset Database/01.Fonts/02.Free Fonts/Lato/Lato-Heavy.ttf	0	Lato Heavy	Regular	Lato Heavy	Lato-Heavy	Lato	Heavy	Version 3.100; https://www.latofonts.com/	3.100	800	5	0		3055	0	0		1	336	127	255		kern,mark,mkmk	ttf	glyf	724520	no	Lukasz Dziedzic with Adam Twardoch and Botio Nikoltchev	tyPoland Lukasz Dziedzic	tyPL	http://scripts.sil.org/OFL	
/Users/bardiasamiee/Library/CloudStorage/GoogleDrive-b.samiee@mzn-group.com/My Drive/03.Digital Asset Database/01.Fonts/02.Free Fonts/Lato/Lato-HeavyItalic.ttf	0	Lato Heavy	Italic	Lato Heavy Italic	Lato-HeavyItalic	Lato	Heavy Italic	Version 3.100; https://www.latofonts.com/	3.100	800	5	1		3053	0	0		1	336	127	255	liga,dlig,calt,onum,lnum,tnum,pnum,salt,frac,sups,subs,case,ordn,aalt,locl,numr,dnom,hist,ccmp,ss01,ss02,ss03,ss04,ss05,ss06,ss07,ss08		ttf	glyf	423640	no	Lukasz Dziedzic with Adam Twardoch and Botio Nikoltchev	tyPoland Lukasz Dziedzic	tyPL	http://scripts.sil.org/OFL	
/Users/bardiasamiee/Library/CloudStorage/GoogleDrive-b.samiee@mzn-group.com/My Drive/03.Digital Asset Database/01.Fonts/02.Free Fonts/Lato/Lato-Italic.ttf	0	Lato	Italic	Lato Italic	Lato-Italic			Version 3.100; https://www.latofonts.com/	3.100	400	5	1		3053	0	0		1	336	127	255	liga,dlig,calt,onum,lnum,tnum,pnum,salt,frac,sups,subs,case,ordn,aalt,locl,numr,dnom,hist,ccmp,ss01,ss02,ss03,ss04,ss05,ss06,ss07,ss08		ttf	glyf	417368	no	Lukasz Dziedzic with Adam Twardoch and Botio Nikoltchev	tyPoland Lukasz Dziedzic	tyPL	http://scripts.sil.org/OFL	
/Users/bardiasamiee/Library/CloudStorage/GoogleDrive-b.samiee@mzn-group.com/My Drive/03.Digital Asset Database/01.Fonts/02.Free Fonts/Lato/Lato-Light.ttf	0	Lato Light	Regular	Lato Light	Lato-Light	Lato	Light	Version 3.100; https://www.latofonts.com/	3.100	300	5	0		3055	0	0		1	336	127	255		kern,mark,mkmk	ttf	glyf	716184	no	Lukasz Dziedzic with Adam Twardoch and Botio Nikoltchev	tyPoland Lukasz Dziedzic	tyPL	http://scripts.sil.org/OFL	
/Users/bardiasamiee/Library/CloudStorage/GoogleDrive-b.samiee@mzn-group.com/My Drive/03.Digital Asset Database/01.Fonts/02.Free Fonts/Lato/Lato-LightItalic.ttf	0	Lato Light	Italic	Lato Light Italic	Lato-LightItalic	Lato	Light Italic	Version 3.100; https://www.latofonts.com/	3.100	300	5	1		3053	0	0		1	336	127	255	liga,dlig,calt,onum,lnum,tnum,pnum,salt,frac,sups,subs,case,ordn,aalt,locl,numr,dnom,hist,ccmp,ss01,ss02,ss03,ss04,ss05,ss06,ss07,ss08		ttf	glyf	412084	no	Lukasz Dziedzic with Adam Twardoch and Botio Nikoltchev	tyPoland Lukasz Dziedzic	tyPL	http://scripts.sil.org/OFL	
/Users/bardiasamiee/Library/CloudStorage/GoogleDrive-b.samiee@mzn-group.com/My Drive/03.Digital Asset Database/01.Fonts/02.Free Fonts/Lato/Lato-Medium.ttf	0	Lato Medium	Regular	Lato Medium	Lato-Medium	Lato	Medium	Version 3.100; https://www.latofonts.com/	3.100	500	5	0		3055	0	0		1	336	127	255		kern,mark,mkmk	ttf	glyf	720624	no	Lukasz Dziedzic with Adam Twardoch and Botio Nikoltchev	tyPoland Lukasz Dziedzic	tyPL	http://scripts.sil.org/OFL	
/Users/bardiasamiee/Library/CloudStorage/GoogleDrive-b.samiee@mzn-group.com/My Drive/03.Digital Asset Database/01.Fonts/02.Free Fonts/Lato/Lato-MediumItalic.ttf	0	Lato Medium	Italic	Lato Medium Italic	Lato-MediumItalic	Lato	Medium Italic	Version 3.100; https://www.latofonts.com/	3.100	500	5	1		3053	0	0		1	336	127	255	liga,dlig,calt,onum,lnum,tnum,pnum,salt,frac,sups,subs,case,ordn,aalt,locl,numr,dnom,hist,ccmp,ss01,ss02,ss03,ss04,ss05,ss06,ss07,ss08		ttf	glyf	417708	no	Lukasz Dziedzic with Adam Twardoch and Botio Nikoltchev	tyPoland Lukasz Dziedzic	tyPL	http://scripts.sil.org/OFL	
/Users/bardiasamiee/Library/CloudStorage/GoogleDrive-b.samiee@mzn-group.com/My Drive/03.Digital Asset Database/01.Fonts/02.Free Fonts/Lato/Lato-Regular.ttf	0	Lato	Regular	Lato Regular	Lato-Regular			Version 3.100; https://www.latofonts.com/	3.100	400	5	0		3055	0	0		1	336	127	255		kern,mark,mkmk	ttf	glyf	720528	no	Lukasz Dziedzic with Adam Twardoch and Botio Nikoltchev	tyPoland Lukasz Dziedzic	tyPL	http://scripts.sil.org/OFL	
/Users/bardiasamiee/Library/CloudStorage/GoogleDrive-b.samiee@mzn-group.com/My Drive/03.Digital Asset Database/01.Fonts/02.Free Fonts/Lato/Lato-Semibold.ttf	0	Lato Semibold	Regular	Lato Semibold	Lato-Semibold	Lato	Semibold	Version 3.100; https://www.latofonts.com/	3.100	600	5	0		3055	0	0		1	336	127	255		kern,mark,mkmk	ttf	glyf	721776	no	Lukasz Dziedzic with Adam Twardoch and Botio Nikoltchev	tyPoland Lukasz Dziedzic	tyPL	http://scripts.sil.org/OFL	
/Users/bardiasamiee/Library/CloudStorage/GoogleDrive-b.samiee@mzn-group.com/My Drive/03.Digital Asset Database/01.Fonts/02.Free Fonts/Lato/Lato-SemiboldItalic.ttf	0	Lato Semibold	Italic	Lato Semibold Italic	Lato-SemiboldItalic	Lato	Semibold Italic	Version 3.100; https://www.latofonts.com/	3.100	600	5	1		3053	0	0		1	336	127	255	liga,dlig,calt,onum,lnum,tnum,pnum,salt,frac,sups,subs,case,ordn,aalt,locl,numr,dnom,hist,ccmp,ss01,ss02,ss03,ss04,ss05,ss06,ss07,ss08		ttf	glyf	418956	no	Lukasz Dziedzic with Adam Twardoch and Botio Nikoltchev	tyPoland Lukasz Dziedzic	tyPL	http://scripts.sil.org/OFL	
/Users/bardiasamiee/Library/CloudStorage/GoogleDrive-b.samiee@mzn-group.com/My Drive/03.Digital Asset Database/01.Fonts/02.Free Fonts/Lato/Lato-Thin.ttf	0	Lato Thin	Regular	Lato Thin	Lato-Thin	Lato	Thin	Version 3.100; https://www.latofonts.com/	3.100	200	5	0		3055	0	0		1	336	127	255		kern,mark,mkmk	ttf	glyf	728428	no	Lukasz Dziedzic with Adam Twardoch and Botio Nikoltchev	tyPoland Lukasz Dziedzic	tyPL	http://scripts.sil.org/OFL	
/Users/bardiasamiee/Library/CloudStorage/GoogleDrive-b.samiee@mzn-group.com/My Drive/03.Digital Asset Database/01.Fonts/02.Free Fonts/Lato/Lato-ThinItalic.ttf	0	Lato Thin	Italic	Lato Thin Italic	Lato-ThinItalic	Lato	Thin Italic	Version 3.100; https://www.latofonts.com/	3.100	200	5	1		3053	0	0		1	336	127	255	liga,dlig,calt,onum,lnum,tnum,pnum,salt,frac,sups,subs,case,ordn,aalt,locl,numr,dnom,hist,ccmp,ss01,ss02,ss03,ss04,ss05,ss06,ss07,ss08		ttf	glyf	413064	no	Lukasz Dziedzic with Adam Twardoch and Botio Nikoltchev	tyPoland Lukasz Dziedzic	tyPL	http://scripts.sil.org/OFL	
/Users/bardiasamiee/Library/CloudStorage/GoogleDrive-b.samiee@mzn-group.com/My Drive/03.Digital Asset Database/01.Fonts/02.Free Fonts/Overused Grotesk/otf/OverusedGroteskRoman-Black.otf	0	Overused Grotesk Roman Black	Regular	Overused Grotesk Roman Black	OverusedGroteskRoman-Black	Overused Grotesk Roman	Black	Version 0.005	0.005	900	5	0		1361	0	0		0	152	4	132	calt,tnum,frac,sups,subs,zero,locl,numr,dnom,ccmp,ss01,ss02,ss03,ss04,ss05,ss06,ss07,ss08,ss09,ss10,ss11,ss12,cv01,cv02,cv03	kern,mark,mkmk	otf	CFF	114012	no	RandomMaerks		RDMK	http://scripts.sil.org/OFL	
/Users/bardiasamiee/Library/CloudStorage/GoogleDrive-b.samiee@mzn-group.com/My Drive/03.Digital Asset Database/01.Fonts/02.Free Fonts/Overused Grotesk/otf/OverusedGroteskRoman-Bold.otf	0	Overused Grotesk Roman	Bold	Overused Grotesk Roman Bold	OverusedGroteskRoman-Bold			Version 0.005	0.005	700	5	0		1361	0	0		0	152	4	132	calt,tnum,frac,sups,subs,zero,locl,numr,dnom,ccmp,ss01,ss02,ss03,ss04,ss05,ss06,ss07,ss08,ss09,ss10,ss11,ss12,cv01,cv02,cv03	kern,mark,mkmk	otf	CFF	119228	no	RandomMaerks		RDMK	http://scripts.sil.org/OFL	
/Users/bardiasamiee/Library/CloudStorage/GoogleDrive-b.samiee@mzn-group.com/My Drive/03.Digital Asset Database/01.Fonts/02.Free Fonts/Overused Grotesk/otf/OverusedGroteskRoman-Book.otf	0	Overused Grotesk Roman Book	Regular	Overused Grotesk Roman Book	OverusedGroteskRoman-Book	Overused Grotesk Roman	Book	Version 0.005	0.005	350	5	0		1361	0	0		0	152	4	132	calt,tnum,frac,sups,subs,zero,locl,numr,dnom,ccmp,ss01,ss02,ss03,ss04,ss05,ss06,ss07,ss08,ss09,ss10,ss11,ss12,cv01,cv02,cv03	kern,mark,mkmk	otf	CFF	119172	no	RandomMaerks		RDMK	http://scripts.sil.org/OFL	
/Users/bardiasamiee/Library/CloudStorage/GoogleDrive-b.samiee@mzn-group.com/My Drive/03.Digital Asset Database/01.Fonts/02.Free Fonts/Overused Grotesk/otf/OverusedGroteskRoman-ExtraBold.otf	0	Overused Grotesk Roman ExtraBold	Regular	Overused Grotesk Roman ExtraBold	OverusedGroteskRoman-ExtraBold	Overused Grotesk Roman	ExtraBold	Version 0.005	0.005	800	5	0		1361	0	0		0	152	4	132	calt,tnum,frac,sups,subs,zero,locl,numr,dnom,ccmp,ss01,ss02,ss03,ss04,ss05,ss06,ss07,ss08,ss09,ss10,ss11,ss12,cv01,cv02,cv03	kern,mark,mkmk	otf	CFF	117620	no	RandomMaerks		RDMK	http://scripts.sil.org/OFL	
/Users/bardiasamiee/Library/CloudStorage/GoogleDrive-b.samiee@mzn-group.com/My Drive/03.Digital Asset Database/01.Fonts/02.Free Fonts/Overused Grotesk/otf/OverusedGroteskRoman-Light.otf	0	Overused Grotesk Roman Light	Regular	Overused Grotesk Roman Light	OverusedGroteskRoman-Light	Overused Grotesk Roman	Light	Version 0.005	0.005	300	5	0		1361	0	0		0	152	4	132	calt,tnum,frac,sups,subs,zero,locl,numr,dnom,ccmp,ss01,ss02,ss03,ss04,ss05,ss06,ss07,ss08,ss09,ss10,ss11,ss12,cv01,cv02,cv03	kern,mark,mkmk	otf	CFF	113152	no	RandomMaerks		RDMK	http://scripts.sil.org/OFL	
/Users/bardiasamiee/Library/CloudStorage/GoogleDrive-b.samiee@mzn-group.com/My Drive/03.Digital Asset Database/01.Fonts/02.Free Fonts/Overused Grotesk/otf/OverusedGroteskRoman-Medium.otf	0	Overused Grotesk Roman Medium	Regular	Overused Grotesk Roman Medium	OverusedGroteskRoman-Medium	Overused Grotesk Roman	Medium	Version 0.005	0.005	500	5	0		1361	0	0		0	152	4	132	calt,tnum,frac,sups,subs,zero,locl,numr,dnom,ccmp,ss01,ss02,ss03,ss04,ss05,ss06,ss07,ss08,ss09,ss10,ss11,ss12,cv01,cv02,cv03	kern,mark,mkmk	otf	CFF	118972	no	RandomMaerks		RDMK	http://scripts.sil.org/OFL	
/Users/bardiasamiee/Library/CloudStorage/GoogleDrive-b.samiee@mzn-group.com/My Drive/03.Digital Asset Database/01.Fonts/02.Free Fonts/Overused Grotesk/otf/OverusedGroteskRoman-Roman.otf	0	Overused Grotesk Roman	Regular	Overused Grotesk Roman Regular	OverusedGroteskRoman-Regular			Version 0.005	0.005	400	5	0		1361	0	0		0	152	4	132	calt,tnum,frac,sups,subs,zero,locl,numr,dnom,ccmp,ss01,ss02,ss03,ss04,ss05,ss06,ss07,ss08,ss09,ss10,ss11,ss12,cv01,cv02,cv03	kern,mark,mkmk	otf	CFF	118588	no	RandomMaerks		RDMK	http://scripts.sil.org/OFL	
/Users/bardiasamiee/Library/CloudStorage/GoogleDrive-b.samiee@mzn-group.com/My Drive/03.Digital Asset Database/01.Fonts/02.Free Fonts/Overused Grotesk/otf/OverusedGroteskRoman-SemiBold.otf	0	Overused Grotesk Roman SemiBold	Regular	Overused Grotesk Roman SemiBold	OverusedGroteskRoman-SemiBold	Overused Grotesk Roman	SemiBold	Version 0.005	0.005	600	5	0		1361	0	0		0	152	4	132	calt,tnum,frac,sups,subs,zero,locl,numr,dnom,ccmp,ss01,ss02,ss03,ss04,ss05,ss06,ss07,ss08,ss09,ss10,ss11,ss12,cv01,cv02,cv03	kern,mark,mkmk	otf	CFF	119020	no	RandomMaerks		RDMK	http://scripts.sil.org/OFL	
/Users/bardiasamiee/Library/CloudStorage/GoogleDrive-b.samiee@mzn-group.com/My Drive/03.Digital Asset Database/01.Fonts/02.Free Fonts/Overused Grotesk/ttf/OverusedGroteskRoman-Black.ttf	0	Overused Grotesk Roman Black	Regular	Overused Grotesk Roman Black	OverusedGroteskRoman-Black	Overused Grotesk Roman	Black	Version 0.005	0.005	900	5	0		1361	0	0		0	152	4	132	calt,tnum,frac,sups,subs,zero,locl,numr,dnom,ccmp,ss01,ss02,ss03,ss04,ss05,ss06,ss07,ss08,ss09,ss10,ss11,ss12,cv01,cv02,cv03	kern,mark,mkmk	ttf	glyf	182760	no	RandomMaerks		RDMK	http://scripts.sil.org/OFL	
/Users/bardiasamiee/Library/CloudStorage/GoogleDrive-b.samiee@mzn-group.com/My Drive/03.Digital Asset Database/01.Fonts/02.Free Fonts/Overused Grotesk/ttf/OverusedGroteskRoman-Bold.ttf	0	Overused Grotesk Roman	Bold	Overused Grotesk Roman Bold	OverusedGroteskRoman-Bold			Version 0.005	0.005	700	5	0		1361	0	0		0	152	4	132	calt,tnum,frac,sups,subs,zero,locl,numr,dnom,ccmp,ss01,ss02,ss03,ss04,ss05,ss06,ss07,ss08,ss09,ss10,ss11,ss12,cv01,cv02,cv03	kern,mark,mkmk	ttf	glyf	182032	no	RandomMaerks		RDMK	http://scripts.sil.org/OFL	
/Users/bardiasamiee/Library/CloudStorage/GoogleDrive-b.samiee@mzn-group.com/My Drive/03.Digital Asset Database/01.Fonts/02.Free Fonts/Overused Grotesk/ttf/OverusedGroteskRoman-Book.ttf	0	Overused Grotesk Roman Book	Regular	Overused Grotesk Roman Book	OverusedGroteskRoman-Book	Overused Grotesk Roman	Book	Version 0.005	0.005	350	5	0		1361	0	0		0	152	4	132	calt,tnum,frac,sups,subs,zero,locl,numr,dnom,ccmp,ss01,ss02,ss03,ss04,ss05,ss06,ss07,ss08,ss09,ss10,ss11,ss12,cv01,cv02,cv03	kern,mark,mkmk	ttf	glyf	181368	no	RandomMaerks		RDMK	http://scripts.sil.org/OFL	
/Users/bardiasamiee/Library/CloudStorage/GoogleDrive-b.samiee@mzn-group.com/My Drive/03.Digital Asset Database/01.Fonts/02.Free Fonts/Overused Grotesk/ttf/OverusedGroteskRoman-ExtraBold.ttf	0	Overused Grotesk Roman ExtraBold	Regular	Overused Grotesk Roman ExtraBold	OverusedGroteskRoman-ExtraBold	Overused Grotesk Roman	ExtraBold	Version 0.005	0.005	800	5	0		1361	0	0		0	152	4	132	calt,tnum,frac,sups,subs,zero,locl,numr,dnom,ccmp,ss01,ss02,ss03,ss04,ss05,ss06,ss07,ss08,ss09,ss10,ss11,ss12,cv01,cv02,cv03	kern,mark,mkmk	ttf	glyf	182688	no	RandomMaerks		RDMK	http://scripts.sil.org/OFL	
/Users/bardiasamiee/Library/CloudStorage/GoogleDrive-b.samiee@mzn-group.com/My Drive/03.Digital Asset Database/01.Fonts/02.Free Fonts/Overused Grotesk/ttf/OverusedGroteskRoman-Light.ttf	0	Overused Grotesk Roman Light	Regular	Overused Grotesk Roman Light	OverusedGroteskRoman-Light	Overused Grotesk Roman	Light	Version 0.005	0.005	300	5	0		1361	0	0		0	152	4	132	calt,tnum,frac,sups,subs,zero,locl,numr,dnom,ccmp,ss01,ss02,ss03,ss04,ss05,ss06,ss07,ss08,ss09,ss10,ss11,ss12,cv01,cv02,cv03	kern,mark,mkmk	ttf	glyf	182000	no	RandomMaerks		RDMK	http://scripts.sil.org/OFL	
/Users/bardiasamiee/Library/CloudStorage/GoogleDrive-b.samiee@mzn-group.com/My Drive/03.Digital Asset Database/01.Fonts/02.Free Fonts/Overused Grotesk/ttf/OverusedGroteskRoman-Medium.ttf	0	Overused Grotesk Roman Medium	Regular	Overused Grotesk Roman Medium	OverusedGroteskRoman-Medium	Overused Grotesk Roman	Medium	Version 0.005	0.005	500	5	0		1361	0	0		0	152	4	132	calt,tnum,frac,sups,subs,zero,locl,numr,dnom,ccmp,ss01,ss02,ss03,ss04,ss05,ss06,ss07,ss08,ss09,ss10,ss11,ss12,cv01,cv02,cv03	kern,mark,mkmk	ttf	glyf	180248	no	RandomMaerks		RDMK	http://scripts.sil.org/OFL	
/Users/bardiasamiee/Library/CloudStorage/GoogleDrive-b.samiee@mzn-group.com/My Drive/03.Digital Asset Database/01.Fonts/02.Free Fonts/Overused Grotesk/ttf/OverusedGroteskRoman-Roman.ttf	0	Overused Grotesk Roman	Regular	Overused Grotesk Roman Regular	OverusedGroteskRoman-Regular			Version 0.005	0.005	400	5	0		1361	0	0		0	152	4	132	calt,tnum,frac,sups,subs,zero,locl,numr,dnom,ccmp,ss01,ss02,ss03,ss04,ss05,ss06,ss07,ss08,ss09,ss10,ss11,ss12,cv01,cv02,cv03	kern,mark,mkmk	ttf	glyf	180712	no	RandomMaerks		RDMK	http://scripts.sil.org/OFL	
/Users/bardiasamiee/Library/CloudStorage/GoogleDrive-b.samiee@mzn-group.com/My Drive/03.Digital Asset Database/01.Fonts/02.Free Fonts/Overused Grotesk/ttf/OverusedGroteskRoman-SemiBold.ttf	0	Overused Grotesk Roman SemiBold	Regular	Overused Grotesk Roman SemiBold	OverusedGroteskRoman-SemiBold	Overused Grotesk Roman	SemiBold	Version 0.005	0.005	600	5	0		1361	0	0		0	152	4	132	calt,tnum,frac,sups,subs,zero,locl,numr,dnom,ccmp,ss01,ss02,ss03,ss04,ss05,ss06,ss07,ss08,ss09,ss10,ss11,ss12,cv01,cv02,cv03	kern,mark,mkmk	ttf	glyf	180532	no	RandomMaerks		RDMK	http://scripts.sil.org/OFL	
/Users/bardiasamiee/Library/CloudStorage/GoogleDrive-b.samiee@mzn-group.com/My Drive/03.Digital Asset Database/01.Fonts/02.Free Fonts/Overused Grotesk/variable/OverusedGroteskRoman-VF.ttf	0	Overused Grotesk Light	Regular	Overused Grotesk Light	OverusedGrotesk-Light	Overused Grotesk	Light	Version 0.005	0.005	300	5	0	wght[300..300..900]	1361	0	0		0	152	4	132	calt,tnum,frac,sups,subs,zero,locl,numr,dnom,ccmp,ss01,ss02,ss03,ss04,ss05,ss06,ss07,ss08,ss09,ss10,ss11,ss12,cv01,cv02,cv03	kern,mark,mkmk	ttf	glyf	243100	no	RandomMaerks		RDMK	http://scripts.sil.org/OFL	
/Users/bardiasamiee/Library/CloudStorage/GoogleDrive-b.samiee@mzn-group.com/My Drive/03.Digital Asset Database/01.Fonts/02.Free Fonts/Roboto/Roboto-Black.ttf	0	Roboto Bk	Bold	Roboto Black	Roboto-Black	Roboto	Black	Version 1.00000; 2011	1.000	400	5	0		1037	0	0		1	143	75	255	liga,smcp	kern	ttf	glyf	164936	no	Google		pyrs		
/Users/bardiasamiee/Library/CloudStorage/GoogleDrive-b.samiee@mzn-group.com/My Drive/03.Digital Asset Database/01.Fonts/02.Free Fonts/Roboto/Roboto-BlackItalic.ttf	0	Roboto Bk	Bold Italic	Roboto Black Italic	Roboto-BlackItalic	Roboto	Black Italic	Version 1.00000; 2011	1.000	400	5	1		1037	0	0		1	143	75	255	liga,smcp	kern	ttf	glyf	166320	no	Google		pyrs		
/Users/bardiasamiee/Library/CloudStorage/GoogleDrive-b.samiee@mzn-group.com/My Drive/03.Digital Asset Database/01.Fonts/02.Free Fonts/Roboto/Roboto-Bold.ttf	0	Roboto	Bold	Roboto Bold	Roboto-Bold			Version 1.00000; 2011	1.000	700	5	0		1037	0	0		1	143	75	255	liga,smcp	kern	ttf	glyf	163448	no	Google		pyrs		
/Users/bardiasamiee/Library/CloudStorage/GoogleDrive-b.samiee@mzn-group.com/My Drive/03.Digital Asset Database/01.Fonts/02.Free Fonts/Roboto/Roboto-BoldCondensed.ttf	0	Roboto Cn	Bold	Roboto Bold Condensed	Roboto-BoldCondensed	Roboto	Bold Condensed	Version 1.00000; 2011	1.000	700	3	0		1037	0	0		1	143	75	255	liga,smcp	kern	ttf	glyf	161308	no	Google		pyrs		
/Users/bardiasamiee/Library/CloudStorage/GoogleDrive-b.samiee@mzn-group.com/My Drive/03.Digital Asset Database/01.Fonts/02.Free Fonts/Roboto/Roboto-BoldCondensedItalic.ttf	0	Roboto Cn	Bold Italic	Roboto Bold Condensed Italic	Roboto-BoldCondensedItalic	Roboto	Bold Condensed Italic	Version 1.00000; 2011	1.000	700	3	1		1037	0	0		1	143	75	255	liga,smcp	kern	ttf	glyf	163584	no	Google		pyrs		
/Users/bardiasamiee/Library/CloudStorage/GoogleDrive-b.samiee@mzn-group.com/My Drive/03.Digital Asset Database/01.Fonts/02.Free Fonts/Roboto/Roboto-BoldItalic.ttf	0	Roboto	Bold Italic	Roboto Bold Italic	Roboto-BoldItalic			Version 1.00000; 2011	1.000	700	5	1		1037	0	0		1	143	75	255	liga,smcp	kern	ttf	glyf	165864	no	Google		pyrs		
/Users/bardiasamiee/Library/CloudStorage/GoogleDrive-b.samiee@mzn-group.com/My Drive/03.Digital Asset Database/01.Fonts/02.Free Fonts/Roboto/Roboto-Condensed.ttf	0	Roboto Cn	Regular	Roboto Condensed	Roboto-Condensed	Roboto	Condensed	Version 1.00000; 2011	1.000	400	3	0		1037	0	0		1	143	75	255	liga,smcp	kern	ttf	glyf	158284	no	Google		pyrs		
/Users/bardiasamiee/Library/CloudStorage/GoogleDrive-b.samiee@mzn-group.com/My Drive/03.Digital Asset Database/01.Fonts/02.Free Fonts/Roboto/Roboto-CondensedItalic.ttf	0	Roboto Cn	Italic	Roboto Condensed Italic	Roboto-CondensedItalic	Roboto	Condensed Italic	Version 1.00000; 2011	1.000	400	3	1		1037	0	0		1	143	75	255	liga,smcp	kern	ttf	glyf	161792	no	Google		pyrs		
/Users/bardiasamiee/Library/CloudStorage/GoogleDrive-b.samiee@mzn-group.com/My Drive/03.Digital Asset Database/01.Fonts/02.Free Fonts/Roboto/Roboto-Italic.ttf	0	Roboto	Italic	Roboto Italic	Roboto-Italic			Version 1.00000; 2011	1.000	400	5	1		1037	0	0		1	143	75	255	liga,smcp	kern	ttf	glyf	160736	no	Google		pyrs		
/Users/bardiasamiee/Library/CloudStorage/GoogleDrive-b.samiee@mzn-group.com/My Drive/03.Digital Asset Database/01.Fonts/02.Free Fonts/Roboto/Roboto-Light.ttf	0	Roboto Lt	Regular	Roboto Light	Roboto-Light	Roboto	Light	Version 1.00000; 2011	1.000	300	5	0		1037	0	0		1	143	75	255	liga,smcp	kern	ttf	glyf	162636	no	Google		pyrs		
/Users/bardiasamiee/Library/CloudStorage/GoogleDrive-b.samiee@mzn-group.com/My Drive/03.Digital Asset Database/01.Fonts/02.Free Fonts/Roboto/Roboto-LightItalic.ttf	0	Roboto Lt	Italic	Roboto Light Italic	Roboto-LightItalic	Roboto	Light Italic	Version 1.00000; 2011	1.000	300	5	1		1037	0	0		1	143	75	255	liga,smcp	kern	ttf	glyf	163248	no	Google		pyrs		
/Users/bardiasamiee/Library/CloudStorage/GoogleDrive-b.samiee@mzn-group.com/My Drive/03.Digital Asset Database/01.Fonts/02.Free Fonts/Roboto/Roboto-Medium.ttf	0	Roboto Lt	Regular	Roboto Medium	Roboto-Medium	Roboto	Medium	Version 1.00000; 2011	1.000	500	5	0		1037	0	0		1	143	75	255	liga,smcp	kern	ttf	glyf	160696	no	Google		pyrs		
/Users/bardiasamiee/Library/CloudStorage/GoogleDrive-b.samiee@mzn-group.com/My Drive/03.Digital Asset Database/01.Fonts/02.Free Fonts/Roboto/Roboto-MediumItalic.ttf	0	Roboto Lt	Bold Italic	Roboto Medium Italic	Roboto-MediumItalic	Roboto	Medium Italic	Version 1.00000; 2011	1.000	500	5	1		1037	0	0		1	143	75	255	liga,smcp	kern	ttf	glyf	163940	no	Google		pyrs		
/Users/bardiasamiee/Library/CloudStorage/GoogleDrive-b.samiee@mzn-group.com/My Drive/03.Digital Asset Database/01.Fonts/02.Free Fonts/Roboto/Roboto-Regular.ttf	0	Roboto	Regular	Roboto Regular	Roboto-Regular			Version 1.00000; 2011	1.000	400	5	0		1037	0	0		1	143	75	255	liga,smcp	kern	ttf	glyf	158604	no	Google		pyrs		
/Users/bardiasamiee/Library/CloudStorage/GoogleDrive-b.samiee@mzn-group.com/My Drive/03.Digital Asset Database/01.Fonts/02.Free Fonts/Roboto/Roboto-Thin.ttf	0	Roboto Th	Regular	Roboto Thin	Roboto-Thin	Roboto	Thin	Version 1.00000; 2011	1.000	250	5	0		1037	0	0		1	143	75	255	liga,smcp	kern	ttf	glyf	122512	no	Google		pyrs		
/Users/bardiasamiee/Library/CloudStorage/GoogleDrive-b.samiee@mzn-group.com/My Drive/03.Digital Asset Database/01.Fonts/02.Free Fonts/Roboto/Roboto-ThinItalic.ttf	0	Roboto Th	Italic	Roboto Thin Italic	Roboto-ThinItalic	Roboto	Thin Italic	Version 1.00000; 2011	1.000	250	5	1		1037	0	0		1	143	75	255	liga,smcp	kern	ttf	glyf	125884	no	Google		pyrs		
/Users/bardiasamiee/Library/CloudStorage/GoogleDrive-b.samiee@mzn-group.com/My Drive/03.Digital Asset Database/01.Fonts/02.Free Fonts/Semplicita/Semplicita Bold Italic.otf	0	Semplicita	Bold Italic	Semplicita-BoldItalic	Semplicita-BoldItalic	Semplicità	Bold Italic	Version 2.520	2.520	700	5	1		510	0	0		0	169	2	0	liga,salt,hist,ss01	kern	otf	CFF	78200	no	Alessandro Butti, Aldo Novarese, Leonardo Di Lena	Alessandro Butti, Aldo Novarese, Leonardo Di Lena	FLNK	http://creativecommons.org/licenses/by-nd/3.0/	
/Users/bardiasamiee/Library/CloudStorage/GoogleDrive-b.samiee@mzn-group.com/My Drive/03.Digital Asset Database/01.Fonts/02.Free Fonts/Semplicita/Semplicita Bold.otf	0	Semplicita	Bold	Semplicita-Bold	Semplicita-Bold	Semplicità	Bold	Version 2.520	2.520	700	5	0		495	0	0		0	169	2	0	liga,salt,hist,ss01	kern	otf	CFF	76988	no	Alessandro Butti, Aldo Novarese, Leonardo Di Lena	Alessandro Butti, Aldo Novarese, Leonardo Di Lena	FLNK	http://creativecommons.org/licenses/by-nd/3.0/	
/Users/bardiasamiee/Library/CloudStorage/GoogleDrive-b.samiee@mzn-group.com/My Drive/03.Digital Asset Database/01.Fonts/02.Free Fonts/Semplicita/Semplicita Light Italic.otf	0	Semplicita	Light Italic	Semplicita-LightItalic	Semplicita-LightItalic	Semplicità	Light Italic	Version 2.520	2.520	300	5	1		542	0	0		0	169	2	0	liga,salt,hist,ss01	kern	otf	CFF	73416	no	Alessandro Butti, Aldo Novarese, Leonardo Di Lena	Alessandro Butti, Aldo Novarese, Leonardo Di Lena	FLNK	http://creativecommons.org/licenses/by-nd/3.0/	
/Users/bardiasamiee/Library/CloudStorage/GoogleDrive-b.samiee@mzn-group.com/My Drive/03.Digital Asset Database/01.Fonts/02.Free Fonts/Semplicita/Semplicita Light.otf	0	Semplicita	Light	Semplicita-Light	Semplicita-Light	Semplicità	Light	Version 2.520	2.520	300	5	0		527	0	0		0	169	2	0	liga,swsh,salt,ss01	kern	otf	CFF	72188	no	Alessandro Butti, Aldo Novarese, Leonardo Di Lena	Alessandro Butti, Aldo Novarese, Leonardo Di Lena	FLNK	http://creativecommons.org/licenses/by-nd/3.0/	
/Users/bardiasamiee/Library/CloudStorage/GoogleDrive-b.samiee@mzn-group.com/My Drive/03.Digital Asset Database/01.Fonts/02.Free Fonts/Semplicita/Semplicita Medium Italic.otf	0	Semplicita	Medium Italic	Semplicita-MediumItalic	Semplicita-MediumItalic	Semplicità	Medium Italic	Version 2.520	2.520	500	5	1		510	0	0		0	169	2	0	liga,salt,hist,ss01	kern	otf	CFF	80100	no	Alessandro Butti, Aldo Novarese, Leonardo Di Lena	Alessandro Butti, Aldo Novarese, Leonardo Di Lena	FLNK	http://creativecommons.org/licenses/by-nd/3.0/	
/Users/bardiasamiee/Library/CloudStorage/GoogleDrive-b.samiee@mzn-group.com/My Drive/03.Digital Asset Database/01.Fonts/02.Free Fonts/Semplicita/Semplicita Medium.otf	0	Semplicita	Medium	Semplicita-Medium	Semplicita-Medium	Semplicità	Medium	Version 2.520	2.520	500	5	0		495	0	0		0	169	2	0	liga,salt,hist,ss01	kern	otf	CFF	77200	no	Alessandro Butti, Aldo Novarese, Leonardo Di Lena	Alessandro Butti, Aldo Novarese, Leonardo Di Lena	FLNK	http://creativecommons.org/licenses/by-nd/3.0/	
/Users/bardiasamiee/Library/CloudStorage/GoogleDrive-b.samiee@mzn-group.com/My Drive/03.Digital Asset Database/01.Fonts/02.Free Fonts/Semplicita/Semplicita Ombra.otf	0	Semplicita	Ombra	Semplicita-Ombra	Semplicita-Ombra	Semplicità	Ombra	Version 2.520	2.520	400	5	0		449	0	0		0	168	2	0			otf	CFF	57068	no	Alessandro Butti, Aldo Novarese, Leonardo Di Lena	Alessandro Butti, Aldo Novarese, Leonardo Di Lena	FLNK	http://creativecommons.org/licenses/by-nd/3.0/	
/Users/bardiasamiee/Library/CloudStorage/GoogleDrive-b.samiee@mzn-group.com/My Drive/03.Digital Asset Database/01.Fonts/02.Free Fonts/Server Mono/ServerMono-Regular-Italic.otf	0	Server Mono	Italic	Server Mono Regular Slanted	ServerMono-RegularSlanted	Server Mono	Regular Slanted	Version 1.000;Glyphs 3.3 (3311)	1.000	400	5	1		421	0	0		0	101	0	0	case,aalt,locl,ccmp,ss01,ss02	mark,mkmk	otf	CFF	33104	no	Blaze Type, Tim Vanhille, Matthieu Salvaggio	http://blazetype.eu	BLZT		
/Users/bardiasamiee/Library/CloudStorage/GoogleDrive-b.samiee@mzn-group.com/My Drive/03.Digital Asset Database/01.Fonts/02.Free Fonts/Server Mono/ServerMono-Regular.otf	0	Server Mono	Regular	Server Mono Regular	ServerMono-Regular	Server Mono	Regular	Version 1.000;Glyphs 3.3 (3311)	1.000	400	5	0		421	0	0		0	101	0	0	case,aalt,locl,ccmp,ss01,ss02	mark,mkmk	otf	CFF	31584	no	Blaze Type, Tim Vanhille, Matthieu Salvaggio	http://blazetype.eu	BLZT		
/Users/bardiasamiee/Library/Fonts/HomeManager/noto/NotoNaskhArabic.ttf	0	Noto Naskh Arabic	Regular	Noto Naskh Arabic Regular	NotoNaskhArabic-Regular			Version 2.021	2.021	400	5	0	wght[400..400..700]	1415	256	144	pe,che,zhe,keheh,gaf,farsi-yeh	772	0	0	0	liga,dlig,tnum,pnum,init,medi,fina,rlig,aalt,locl,ccmp	mark,mkmk	ttf	glyf	253880	no	Monotype Design Team, David Williams, Mohamad Dakak and Nizar Qandah	Monotype Imaging Inc.	GOOG	https://openfontlicense.org	
/Users/bardiasamiee/Library/Fonts/HomeManager/noto/NotoSansArabic.ttf	0	Noto Sans Arabic	Regular	Noto Sans Arabic Regular	NotoSansArabic-Regular			Version 2.013	2.013	400	5	0	wght[100..400..900];wdth[62.5..100..100]	1399	256	144	pe,che,zhe,keheh,gaf,farsi-yeh	772	0	0	0	liga,dlig,tnum,pnum,init,medi,fina,rlig,aalt,locl,ccmp	kern,mark,mkmk	ttf	glyf	682836	no	Monotype Design Team, Nadine Chahine, Nizar Qandah and Khaled Hosny	Monotype Imaging Inc.	GOOG	https://openfontlicense.org	
/Users/bardiasamiee/Library/Fonts/HomeManager/truetype/Geist-Italic[wght].ttf	0	Geist	Italic	Geist Italic	Geist-Italic			Version 1.800	1.800	400	5	1	wght[100..400..900]	975	0	0		0	136	6	134	liga,dlig,tnum,pnum,frac,sups,subs,case,ordn,aalt,locl,numr,dnom,ccmp,ss01,ss02,ss03,ss04,ss05,ss06,ss07,ss08,ss09,ss10,ss11	kern,mark,mkmk	ttf	glyf	174584	no	Basement.studio, Andrés Briganti, Mateo Zaragoza	Basement.studio, Vercel, Andrés Briganti, Guido Ferreyra, Mateo Zaragoza	VRCL	https://openfontlicense.org	
/Users/bardiasamiee/Library/Fonts/HomeManager/truetype/Geist[wght].ttf	0	Geist	Regular	Geist Regular	Geist-Regular			Version 1.800	1.800	400	5	0	wght[100..400..900]	975	0	0		0	136	6	134	liga,dlig,tnum,pnum,frac,sups,subs,case,ordn,aalt,locl,numr,dnom,ccmp,ss01,ss02,ss03,ss04,ss05,ss06,ss07,ss08,ss09,ss10,ss11	kern,mark,mkmk	ttf	glyf	169056	no	Basement.studio, Andrés Briganti, Mateo Zaragoza	Basement.studio, Vercel, Andrés Briganti, Guido Ferreyra, Mateo Zaragoza	VRCL	https://openfontlicense.org	
/Users/bardiasamiee/Library/Fonts/HomeManager/truetype/GeistMono-Italic[wght].ttf	0	Geist Mono	Italic	Geist Mono Italic	GeistMono-Italic			Version 1.700	1.700	400	5	1	wght[100..400..900]	1148	0	0		0	134	5	134	frac,sups,subs,case,ordn,aalt,locl,numr,dnom,ccmp,ss02,ss03,ss04,ss05,ss06,ss07,ss08,ss09,ss10,ss11	kern,mark,mkmk	ttf	glyf	181908	no	Basement.studio, Andrés Briganti, Mateo Zaragoza	Basement.studio, Vercel, Andrés Briganti, Guido Ferreyra, Mateo Zaragoza	VRCL	https://openfontlicense.org	
/Users/bardiasamiee/Library/Fonts/HomeManager/truetype/GeistMono[wght].ttf	0	Geist Mono	Regular	Geist Mono Regular	GeistMono-Regular			Version 1.700	1.700	400	5	0	wght[100..400..900]	1159	0	0		0	134	5	134	frac,sups,subs,case,ordn,aalt,locl,numr,dnom,ccmp,ss01,ss02,ss03,ss04,ss06,ss07,ss08,ss09,ss10,ss11	mark,mkmk	ttf	glyf	171200	no	Basement.studio, Andrés Briganti, Mateo Zaragoza	Basement.studio, Vercel, Andrés Briganti, Guido Ferreyra, Mateo Zaragoza	VRCL	https://openfontlicense.org	
/Users/bardiasamiee/Library/Fonts/HomeManager/truetype/NerdFonts/Symbols/SymbolsNerdFont-Regular.ttf	0	Symbols Nerd Font	Regular	Symbols Nerd Font	SymbolsNF			Version 001.000;Nerd Fonts 3.5.0	1.000	400	5	0		10522	0	0		0	0	0	0			ttf	glyf	2495324	no			PfEd		
/Users/bardiasamiee/Library/Fonts/HomeManager/truetype/NerdFonts/Symbols/SymbolsNerdFontMono-Regular.ttf	0	Symbols Nerd Font Mono	Regular	Symbols Nerd Font Mono	SymbolsNFM			Version 001.000;Nerd Fonts 3.5.0	1.000	400	5	0		10522	0	0		0	0	0	0			ttf	glyf	2564060	no			PfEd		
/Users/bardiasamiee/Library/Fonts/HomeManager/truetype/ScheherazadeNew-Bold.ttf	0	Scheherazade New	Bold	Scheherazade New Bold	ScheherazadeNew-Bold			Version 4.400	4.400	700	5	0		1805	256	144	pe,che,zhe,keheh,gaf,farsi-yeh	31	9	1	0	liga,calt,init,medi,fina,rlig,salt,ccmp	kern,mark,mkmk	ttf	glyf	593272	no	SIL Global	SIL Global	SIL	https://openfontlicense.org/	
/Users/bardiasamiee/Library/Fonts/HomeManager/truetype/ScheherazadeNew-Medium.ttf	0	Scheherazade New Medium	Regular	Scheherazade New Medium	ScheherazadeNew-Medium	Scheherazade New	Medium	Version 4.400	4.400	500	5	0		1805	256	144	pe,che,zhe,keheh,gaf,farsi-yeh	31	9	1	0	liga,calt,init,medi,fina,rlig,salt,ccmp	kern,mark,mkmk	ttf	glyf	582308	no	SIL Global	SIL Global	SIL	https://openfontlicense.org/	
/Users/bardiasamiee/Library/Fonts/HomeManager/truetype/ScheherazadeNew-Regular.ttf	0	Scheherazade New	Regular	Scheherazade New	ScheherazadeNew-Regular			Version 4.400	4.400	400	5	0		1822	256	144	pe,che,zhe,keheh,gaf,farsi-yeh	31	9	1	0	liga,calt,init,medi,fina,rlig,salt,ccmp	kern,mark,mkmk	ttf	glyf	331304	no	SIL Global	SIL Global	SIL	https://openfontlicense.org/	
/Users/bardiasamiee/Library/Fonts/HomeManager/truetype/ScheherazadeNew-SemiBold.ttf	0	Scheherazade New SemiBold	Regular	Scheherazade New SemiBold	ScheherazadeNew-SemiBold	Scheherazade New	SemiBold	Version 4.400	4.400	600	5	0		1805	256	144	pe,che,zhe,keheh,gaf,farsi-yeh	31	9	1	0	liga,calt,init,medi,fina,rlig,salt,ccmp	kern,mark,mkmk	ttf	glyf	589712	no	SIL Global	SIL Global	SIL	https://openfontlicense.org/	
